customer_id,age,gender,region,plan_type,tenure_months,data_used_gb,call_minutes,calls_made,sms_count,revenue_inr,complaints_6m,network_issues,customer_service_calls,payment_delay,roaming_usage,international_calls,device_age_months,satisfaction_score,contract_type,auto_payment,churn
1001,56,Male,Kolkata,Prepaid,26,48.94,617,15,330,900.3,3,1,5,5,95,18,1,6,Two-Year,1,0
1002,69,Female,Chennai,Postpaid,59,55.45,302,45,10,373.67,1,2,6,5,57,14,48,1,Monthly,1,0
1003,46,Male,Delhi,Postpaid,33,49.69,155,118,291,694.66,6,4,9,1,2,44,16,4,Two-Year,0,0
1004,32,Male,Mumbai,Postpaid,41,56.98,413,96,147,351.14,6,4,9,1,29,6,43,6,Monthly,0,1
1005,60,Female,Mumbai,Postpaid,30,71.84,823,79,318,786.48,6,2,7,3,18,42,24,2,Two-Year,0,0
1006,25,Male,Mumbai,Postpaid,57,11.85,11,71,79,208.47,7,4,2,3,9,39,36,8,Annual,1,1
1007,38,Male,Kolkata,Prepaid,49,75.21,128,9,190,786.49,3,2,3,0,88,15,11,4,Two-Year,1,0
1008,56,Female,Chennai,Postpaid,48,14.45,864,120,452,495.76,3,1,9,0,45,23,26,2,Two-Year,1,0
1009,36,Male,Mumbai,Postpaid,72,7.6,615,122,343,869.99,0,4,3,5,18,22,6,1,Annual,1,1
1010,40,Female,Mumbai,Postpaid,49,97.63,200,15,29,765.04,6,1,1,2,57,10,26,8,Two-Year,0,0
1011,28,Female,Delhi,Prepaid,47,95.74,12,48,413,438.87,0,3,6,0,84,23,29,10,Two-Year,0,0
1012,28,Female,Delhi,Postpaid,56,6.98,951,81,358,913.19,3,3,3,5,5,4,43,1,Two-Year,1,0
1013,41,Female,Chennai,Postpaid,65,44.88,496,122,367,355.0,4,3,3,3,50,38,58,7,Annual,1,0
1014,53,Female,Chennai,Postpaid,12,19.44,632,120,494,970.29,4,3,7,3,13,47,1,7,Two-Year,1,0
1015,57,Male,Bangalore,Prepaid,69,49.05,186,71,228,790.48,5,4,5,0,57,29,9,6,Monthly,0,0
1016,41,Male,Delhi,Prepaid,6,83.19,266,17,480,991.61,3,2,5,2,7,15,27,8,Monthly,1,0
1017,20,Female,Bangalore,Postpaid,65,95.11,882,96,83,148.51,6,4,8,5,1,19,7,10,Monthly,1,0
1018,39,Female,Kolkata,Prepaid,25,63.79,543,15,149,346.63,7,5,3,3,17,28,53,1,Monthly,1,0
1019,19,Male,Bangalore,Postpaid,1,36.04,486,143,360,767.14,4,4,8,5,85,16,54,1,Annual,1,1
1020,41,Female,Mumbai,Prepaid,32,60.73,407,89,188,930.02,7,1,0,2,56,18,3,1,Two-Year,1,0
1021,61,Female,Bangalore,Postpaid,3,31.89,505,89,20,125.89,7,2,8,3,93,25,9,6,Monthly,0,0
1022,47,Female,Chennai,Prepaid,49,91.07,229,139,36,100.01,5,0,0,5,99,14,2,7,Two-Year,1,1
1023,55,Male,Kolkata,Postpaid,19,87.17,990,21,245,330.62,5,0,6,2,91,24,10,10,Two-Year,1,0
1024,19,Male,Mumbai,Postpaid,60,56.26,182,52,282,867.5,3,2,5,2,34,14,17,9,Annual,0,1
1025,38,Female,Bangalore,Prepaid,29,33.16,745,146,101,790.44,5,0,6,2,65,19,31,10,Two-Year,1,0
1026,50,Female,Kolkata,Postpaid,50,30.05,399,101,418,406.25,0,2,8,0,55,29,1,5,Monthly,1,0
1027,29,Male,Kolkata,Postpaid,2,4.31,511,79,293,101.81,0,1,9,1,99,20,58,1,Monthly,1,0
1028,39,Male,Mumbai,Postpaid,56,81.77,586,141,231,599.24,0,1,3,5,81,46,18,9,Annual,0,0
1029,61,Female,Bangalore,Postpaid,17,45.59,798,81,315,314.16,1,4,8,2,42,34,6,5,Monthly,1,0
1030,42,Female,Kolkata,Prepaid,60,33.19,770,132,325,771.05,7,0,2,5,72,43,38,6,Monthly,0,1
1031,66,Male,Kolkata,Postpaid,36,47.64,269,41,287,501.71,0,2,9,2,91,5,41,9,Annual,0,0
1032,44,Male,Delhi,Prepaid,61,82.06,140,34,335,710.74,6,1,8,5,71,36,42,2,Annual,1,0
1033,59,Male,Kolkata,Prepaid,17,13.34,122,51,475,867.08,0,4,0,3,7,10,47,3,Monthly,0,0
1034,45,Female,Delhi,Prepaid,49,85.91,807,139,463,582.18,3,0,4,5,4,22,4,7,Annual,1,0
1035,33,Male,Bangalore,Prepaid,60,89.85,808,146,410,402.36,4,0,9,1,12,43,40,3,Annual,0,0
1036,32,Female,Bangalore,Postpaid,20,94.72,939,52,244,792.59,6,0,4,3,6,38,4,2,Monthly,0,0
1037,64,Male,Bangalore,Postpaid,50,40.35,732,138,386,338.67,4,1,0,3,20,8,35,7,Monthly,0,0
1038,68,Male,Chennai,Prepaid,3,22.5,29,38,176,902.37,0,1,0,2,92,17,4,8,Annual,1,0
1039,61,Male,Bangalore,Postpaid,43,37.99,224,105,212,164.28,7,0,2,4,36,45,1,9,Two-Year,1,0
1040,69,Male,Kolkata,Prepaid,57,33.96,319,50,357,851.92,0,1,8,1,44,35,41,2,Two-Year,0,0
1041,20,Female,Mumbai,Postpaid,50,18.44,260,74,101,182.4,0,0,6,3,51,39,43,2,Monthly,1,1
1042,54,Female,Delhi,Postpaid,68,61.12,497,140,285,150.52,5,3,5,4,47,47,31,7,Monthly,0,0
1043,68,Male,Chennai,Postpaid,50,48.19,391,28,21,426.93,3,1,8,4,61,35,53,4,Two-Year,1,0
1044,24,Female,Bangalore,Prepaid,37,86.7,418,71,18,960.89,3,2,3,3,77,27,55,5,Annual,0,0
1045,38,Male,Bangalore,Prepaid,46,4.18,280,8,286,985.14,7,1,3,2,50,18,19,1,Two-Year,1,0
1046,26,Male,Mumbai,Postpaid,42,64.74,943,5,275,281.86,3,0,2,0,3,29,21,6,Two-Year,0,0
1047,56,Male,Mumbai,Prepaid,15,76.53,416,38,494,233.77,4,2,4,3,85,37,58,10,Monthly,1,1
1048,35,Male,Chennai,Prepaid,33,76.19,701,113,146,417.66,6,4,4,2,55,14,30,8,Annual,1,1
1049,21,Female,Delhi,Postpaid,11,88.72,203,13,385,403.38,6,2,9,1,74,43,52,1,Two-Year,1,0
1050,42,Male,Bangalore,Prepaid,20,73.17,450,67,39,783.63,1,2,6,2,33,11,7,2,Annual,1,0
1051,31,Male,Chennai,Postpaid,24,92.85,322,14,166,499.6,4,1,6,4,44,1,5,7,Monthly,1,1
1052,67,Female,Kolkata,Postpaid,64,33.93,88,142,90,801.9,3,5,5,1,15,8,2,2,Two-Year,0,1
1053,26,Male,Kolkata,Postpaid,65,50.82,189,48,71,773.84,7,2,3,1,8,34,51,9,Monthly,0,0
1054,43,Male,Chennai,Prepaid,17,2.39,684,122,364,620.48,2,2,6,0,79,0,56,6,Two-Year,1,0
1055,19,Male,Bangalore,Postpaid,61,1.69,723,10,437,850.16,1,0,1,0,15,45,3,5,Annual,1,0
1056,37,Female,Chennai,Postpaid,15,24.77,23,125,282,276.08,0,1,8,3,94,30,15,7,Monthly,0,0
1057,45,Male,Bangalore,Prepaid,51,10.98,868,99,334,245.63,5,0,6,2,30,27,39,10,Annual,1,0
1058,64,Female,Mumbai,Prepaid,27,26.76,255,115,139,775.59,4,1,1,3,12,44,37,8,Two-Year,1,0
1059,24,Male,Chennai,Prepaid,61,18.53,23,109,238,320.32,5,4,9,0,4,36,55,9,Monthly,1,1
1060,61,Male,Bangalore,Prepaid,58,3.82,108,68,77,102.51,1,5,1,4,46,6,10,6,Annual,1,0
1061,25,Female,Chennai,Postpaid,31,91.02,42,144,198,920.76,7,2,5,0,38,45,9,5,Annual,0,0
1062,64,Male,Chennai,Prepaid,12,1.81,445,75,16,660.64,6,1,6,2,17,15,23,7,Two-Year,1,0
1063,52,Male,Bangalore,Prepaid,46,73.87,266,108,217,500.44,7,2,8,4,19,49,14,2,Monthly,0,0
1064,31,Female,Bangalore,Prepaid,31,16.06,43,93,228,753.16,2,2,3,3,1,13,54,8,Annual,0,0
1065,34,Female,Delhi,Prepaid,32,91.31,28,10,339,400.0,1,3,7,3,39,32,45,4,Monthly,0,0
1066,53,Female,Chennai,Postpaid,32,89.39,673,114,137,958.3,4,0,9,0,29,5,33,1,Monthly,0,0
1067,67,Female,Kolkata,Prepaid,53,65.74,269,116,146,161.76,3,5,1,0,9,20,16,3,Monthly,1,0
1068,57,Female,Chennai,Postpaid,61,67.55,685,131,209,676.85,0,1,5,5,63,9,20,9,Monthly,0,0
1069,21,Male,Chennai,Prepaid,46,1.53,598,140,157,799.56,3,4,3,3,41,31,8,4,Two-Year,1,0
1070,19,Female,Bangalore,Postpaid,7,98.5,835,67,413,522.21,3,5,7,3,74,5,49,10,Annual,1,0
1071,23,Male,Chennai,Postpaid,4,87.91,425,145,152,779.47,7,3,8,1,52,1,38,10,Monthly,0,1
1072,59,Male,Chennai,Prepaid,52,89.62,146,22,343,934.22,4,0,1,2,92,38,34,3,Annual,0,0
1073,21,Male,Kolkata,Postpaid,31,66.27,368,81,329,769.59,3,4,6,1,52,48,31,4,Annual,1,0
1074,46,Female,Bangalore,Prepaid,36,35.13,729,146,382,378.43,7,4,6,1,39,26,45,3,Annual,1,1
1075,35,Female,Chennai,Postpaid,54,89.47,763,143,449,605.66,3,2,7,3,15,13,57,3,Two-Year,0,0
1076,43,Male,Mumbai,Postpaid,54,29.86,588,107,357,920.44,4,0,4,5,47,22,8,2,Monthly,0,0
1077,61,Female,Delhi,Postpaid,17,56.71,125,121,351,504.19,7,3,2,2,60,38,25,6,Monthly,1,1
1078,51,Female,Kolkata,Prepaid,30,10.87,413,21,162,713.53,4,1,0,3,91,20,41,10,Annual,0,1
1079,27,Female,Chennai,Postpaid,22,92.27,211,18,306,518.96,2,1,3,1,80,40,13,6,Annual,0,0
1080,53,Female,Mumbai,Prepaid,43,14.94,385,61,100,209.21,3,3,2,1,37,29,18,10,Two-Year,1,1
1081,31,Male,Chennai,Postpaid,27,23.26,259,97,326,152.74,1,2,1,3,43,24,50,4,Two-Year,1,0
1082,48,Male,Chennai,Postpaid,37,56.26,455,138,326,957.05,6,2,5,0,14,23,41,8,Annual,1,1
1083,65,Female,Bangalore,Postpaid,46,76.65,963,118,154,651.29,0,4,6,0,94,10,34,6,Monthly,1,0
1084,32,Male,Bangalore,Postpaid,35,62.32,287,136,9,193.43,5,0,9,3,60,34,36,8,Two-Year,1,0
1085,25,Female,Bangalore,Postpaid,4,23.98,121,143,352,871.69,0,4,6,4,6,3,50,6,Monthly,1,0
1086,31,Female,Mumbai,Postpaid,26,1.09,972,113,426,570.42,4,1,7,4,29,36,17,9,Two-Year,0,1
1087,40,Male,Chennai,Prepaid,19,75.96,852,123,182,794.74,7,3,1,0,35,35,12,3,Monthly,1,1
1088,57,Male,Delhi,Prepaid,45,98.54,482,96,454,214.08,5,0,9,2,89,12,16,3,Annual,1,1
1089,38,Male,Kolkata,Prepaid,26,81.18,755,15,133,916.22,4,3,5,5,10,8,13,2,Two-Year,1,0
1090,33,Female,Bangalore,Postpaid,22,46.56,697,103,5,631.48,6,0,5,1,69,27,11,10,Annual,0,0
1091,62,Male,Bangalore,Prepaid,58,90.47,401,12,332,764.43,7,5,9,2,28,45,14,6,Two-Year,0,0
1092,35,Female,Chennai,Postpaid,63,41.57,978,118,431,128.24,6,1,0,0,91,15,42,7,Annual,1,0
1093,64,Male,Chennai,Prepaid,28,52.97,152,69,332,383.77,2,1,1,3,78,5,55,7,Two-Year,1,0
1094,41,Male,Mumbai,Prepaid,65,48.24,41,97,257,340.7,3,5,8,4,92,26,28,5,Two-Year,0,0
1095,43,Female,Mumbai,Postpaid,44,45.31,190,108,210,954.64,4,0,7,0,5,9,59,6,Two-Year,0,1
1096,42,Female,Bangalore,Postpaid,43,77.74,588,103,50,266.8,6,2,3,2,75,22,53,7,Monthly,1,0
1097,62,Female,Chennai,Prepaid,37,53.15,525,88,444,736.35,4,0,5,2,50,20,51,2,Monthly,0,0
1098,58,Female,Delhi,Prepaid,66,32.35,807,77,146,138.48,0,1,1,5,79,25,24,10,Two-Year,0,1
1099,46,Female,Kolkata,Prepaid,17,26.56,278,149,497,277.92,3,3,4,0,37,44,53,7,Annual,0,0
1100,32,Female,Chennai,Prepaid,40,4.74,245,63,376,404.74,2,4,1,1,72,2,17,1,Annual,1,0
1101,62,Female,Chennai,Postpaid,38,58.74,286,35,127,815.06,6,3,4,2,21,42,9,6,Two-Year,0,0
1102,18,Female,Mumbai,Prepaid,61,23.77,562,68,485,810.98,7,1,6,1,96,34,46,8,Monthly,0,1
1103,42,Male,Kolkata,Postpaid,9,15.67,642,52,257,957.34,4,3,6,1,89,6,30,1,Monthly,1,0
1104,24,Female,Bangalore,Postpaid,61,65.73,284,27,50,925.09,4,2,8,3,53,26,37,1,Monthly,0,0
1105,26,Female,Chennai,Prepaid,16,68.44,752,59,153,173.36,7,2,2,0,39,41,3,6,Monthly,0,0
1106,41,Male,Bangalore,Postpaid,2,75.46,825,11,69,846.88,4,0,3,0,6,32,54,5,Annual,0,1
1107,18,Female,Chennai,Prepaid,72,50.85,95,116,275,506.06,0,3,8,1,95,3,8,3,Two-Year,1,0
1108,61,Male,Bangalore,Postpaid,43,89.51,72,110,278,879.3,6,3,7,3,39,25,18,10,Two-Year,1,0
1109,25,Male,Kolkata,Postpaid,42,93.7,413,102,309,180.36,4,1,6,2,23,7,59,10,Two-Year,1,0
1110,41,Female,Mumbai,Prepaid,57,80.93,201,16,398,840.49,4,0,7,2,40,19,30,7,Annual,0,0
1111,28,Male,Kolkata,Postpaid,67,63.92,302,64,133,243.68,0,0,8,0,50,16,3,7,Monthly,0,0
1112,68,Female,Delhi,Postpaid,30,31.07,40,56,219,400.46,4,3,3,1,38,4,55,7,Monthly,0,0
1113,34,Male,Mumbai,Prepaid,13,98.31,339,144,162,125.96,7,4,4,3,82,48,34,6,Annual,1,0
1114,25,Male,Kolkata,Postpaid,19,28.14,667,145,458,211.36,3,3,8,3,42,8,59,4,Annual,1,1
1115,52,Male,Delhi,Postpaid,7,21.06,116,76,135,501.15,3,3,6,2,68,7,43,9,Two-Year,0,0
1116,52,Female,Chennai,Prepaid,9,44.77,880,129,56,836.5,0,3,3,2,93,6,28,9,Two-Year,1,1
1117,50,Female,Chennai,Prepaid,54,6.63,631,64,433,796.3,3,2,5,4,58,36,37,7,Annual,1,0
1118,22,Male,Bangalore,Postpaid,61,97.87,285,35,176,311.77,5,5,0,4,24,35,25,7,Annual,0,0
1119,59,Male,Mumbai,Postpaid,2,59.25,731,81,114,236.52,5,0,0,1,93,2,30,8,Annual,0,0
1120,56,Female,Chennai,Postpaid,50,56.14,660,80,498,450.34,5,5,8,4,24,7,7,5,Monthly,1,0
1121,58,Female,Mumbai,Prepaid,31,65.92,607,65,471,894.94,2,2,7,3,72,4,46,9,Two-Year,1,1
1122,45,Male,Chennai,Postpaid,33,50.21,565,6,148,182.28,4,4,0,4,90,4,29,6,Annual,1,0
1123,24,Male,Bangalore,Postpaid,11,4.17,91,125,240,588.62,2,1,1,0,23,16,51,7,Annual,0,0
1124,26,Female,Kolkata,Postpaid,33,61.62,73,63,122,179.93,3,4,3,0,61,46,2,7,Monthly,1,1
1125,25,Female,Bangalore,Postpaid,7,71.9,899,44,291,523.19,0,0,0,5,42,26,26,9,Annual,0,0
1126,29,Female,Delhi,Postpaid,31,42.26,939,36,326,214.11,5,1,1,2,58,39,41,7,Two-Year,1,1
1127,51,Female,Chennai,Postpaid,48,75.97,864,42,68,172.3,0,5,4,2,53,38,57,3,Monthly,1,0
1128,50,Female,Delhi,Prepaid,47,23.47,842,96,313,271.76,2,4,7,1,78,48,57,6,Annual,0,1
1129,65,Male,Delhi,Prepaid,53,22.91,576,92,62,329.73,7,0,5,0,25,11,42,6,Two-Year,0,1
1130,40,Female,Mumbai,Postpaid,19,16.98,595,145,220,348.64,3,4,5,5,53,27,51,7,Two-Year,1,0
1131,41,Male,Chennai,Postpaid,6,37.83,894,89,15,680.74,6,1,3,1,60,3,49,6,Monthly,1,0
1132,54,Female,Delhi,Prepaid,49,84.85,138,80,389,149.48,4,1,1,1,93,27,57,4,Two-Year,0,1
1133,52,Male,Kolkata,Prepaid,50,82.96,265,132,77,172.73,6,4,2,4,74,24,7,6,Monthly,1,0
1134,61,Female,Delhi,Prepaid,12,38.9,943,17,121,269.84,3,2,5,2,92,49,18,3,Two-Year,0,0
1135,57,Female,Kolkata,Postpaid,23,59.32,240,43,435,884.86,5,4,5,1,78,35,6,1,Annual,0,1
1136,39,Male,Mumbai,Postpaid,54,72.36,506,27,257,665.74,7,5,4,1,43,41,59,1,Monthly,1,0
1137,44,Male,Delhi,Postpaid,69,24.88,146,114,216,757.33,3,4,5,2,8,2,41,5,Two-Year,0,0
1138,52,Female,Bangalore,Postpaid,59,17.65,872,111,478,433.33,0,4,5,2,41,30,40,8,Monthly,0,0
1139,18,Female,Mumbai,Prepaid,36,97.24,464,96,113,291.9,1,2,0,0,28,36,27,3,Two-Year,1,0
1140,52,Female,Kolkata,Prepaid,3,62.14,922,146,369,134.17,7,3,5,2,78,11,54,2,Monthly,1,1
1141,54,Female,Mumbai,Prepaid,58,98.16,364,149,460,539.68,5,1,4,4,80,36,54,8,Annual,1,0
1142,64,Female,Delhi,Prepaid,55,34.44,633,28,379,616.85,6,5,7,0,79,36,56,9,Monthly,1,1
1143,31,Male,Chennai,Postpaid,57,70.6,494,38,145,907.3,4,0,8,5,57,3,41,9,Monthly,1,0
1144,20,Male,Chennai,Postpaid,17,23.04,829,116,464,893.88,5,1,5,1,85,29,24,2,Annual,1,1
1145,18,Female,Kolkata,Prepaid,39,26.86,155,142,236,482.22,5,1,9,4,62,37,33,8,Two-Year,1,0
1146,22,Male,Kolkata,Prepaid,68,51.68,968,122,475,481.22,4,3,3,4,48,41,31,2,Annual,1,0
1147,43,Male,Chennai,Prepaid,55,32.64,42,11,459,245.01,6,1,2,0,10,37,34,7,Monthly,1,0
1148,31,Male,Kolkata,Prepaid,45,17.59,269,94,418,331.7,5,1,9,1,88,26,22,8,Annual,0,0
1149,56,Female,Mumbai,Prepaid,1,27.03,96,17,85,933.1,0,2,0,0,53,21,24,1,Annual,1,0
1150,44,Male,Bangalore,Postpaid,21,4.54,852,84,166,226.93,3,2,6,3,29,0,36,8,Monthly,0,0
1151,26,Female,Bangalore,Postpaid,21,70.74,957,34,128,971.83,0,2,4,3,65,47,28,3,Monthly,1,0
1152,32,Male,Mumbai,Prepaid,52,49.72,274,137,164,554.26,3,2,3,0,64,42,20,1,Annual,1,0
1153,32,Female,Bangalore,Prepaid,43,10.33,841,20,276,510.95,1,2,8,1,57,37,18,7,Monthly,0,0
1154,43,Male,Delhi,Prepaid,52,18.0,551,44,256,257.17,5,5,6,1,56,19,42,10,Two-Year,0,0
1155,59,Female,Mumbai,Postpaid,67,11.15,401,41,131,695.39,1,0,9,2,36,17,32,3,Two-Year,0,0
1156,30,Female,Kolkata,Postpaid,44,61.65,241,82,479,513.86,2,3,7,4,53,5,33,8,Two-Year,0,0
1157,68,Male,Mumbai,Postpaid,32,10.33,910,20,57,433.6,6,4,3,0,72,48,10,9,Two-Year,1,1
1158,49,Female,Chennai,Prepaid,10,75.67,597,47,256,338.06,3,5,9,4,68,11,9,2,Annual,1,0
1159,56,Female,Kolkata,Postpaid,64,3.03,456,67,140,159.84,0,2,9,4,23,16,55,1,Annual,1,1
1160,66,Female,Chennai,Prepaid,69,25.69,138,19,173,567.4,7,3,7,3,62,21,25,8,Annual,1,0
1161,69,Female,Kolkata,Postpaid,68,89.18,280,141,174,381.62,0,4,3,3,90,17,13,10,Monthly,1,1
1162,49,Female,Bangalore,Postpaid,28,72.13,98,69,208,737.08,5,1,0,5,93,9,47,6,Annual,1,0
1163,21,Female,Mumbai,Postpaid,53,8.22,475,48,203,751.17,0,5,7,0,50,23,50,10,Annual,0,0
1164,47,Female,Delhi,Prepaid,51,82.29,943,24,6,398.9,2,1,0,5,14,19,58,1,Monthly,1,0
1165,54,Female,Kolkata,Prepaid,53,49.81,179,123,50,702.21,4,3,2,0,46,11,45,3,Monthly,0,1
1166,40,Male,Kolkata,Postpaid,4,84.83,137,116,258,332.81,0,0,6,1,72,3,5,9,Monthly,1,0
1167,56,Male,Chennai,Prepaid,17,60.47,183,127,177,754.46,5,0,2,0,45,41,31,9,Two-Year,1,0
1168,62,Female,Bangalore,Prepaid,67,68.5,958,84,409,114.47,1,3,7,1,29,4,31,6,Annual,0,0
1169,32,Female,Chennai,Prepaid,47,99.36,35,104,30,236.45,6,0,4,1,78,25,34,3,Annual,1,0
1170,60,Male,Chennai,Prepaid,56,24.0,582,10,355,320.51,0,0,2,0,19,35,26,8,Annual,1,0
1171,46,Male,Bangalore,Prepaid,23,62.77,520,87,317,795.64,0,1,4,1,56,15,7,6,Monthly,0,0
1172,53,Male,Delhi,Prepaid,18,46.57,497,35,153,159.74,0,0,4,4,48,4,41,1,Annual,0,0
1173,30,Female,Chennai,Prepaid,1,4.91,900,70,450,269.25,5,0,7,1,55,25,51,6,Two-Year,1,0
1174,49,Male,Chennai,Postpaid,35,2.43,588,22,363,422.76,6,3,8,4,55,18,46,5,Annual,0,0
1175,24,Female,Kolkata,Prepaid,64,12.8,959,32,54,108.26,4,0,5,4,24,5,49,8,Annual,0,0
1176,68,Female,Bangalore,Prepaid,58,65.26,415,72,155,785.91,0,5,9,4,8,23,52,2,Monthly,0,0
1177,39,Male,Mumbai,Postpaid,59,57.15,35,118,43,604.09,4,2,2,2,21,30,20,7,Two-Year,1,1
1178,45,Female,Delhi,Postpaid,1,55.79,92,62,80,910.61,4,2,1,5,76,30,43,6,Annual,0,0
1179,19,Female,Delhi,Postpaid,3,4.15,373,133,165,127.93,6,3,2,2,36,6,22,1,Monthly,1,1
1180,59,Female,Bangalore,Postpaid,67,47.46,376,43,494,344.25,6,2,8,1,27,9,5,8,Two-Year,0,0
1181,62,Female,Kolkata,Prepaid,37,92.54,69,110,29,758.13,2,1,6,5,13,38,12,6,Two-Year,0,0
1182,23,Male,Kolkata,Postpaid,29,40.36,560,5,321,707.63,1,5,8,5,29,21,21,3,Monthly,0,0
1183,45,Male,Bangalore,Postpaid,33,62.87,644,79,135,318.75,0,5,5,5,38,13,9,5,Monthly,0,0
1184,45,Female,Kolkata,Prepaid,61,78.2,301,92,13,636.12,0,3,7,0,56,27,29,7,Monthly,1,0
1185,61,Female,Delhi,Prepaid,4,78.61,798,146,356,814.38,0,0,9,1,4,41,27,9,Monthly,1,0
1186,61,Male,Delhi,Prepaid,14,52.41,946,64,482,130.04,4,2,8,2,11,21,17,4,Monthly,1,0
1187,37,Female,Mumbai,Postpaid,33,85.94,895,134,105,745.87,7,1,2,5,34,31,40,2,Monthly,0,1
1188,47,Male,Bangalore,Prepaid,22,39.75,825,114,358,326.89,6,3,6,5,40,10,24,3,Annual,0,0
1189,28,Female,Chennai,Postpaid,48,88.98,803,23,317,953.07,3,3,8,3,62,13,27,7,Monthly,0,0
1190,45,Female,Chennai,Prepaid,3,24.78,200,66,74,584.4,7,0,1,5,41,30,8,8,Monthly,1,0
1191,42,Male,Mumbai,Prepaid,23,28.74,470,75,446,130.05,1,4,6,5,64,43,44,5,Two-Year,0,0
1192,56,Male,Mumbai,Postpaid,68,6.26,813,115,78,463.09,5,2,4,3,64,3,29,3,Two-Year,0,0
1193,50,Male,Kolkata,Prepaid,21,79.76,673,137,193,969.68,0,1,7,1,42,44,19,1,Two-Year,1,0
1194,18,Male,Mumbai,Prepaid,43,42.29,905,76,484,757.34,3,3,3,2,59,21,10,10,Monthly,0,0
1195,44,Female,Mumbai,Prepaid,26,23.68,242,82,362,370.43,3,2,0,4,19,28,24,1,Monthly,1,0
1196,69,Male,Chennai,Prepaid,41,23.95,483,104,95,617.74,6,1,9,2,97,34,34,2,Annual,1,0
1197,30,Female,Kolkata,Prepaid,38,90.24,414,75,39,639.19,3,5,7,1,97,12,56,5,Annual,1,1
1198,58,Male,Mumbai,Postpaid,11,83.56,667,11,255,121.01,1,5,5,2,62,19,40,3,Annual,0,0
1199,20,Male,Mumbai,Postpaid,29,55.8,280,54,396,260.95,3,1,7,3,23,18,31,7,Annual,0,0
1200,56,Female,Kolkata,Prepaid,60,61.99,856,50,106,596.6,5,5,2,5,91,14,46,2,Monthly,0,0
1201,23,Male,Bangalore,Postpaid,67,47.96,143,76,16,462.48,0,3,7,5,74,25,51,2,Two-Year,1,0
1202,25,Male,Kolkata,Postpaid,65,39.77,180,80,14,271.03,5,2,7,4,71,19,4,3,Monthly,0,1
1203,44,Male,Chennai,Postpaid,61,91.63,424,78,416,795.4,0,1,0,1,34,35,41,1,Monthly,1,0
1204,26,Male,Bangalore,Prepaid,19,13.44,37,146,498,540.1,2,3,3,5,40,5,45,2,Monthly,1,0
1205,54,Female,Delhi,Prepaid,46,42.43,145,77,271,378.98,4,2,6,1,15,14,31,5,Monthly,0,0
1206,50,Female,Kolkata,Prepaid,49,35.11,934,106,498,245.51,3,2,0,0,79,3,9,3,Two-Year,0,0
1207,68,Male,Chennai,Postpaid,22,50.32,414,98,12,650.05,5,3,2,4,5,5,26,10,Two-Year,1,1
1208,59,Male,Bangalore,Postpaid,57,46.31,986,73,246,699.64,4,2,2,1,19,1,13,6,Annual,1,0
1209,61,Male,Kolkata,Prepaid,14,52.37,897,69,213,702.64,4,4,5,2,55,35,57,2,Monthly,0,0
1210,41,Female,Mumbai,Prepaid,44,14.85,514,66,150,298.26,4,1,4,2,74,49,48,8,Annual,0,1
1211,32,Female,Kolkata,Postpaid,16,51.8,250,24,291,635.8,4,1,6,2,7,14,26,4,Two-Year,1,0
1212,49,Female,Delhi,Postpaid,12,25.0,865,48,42,914.87,4,2,2,2,83,11,54,3,Two-Year,1,0
1213,49,Female,Kolkata,Prepaid,55,19.25,963,66,433,417.87,0,3,0,1,95,39,1,5,Annual,0,0
1214,41,Male,Bangalore,Postpaid,51,7.42,453,111,113,289.69,1,0,2,3,96,43,40,8,Two-Year,1,0
1215,58,Male,Bangalore,Postpaid,39,76.5,443,129,329,794.93,3,5,7,4,5,40,9,9,Two-Year,0,0
1216,69,Male,Kolkata,Postpaid,33,43.32,237,49,80,259.19,3,2,4,2,91,6,31,1,Monthly,0,0
1217,66,Female,Bangalore,Postpaid,33,63.04,518,15,349,328.37,0,0,2,1,7,21,24,4,Monthly,1,0
1218,66,Male,Mumbai,Postpaid,29,73.03,808,92,140,190.58,5,2,7,5,61,7,45,6,Two-Year,1,1
1219,69,Female,Kolkata,Postpaid,69,68.25,312,50,29,341.09,0,0,5,5,13,41,49,6,Two-Year,0,0
1220,29,Female,Mumbai,Postpaid,70,47.58,43,116,440,469.3,6,2,2,1,2,10,22,9,Annual,1,0
1221,56,Male,Mumbai,Prepaid,31,39.4,11,85,493,157.74,7,3,4,2,1,1,57,1,Annual,0,1
1222,19,Male,Chennai,Prepaid,31,38.22,371,36,29,884.54,4,5,0,0,21,29,9,5,Two-Year,1,0
1223,20,Male,Kolkata,Postpaid,46,64.36,204,102,454,562.31,1,0,5,1,96,3,39,10,Monthly,1,0
1224,66,Female,Bangalore,Postpaid,52,49.98,615,9,265,629.29,3,4,8,4,84,24,23,1,Monthly,1,1
1225,54,Female,Mumbai,Postpaid,10,85.06,849,33,98,434.16,5,3,6,4,69,20,20,6,Annual,1,0
1226,66,Male,Chennai,Prepaid,41,87.6,317,52,449,702.85,2,5,7,0,70,24,55,9,Monthly,0,0
1227,34,Male,Kolkata,Prepaid,3,17.89,656,20,93,488.6,0,2,5,5,5,8,42,4,Monthly,0,0
1228,66,Female,Kolkata,Postpaid,59,14.49,725,76,210,785.18,2,0,4,5,49,7,21,10,Annual,0,0
1229,19,Male,Delhi,Prepaid,52,63.41,259,33,294,839.26,3,5,5,1,43,4,27,10,Annual,1,0
1230,19,Female,Delhi,Postpaid,34,30.82,156,50,36,704.66,0,1,6,0,7,45,58,9,Monthly,0,1
1231,45,Female,Mumbai,Postpaid,49,2.84,355,27,386,542.2,3,3,8,1,23,27,5,3,Annual,1,0
1232,40,Male,Delhi,Postpaid,28,88.98,357,98,88,804.04,0,0,7,1,26,1,17,7,Two-Year,1,0
1233,54,Male,Mumbai,Postpaid,13,23.46,263,118,417,544.86,5,3,4,0,52,20,34,5,Annual,0,0
1234,49,Male,Bangalore,Postpaid,69,93.0,408,38,254,200.36,3,0,6,5,50,48,9,10,Two-Year,0,0
1235,50,Male,Mumbai,Postpaid,67,72.03,343,121,213,204.71,6,1,7,3,27,7,34,1,Two-Year,1,0
1236,18,Female,Delhi,Postpaid,61,76.5,185,33,421,953.72,2,4,0,2,58,33,10,7,Two-Year,1,1
1237,36,Female,Bangalore,Prepaid,60,20.94,134,13,13,292.21,1,1,7,2,68,22,59,8,Annual,1,0
1238,19,Female,Delhi,Postpaid,71,24.19,772,43,191,834.33,5,2,6,2,82,14,44,6,Annual,1,0
1239,61,Male,Mumbai,Prepaid,24,52.61,407,139,294,322.03,6,3,1,0,72,26,2,1,Annual,1,1
1240,43,Female,Chennai,Postpaid,63,18.04,140,114,181,487.7,5,4,1,1,24,1,47,9,Two-Year,1,0
1241,49,Male,Kolkata,Postpaid,61,31.24,571,73,129,689.45,0,3,5,1,43,27,25,7,Annual,0,0
1242,23,Male,Delhi,Prepaid,23,32.82,614,140,223,242.98,2,5,2,4,46,10,3,6,Monthly,0,0
1243,49,Male,Mumbai,Prepaid,30,16.8,901,100,42,763.52,3,0,0,1,12,45,34,4,Monthly,1,0
1244,21,Male,Bangalore,Postpaid,60,21.31,831,123,180,720.92,2,2,7,5,52,20,7,3,Annual,0,0
1245,28,Male,Delhi,Prepaid,18,79.07,911,122,386,588.77,5,2,6,3,52,41,28,4,Two-Year,0,0
1246,34,Male,Delhi,Postpaid,56,17.55,954,22,168,609.3,0,3,3,2,36,31,9,1,Annual,0,0
1247,55,Female,Kolkata,Postpaid,53,3.82,416,106,263,195.19,7,2,0,5,62,31,11,9,Monthly,0,0
1248,41,Male,Mumbai,Prepaid,7,63.31,741,114,473,492.35,2,3,1,5,65,6,29,2,Two-Year,0,0
1249,22,Female,Chennai,Prepaid,69,97.62,855,86,95,177.91,6,0,8,3,39,21,54,2,Annual,0,0
1250,69,Female,Bangalore,Prepaid,72,33.79,343,109,202,377.08,3,0,3,2,77,13,16,3,Annual,0,1
1251,51,Male,Mumbai,Prepaid,52,12.75,29,20,497,910.28,4,3,2,0,60,12,39,1,Two-Year,0,0
1252,23,Male,Bangalore,Postpaid,4,57.47,214,25,446,617.08,5,1,7,3,94,20,29,10,Two-Year,1,0
1253,39,Male,Delhi,Prepaid,34,90.73,612,142,320,768.43,1,1,3,5,5,21,13,3,Monthly,0,0
1254,28,Female,Kolkata,Prepaid,69,78.62,965,110,334,616.5,1,0,6,1,24,33,35,4,Annual,1,0
1255,65,Male,Kolkata,Prepaid,33,62.63,364,136,387,274.81,5,4,4,2,45,9,11,9,Monthly,0,0
1256,33,Female,Chennai,Prepaid,69,32.19,182,48,67,635.33,7,1,4,4,30,0,35,5,Monthly,1,0
1257,50,Male,Kolkata,Prepaid,38,54.65,198,127,91,779.85,4,3,5,3,79,0,47,6,Two-Year,1,0
1258,26,Male,Delhi,Postpaid,26,10.03,833,140,265,224.56,0,0,3,5,62,23,8,1,Annual,0,0
1259,23,Female,Chennai,Postpaid,1,68.22,11,115,330,835.22,2,2,1,0,90,2,7,3,Monthly,1,1
1260,33,Female,Mumbai,Prepaid,4,72.78,882,121,177,599.85,2,2,5,5,93,30,5,7,Monthly,0,1
1261,46,Male,Kolkata,Prepaid,39,96.54,950,130,150,103.85,4,1,4,4,67,42,6,7,Two-Year,0,0
1262,20,Female,Chennai,Postpaid,54,26.78,177,23,316,567.8,6,4,2,0,38,40,57,10,Annual,0,1
1263,37,Female,Delhi,Prepaid,33,2.83,377,68,46,456.1,4,5,3,2,79,12,51,1,Annual,0,0
1264,53,Female,Bangalore,Postpaid,33,55.02,545,44,2,366.8,3,1,2,3,35,3,35,9,Monthly,1,1
1265,36,Female,Bangalore,Postpaid,72,70.97,934,55,486,794.13,3,4,2,0,6,22,30,1,Two-Year,0,0
1266,43,Female,Delhi,Prepaid,20,79.25,972,141,102,909.55,1,1,3,4,84,5,11,7,Annual,1,0
1267,20,Male,Delhi,Postpaid,16,20.18,886,60,272,786.39,0,2,1,5,65,33,38,2,Annual,1,0
1268,36,Male,Bangalore,Prepaid,21,26.91,589,85,21,862.1,7,4,3,4,54,40,27,9,Monthly,0,0
1269,37,Female,Chennai,Prepaid,45,51.75,379,147,115,917.9,0,2,9,1,71,17,56,9,Annual,1,0
1270,49,Male,Bangalore,Postpaid,62,33.73,715,74,346,921.37,6,3,1,0,41,35,21,9,Annual,1,0
1271,24,Male,Delhi,Postpaid,31,86.19,605,132,399,203.17,4,3,9,3,26,25,14,4,Annual,1,0
1272,69,Female,Kolkata,Prepaid,42,47.9,959,130,463,510.75,1,0,7,3,1,32,49,6,Annual,0,0
1273,58,Male,Mumbai,Postpaid,12,80.16,446,65,103,100.26,1,2,9,5,69,32,35,2,Monthly,1,0
1274,50,Female,Kolkata,Prepaid,65,58.48,216,84,258,555.82,3,2,4,5,3,24,29,3,Annual,0,0
1275,57,Female,Kolkata,Postpaid,3,77.54,58,125,307,931.82,2,0,6,5,20,16,24,6,Annual,0,0
1276,56,Male,Delhi,Postpaid,9,33.93,553,105,366,279.19,6,3,3,1,0,2,36,1,Two-Year,0,0
1277,35,Female,Bangalore,Prepaid,51,83.31,838,81,416,675.81,0,3,9,4,37,21,41,7,Monthly,0,0
1278,57,Female,Chennai,Prepaid,16,28.18,691,149,297,679.94,6,4,5,5,59,48,45,2,Annual,1,0
1279,18,Female,Kolkata,Prepaid,3,55.06,138,130,129,244.32,1,4,9,0,75,34,32,8,Two-Year,1,0
1280,28,Female,Bangalore,Postpaid,24,22.19,456,26,294,314.67,3,5,3,5,90,3,6,5,Monthly,1,0
1281,45,Female,Chennai,Prepaid,13,48.08,623,87,301,515.82,3,3,5,4,13,27,10,7,Annual,0,0
1282,42,Male,Kolkata,Prepaid,2,32.5,44,145,47,269.39,3,5,0,0,78,12,20,8,Two-Year,0,0
1283,67,Male,Chennai,Postpaid,71,27.4,828,82,26,626.49,6,1,5,0,87,29,20,3,Monthly,0,0
1284,40,Female,Bangalore,Postpaid,21,96.73,208,99,14,536.09,2,2,5,0,81,46,26,6,Annual,1,1
1285,48,Female,Mumbai,Prepaid,19,16.85,822,113,262,567.28,1,4,1,4,16,11,21,9,Two-Year,0,1
1286,47,Male,Bangalore,Prepaid,47,78.95,86,114,364,221.02,4,1,9,5,72,2,45,4,Monthly,1,0
1287,59,Female,Delhi,Prepaid,22,98.43,378,56,440,565.53,4,4,9,4,46,20,23,10,Two-Year,1,1
1288,52,Male,Chennai,Prepaid,33,2.97,842,107,297,144.53,3,0,8,4,81,39,46,7,Two-Year,0,0
1289,24,Female,Mumbai,Postpaid,32,70.2,535,105,264,893.38,3,2,5,2,55,0,12,1,Annual,0,0
1290,33,Female,Chennai,Postpaid,64,26.04,358,146,360,408.92,2,5,6,4,52,17,55,7,Two-Year,1,0
1291,43,Female,Chennai,Prepaid,39,5.01,515,67,133,870.7,3,5,1,1,17,12,13,9,Annual,1,0
1292,65,Female,Kolkata,Prepaid,72,40.89,652,32,440,731.49,5,4,1,2,68,6,10,10,Annual,0,1
1293,69,Female,Delhi,Prepaid,42,93.59,247,50,75,789.56,1,3,1,0,47,12,7,8,Two-Year,0,0
1294,66,Female,Chennai,Postpaid,9,2.16,289,32,29,383.09,7,5,9,5,8,16,37,4,Two-Year,0,0
1295,19,Female,Bangalore,Prepaid,25,59.2,586,6,438,304.97,7,0,8,3,53,44,12,3,Two-Year,0,0
1296,18,Male,Bangalore,Prepaid,2,50.64,441,131,339,466.07,3,0,2,5,34,31,25,7,Two-Year,1,1
1297,65,Male,Kolkata,Postpaid,19,87.47,147,21,125,121.8,7,3,3,2,45,28,2,1,Monthly,0,0
1298,29,Male,Delhi,Postpaid,20,9.32,278,63,83,926.88,3,0,0,2,0,44,40,8,Annual,1,0
1299,22,Female,Delhi,Prepaid,70,68.47,749,136,53,448.31,1,2,0,0,40,29,26,1,Two-Year,0,0
1300,54,Female,Bangalore,Prepaid,17,68.33,210,81,365,989.7,0,4,3,4,72,10,40,7,Monthly,0,1
1301,49,Female,Mumbai,Postpaid,68,67.24,151,135,282,785.3,5,0,1,4,31,13,51,6,Two-Year,1,0
1302,26,Female,Kolkata,Prepaid,3,94.29,621,119,339,172.46,5,2,7,2,83,9,5,10,Monthly,0,0
1303,58,Female,Kolkata,Prepaid,51,82.49,659,101,442,694.17,7,3,3,4,76,7,8,8,Annual,1,0
1304,52,Female,Bangalore,Postpaid,26,5.16,689,109,262,343.76,4,4,2,2,39,30,42,6,Two-Year,0,1
1305,36,Female,Bangalore,Postpaid,56,47.64,928,28,423,319.35,3,3,2,5,10,5,45,5,Monthly,1,0
1306,65,Male,Mumbai,Postpaid,64,40.4,620,39,359,330.91,1,4,5,3,61,18,9,9,Monthly,1,0
1307,33,Female,Mumbai,Prepaid,8,31.7,832,6,221,924.47,4,0,5,5,45,18,39,4,Annual,1,0
1308,20,Male,Delhi,Postpaid,37,45.68,840,37,327,549.98,6,0,5,3,47,11,20,7,Two-Year,0,0
1309,37,Male,Kolkata,Postpaid,27,39.04,848,80,1,702.52,7,4,5,0,42,38,52,6,Two-Year,1,0
1310,41,Female,Kolkata,Prepaid,45,43.8,947,90,397,352.85,6,2,7,1,50,49,51,10,Annual,1,0
1311,50,Female,Bangalore,Prepaid,4,97.95,364,142,393,570.66,2,2,7,1,60,17,11,6,Annual,0,0
1312,41,Male,Delhi,Postpaid,37,9.77,587,85,305,415.09,6,2,8,5,41,2,40,5,Annual,1,0
1313,69,Male,Kolkata,Postpaid,71,92.3,856,66,145,389.03,6,1,0,4,25,8,22,2,Monthly,1,1
1314,28,Female,Delhi,Prepaid,33,48.54,338,47,17,322.27,0,5,9,1,10,5,16,4,Monthly,0,0
1315,66,Female,Delhi,Prepaid,31,62.75,568,125,15,468.11,3,5,7,3,24,0,42,1,Annual,0,0
1316,25,Male,Bangalore,Postpaid,55,83.19,858,63,307,694.03,0,5,4,0,39,41,38,9,Two-Year,0,0
1317,53,Female,Delhi,Postpaid,12,36.69,903,13,452,299.84,3,2,2,3,24,39,42,9,Monthly,1,1
1318,55,Female,Mumbai,Prepaid,11,43.61,240,81,435,968.9,3,0,9,2,83,28,10,8,Annual,1,0
1319,57,Female,Mumbai,Postpaid,72,41.54,317,67,158,212.15,3,1,2,4,74,48,25,4,Monthly,1,0
1320,37,Male,Chennai,Prepaid,32,38.1,667,56,484,532.19,0,2,5,4,73,34,59,5,Monthly,0,1
1321,52,Male,Bangalore,Postpaid,57,92.63,728,27,339,176.53,5,0,7,1,51,34,19,1,Annual,0,0
1322,65,Male,Chennai,Prepaid,38,83.06,155,34,406,120.4,2,1,9,2,2,29,4,4,Two-Year,1,0
1323,42,Female,Mumbai,Prepaid,60,11.79,161,25,351,930.41,5,0,1,1,38,34,19,4,Two-Year,1,0
1324,52,Female,Chennai,Postpaid,19,11.7,800,47,297,829.35,1,4,8,1,90,38,3,5,Monthly,0,1
1325,42,Male,Bangalore,Postpaid,56,43.36,149,139,208,724.74,1,0,4,1,34,21,17,2,Two-Year,1,0
1326,46,Male,Bangalore,Prepaid,14,10.77,672,20,445,878.67,6,1,4,2,39,42,14,2,Two-Year,1,0
1327,35,Male,Delhi,Postpaid,33,62.29,30,27,204,822.56,5,2,0,1,94,27,10,2,Annual,0,0
1328,63,Female,Kolkata,Postpaid,10,15.23,263,91,112,682.51,2,5,5,4,84,17,6,8,Annual,1,0
1329,35,Male,Delhi,Postpaid,64,52.71,73,35,177,862.61,6,1,4,1,21,31,31,2,Annual,0,1
1330,19,Male,Bangalore,Prepaid,64,1.71,227,125,460,451.72,2,2,6,2,61,4,31,6,Two-Year,1,1
1331,52,Female,Mumbai,Postpaid,62,32.34,81,73,208,597.48,3,2,6,2,18,33,48,2,Two-Year,1,1
1332,33,Female,Mumbai,Postpaid,68,68.04,999,138,123,798.68,3,3,3,3,13,30,9,8,Annual,1,1
1333,58,Female,Delhi,Prepaid,43,48.92,171,119,14,176.32,1,4,4,1,49,45,53,1,Two-Year,1,0
1334,53,Male,Bangalore,Postpaid,59,97.85,139,63,345,872.78,3,3,9,2,61,32,12,2,Annual,0,0
1335,50,Female,Mumbai,Postpaid,52,87.54,590,81,427,241.15,6,5,7,5,86,3,44,5,Monthly,0,0
1336,21,Female,Bangalore,Prepaid,19,36.55,936,142,475,878.09,3,1,1,1,89,13,46,6,Monthly,1,0
1337,50,Male,Mumbai,Prepaid,21,5.5,234,11,297,380.2,2,3,0,0,42,14,26,9,Two-Year,1,0
1338,31,Female,Bangalore,Postpaid,22,84.72,767,41,44,394.1,0,5,5,4,54,19,2,6,Two-Year,1,0
1339,38,Male,Chennai,Postpaid,9,91.21,589,90,93,166.55,7,2,3,4,39,19,42,8,Two-Year,0,0
1340,65,Male,Bangalore,Prepaid,9,82.24,463,20,106,897.31,5,1,9,5,11,48,4,7,Two-Year,1,0
1341,37,Female,Bangalore,Prepaid,27,13.67,992,120,418,257.06,4,3,2,1,64,34,32,1,Monthly,0,1
1342,25,Female,Delhi,Postpaid,17,99.79,924,122,277,667.04,4,0,6,4,33,3,28,2,Annual,0,0
1343,24,Female,Chennai,Postpaid,44,26.6,393,18,127,679.57,3,5,7,4,82,17,6,4,Monthly,1,0
1344,20,Female,Kolkata,Postpaid,45,72.7,116,143,457,353.04,3,5,3,0,22,23,30,1,Annual,0,0
1345,34,Female,Delhi,Prepaid,8,90.9,630,91,458,987.09,5,4,9,4,70,26,55,8,Two-Year,0,0
1346,50,Female,Kolkata,Postpaid,18,24.33,849,108,37,157.75,4,0,5,4,6,32,28,4,Annual,0,0
1347,65,Male,Mumbai,Prepaid,33,90.92,112,145,96,647.08,2,1,1,2,64,24,13,7,Annual,0,1
1348,29,Male,Kolkata,Prepaid,1,31.64,150,48,197,531.59,7,3,7,4,17,4,55,7,Annual,0,0
1349,68,Female,Bangalore,Prepaid,6,97.66,586,32,191,320.94,4,2,5,1,7,17,46,8,Annual,0,0
1350,39,Male,Kolkata,Postpaid,41,28.84,143,20,356,247.2,4,3,8,4,88,44,36,9,Monthly,0,1
1351,39,Female,Delhi,Postpaid,55,95.39,208,54,6,763.38,6,1,5,1,41,45,10,9,Two-Year,0,0
1352,63,Male,Delhi,Postpaid,5,6.3,889,119,43,924.68,4,1,5,4,92,19,10,7,Two-Year,0,0
1353,47,Male,Kolkata,Prepaid,59,71.22,519,72,331,196.79,3,1,1,1,86,34,5,9,Annual,0,1
1354,55,Male,Delhi,Postpaid,18,53.68,676,96,6,274.58,6,1,4,4,92,5,29,5,Two-Year,0,1
1355,55,Female,Delhi,Prepaid,49,48.31,88,125,193,987.64,3,5,8,5,0,26,36,10,Monthly,1,1
1356,62,Male,Kolkata,Prepaid,65,23.13,957,144,315,113.52,5,3,0,1,78,27,12,4,Annual,0,0
1357,68,Female,Chennai,Prepaid,54,70.85,903,20,0,557.43,4,0,3,4,14,10,58,3,Two-Year,1,0
1358,25,Male,Chennai,Prepaid,61,19.89,491,57,61,564.5,7,2,9,0,27,8,22,6,Two-Year,1,1
1359,44,Male,Mumbai,Prepaid,8,55.73,521,53,342,336.85,3,2,9,2,35,27,59,10,Annual,1,0
1360,44,Male,Delhi,Prepaid,3,26.07,259,66,88,696.73,5,4,2,2,95,18,46,9,Monthly,1,1
1361,51,Male,Kolkata,Postpaid,25,95.61,898,88,17,950.45,4,5,0,2,45,38,39,4,Annual,0,1
1362,38,Male,Delhi,Prepaid,69,3.83,608,60,107,505.19,7,1,0,2,76,20,2,2,Annual,0,0
1363,47,Female,Bangalore,Postpaid,55,20.77,825,124,134,774.48,2,1,0,0,20,30,14,3,Two-Year,0,0
1364,50,Female,Delhi,Prepaid,40,24.99,762,94,370,681.46,3,1,0,5,48,41,10,3,Two-Year,1,0
1365,45,Male,Delhi,Postpaid,50,41.99,609,124,309,525.65,7,5,1,5,38,6,48,2,Annual,0,0
1366,64,Male,Chennai,Postpaid,33,24.04,984,77,66,144.83,7,0,4,0,37,36,3,9,Annual,1,0
1367,50,Male,Kolkata,Postpaid,18,49.64,492,73,92,767.57,7,1,1,4,8,24,59,4,Two-Year,1,0
1368,22,Male,Delhi,Postpaid,57,87.37,845,102,137,426.93,0,4,3,0,19,27,8,3,Annual,1,1
1369,65,Female,Chennai,Prepaid,16,71.49,181,6,188,302.05,7,4,8,2,83,35,55,10,Monthly,1,1
1370,36,Male,Mumbai,Prepaid,38,58.42,878,57,58,953.44,5,0,2,5,7,16,17,6,Annual,0,0
1371,21,Female,Chennai,Prepaid,41,9.81,26,123,186,796.15,3,5,1,3,13,25,4,8,Monthly,1,1
1372,52,Male,Chennai,Prepaid,7,69.71,744,11,234,966.04,2,1,3,4,61,27,21,8,Annual,0,0
1373,66,Female,Chennai,Postpaid,53,17.48,303,79,68,330.6,2,3,8,1,83,36,30,10,Annual,0,0
1374,34,Male,Delhi,Postpaid,63,78.85,403,99,446,852.21,3,3,3,5,34,16,19,6,Annual,1,1
1375,61,Male,Delhi,Postpaid,32,25.76,831,7,97,646.95,7,2,4,2,54,48,15,5,Two-Year,0,0
1376,45,Female,Mumbai,Prepaid,38,42.29,507,83,7,983.35,1,0,3,5,44,16,20,7,Two-Year,1,1
1377,47,Male,Bangalore,Postpaid,22,35.7,228,21,461,951.69,5,3,7,2,20,32,58,3,Two-Year,1,0
1378,46,Male,Bangalore,Prepaid,16,86.02,243,116,487,975.67,4,2,3,2,52,33,42,10,Two-Year,0,0
1379,63,Male,Bangalore,Postpaid,52,13.53,399,56,310,956.59,4,4,1,5,53,22,30,2,Two-Year,0,1
1380,23,Female,Mumbai,Postpaid,29,57.0,257,11,133,106.89,2,2,3,5,85,29,10,8,Two-Year,0,0
1381,52,Male,Bangalore,Postpaid,16,15.06,911,116,384,766.98,7,1,1,5,42,26,23,9,Annual,0,1
1382,58,Male,Bangalore,Postpaid,17,70.77,61,137,55,344.74,3,1,8,0,5,8,24,6,Monthly,0,0
1383,54,Female,Chennai,Postpaid,64,90.6,24,58,480,734.52,1,4,7,5,54,19,12,4,Two-Year,1,1
1384,41,Female,Delhi,Prepaid,13,44.03,333,65,359,982.55,5,0,8,1,43,22,9,6,Two-Year,0,0
1385,46,Female,Delhi,Postpaid,72,49.32,450,113,458,135.42,0,5,3,4,90,46,15,7,Annual,0,0
1386,66,Male,Chennai,Prepaid,56,92.81,121,20,113,610.29,4,1,0,2,67,18,29,8,Two-Year,1,1
1387,63,Male,Chennai,Prepaid,5,52.58,705,51,87,761.46,6,1,2,5,3,36,18,3,Annual,1,0
1388,48,Male,Chennai,Prepaid,12,49.27,881,52,137,328.02,5,2,6,1,62,44,20,6,Two-Year,1,1
1389,52,Female,Delhi,Prepaid,41,58.25,16,125,107,302.61,7,2,0,3,91,3,1,10,Monthly,0,1
1390,50,Male,Bangalore,Prepaid,3,69.23,572,68,499,154.31,5,2,7,5,90,12,3,6,Two-Year,1,0
1391,69,Male,Chennai,Prepaid,33,11.58,835,54,22,184.53,1,3,8,0,57,37,8,10,Two-Year,1,1
1392,38,Female,Mumbai,Prepaid,50,82.29,762,45,143,691.07,5,4,7,2,53,11,39,7,Annual,1,0
1393,49,Female,Chennai,Prepaid,56,44.11,254,26,356,554.69,4,0,4,1,80,8,31,4,Two-Year,0,0
1394,40,Female,Kolkata,Postpaid,9,8.16,457,119,143,127.07,3,2,8,5,37,14,47,6,Annual,0,0
1395,50,Female,Chennai,Postpaid,50,78.83,374,9,55,972.7,7,0,3,1,59,20,8,2,Monthly,1,1
1396,20,Female,Delhi,Prepaid,29,38.32,376,149,107,690.44,4,2,8,2,51,14,15,8,Two-Year,0,0
1397,35,Male,Chennai,Prepaid,39,10.94,931,105,350,563.92,0,1,0,1,28,48,59,3,Annual,0,1
1398,42,Female,Kolkata,Prepaid,45,63.74,707,82,5,345.45,3,0,2,1,39,4,22,9,Monthly,0,0
1399,59,Male,Mumbai,Postpaid,17,88.13,296,45,29,692.29,2,3,3,5,70,4,32,8,Monthly,1,0
1400,48,Male,Bangalore,Postpaid,56,88.89,971,96,446,427.75,1,2,9,5,7,24,5,6,Annual,1,0
1401,20,Female,Chennai,Prepaid,46,95.81,613,26,484,732.24,7,5,0,4,96,23,44,10,Annual,1,0
1402,57,Female,Kolkata,Prepaid,67,86.9,115,57,384,714.31,4,4,5,0,95,36,44,2,Two-Year,1,0
1403,63,Female,Kolkata,Postpaid,69,1.21,22,97,306,183.47,3,1,3,4,34,30,58,8,Monthly,1,1
1404,41,Male,Mumbai,Postpaid,14,38.64,155,14,361,918.33,5,2,3,0,81,45,9,6,Monthly,0,0
1405,67,Female,Delhi,Prepaid,67,82.04,487,53,344,538.28,3,0,0,0,15,33,53,1,Annual,0,0
1406,49,Female,Chennai,Prepaid,23,37.26,640,75,126,453.65,4,2,4,4,17,40,41,6,Monthly,1,0
1407,64,Female,Kolkata,Prepaid,61,60.55,724,23,301,959.92,2,1,8,2,58,13,15,5,Annual,0,1
1408,39,Female,Mumbai,Prepaid,23,61.03,662,59,120,494.39,4,4,5,1,88,26,47,6,Two-Year,1,0
1409,40,Female,Bangalore,Postpaid,27,37.14,124,25,404,749.1,2,4,7,3,33,46,52,1,Annual,0,0
1410,19,Male,Kolkata,Postpaid,54,90.54,518,30,98,689.62,5,4,3,4,3,3,44,4,Two-Year,0,1
1411,44,Male,Mumbai,Prepaid,10,50.82,161,32,165,248.63,4,5,8,4,68,22,37,7,Annual,1,0
1412,59,Male,Delhi,Prepaid,16,47.01,66,44,324,992.03,3,1,6,2,77,37,33,5,Two-Year,1,0
1413,19,Female,Delhi,Prepaid,41,99.75,391,33,318,517.24,0,5,6,1,64,45,22,6,Monthly,0,0
1414,43,Female,Kolkata,Postpaid,55,49.86,166,24,240,455.3,0,5,7,5,60,4,51,2,Annual,0,1
1415,34,Female,Kolkata,Prepaid,61,18.66,961,24,49,927.65,5,2,1,4,85,26,11,8,Annual,1,0
1416,57,Male,Chennai,Prepaid,49,51.79,831,78,267,576.31,6,1,5,3,45,42,58,10,Annual,0,1
1417,50,Female,Mumbai,Prepaid,52,81.59,142,144,324,734.57,6,1,6,1,20,13,50,4,Two-Year,1,0
1418,26,Female,Kolkata,Postpaid,2,77.91,172,124,72,861.62,3,2,2,4,76,6,6,6,Annual,1,0
1419,60,Female,Chennai,Prepaid,50,79.07,284,101,299,311.94,0,3,7,5,99,45,17,3,Annual,1,0
1420,65,Male,Chennai,Postpaid,43,71.09,704,124,51,252.52,5,5,0,4,92,44,46,9,Monthly,0,0
1421,56,Female,Kolkata,Prepaid,8,26.17,86,29,264,161.66,2,4,0,5,37,17,44,8,Annual,1,1
1422,46,Male,Delhi,Prepaid,59,86.35,846,8,226,907.42,3,0,9,0,72,31,57,6,Annual,1,0
1423,59,Female,Mumbai,Prepaid,65,89.45,53,8,192,280.33,6,5,2,0,96,1,5,9,Annual,1,0
1424,43,Male,Mumbai,Postpaid,12,20.22,727,141,373,376.98,7,0,5,4,85,40,39,10,Annual,1,0
1425,52,Male,Delhi,Prepaid,4,13.92,559,147,238,357.23,2,2,6,2,80,42,59,9,Monthly,0,0
1426,67,Male,Kolkata,Prepaid,41,97.58,327,30,9,374.13,3,0,1,0,59,19,58,2,Annual,1,0
1427,42,Female,Mumbai,Postpaid,7,86.96,543,83,301,701.26,2,3,5,4,86,28,48,9,Annual,1,0
1428,41,Female,Kolkata,Postpaid,69,89.43,594,94,358,958.7,2,1,4,5,35,42,57,8,Monthly,0,1
1429,30,Male,Kolkata,Postpaid,69,88.75,762,75,227,396.51,0,4,5,1,5,25,9,2,Two-Year,1,0
1430,24,Male,Chennai,Prepaid,30,54.63,945,80,441,466.88,7,0,0,5,38,37,29,9,Two-Year,1,1
1431,53,Female,Delhi,Postpaid,6,64.99,163,103,292,794.03,3,0,9,3,28,0,23,5,Monthly,1,0
1432,62,Female,Kolkata,Prepaid,19,54.99,246,131,51,489.1,4,2,6,0,26,4,47,9,Monthly,1,0
1433,37,Male,Bangalore,Postpaid,66,6.07,902,36,239,933.44,0,2,7,4,68,13,36,3,Two-Year,0,0
1434,18,Female,Delhi,Postpaid,10,74.8,526,13,98,552.9,2,1,6,0,8,24,31,4,Annual,0,1
1435,25,Female,Mumbai,Postpaid,16,51.03,230,82,80,412.96,2,4,8,5,23,47,20,1,Two-Year,0,0
1436,63,Female,Chennai,Prepaid,37,65.12,319,17,12,974.42,6,0,0,5,62,8,23,5,Annual,0,0
1437,33,Female,Mumbai,Prepaid,32,50.76,607,128,389,483.2,4,1,9,1,18,29,56,7,Monthly,0,0
1438,31,Male,Mumbai,Prepaid,47,49.69,186,100,441,308.06,6,4,8,2,96,18,7,7,Monthly,0,0
1439,29,Female,Delhi,Prepaid,72,18.01,780,87,356,259.93,4,1,2,4,29,39,59,6,Monthly,1,0
1440,68,Female,Mumbai,Prepaid,43,28.59,229,148,127,995.66,2,0,1,1,57,7,46,6,Two-Year,0,0
1441,40,Male,Kolkata,Prepaid,36,16.73,47,144,303,777.69,4,2,5,3,39,15,58,8,Monthly,1,0
1442,32,Male,Mumbai,Prepaid,26,20.37,663,22,415,467.79,7,2,4,4,67,49,36,10,Two-Year,1,1
1443,45,Female,Chennai,Prepaid,10,97.32,440,145,10,843.73,1,2,3,3,31,7,4,9,Annual,0,0
1444,51,Female,Chennai,Prepaid,31,16.16,919,97,80,592.13,6,3,3,2,64,22,24,4,Annual,1,0
1445,19,Female,Bangalore,Postpaid,29,27.66,756,28,260,385.65,6,1,7,4,33,8,14,4,Annual,1,1
1446,49,Female,Chennai,Postpaid,5,59.47,212,106,5,769.05,0,0,9,4,84,31,25,8,Monthly,1,0
1447,40,Male,Mumbai,Prepaid,1,61.41,850,144,457,771.31,7,1,2,1,30,36,7,5,Annual,0,1
1448,39,Male,Chennai,Prepaid,3,16.24,815,64,372,550.15,3,2,0,0,58,33,15,10,Monthly,1,1
1449,68,Male,Delhi,Prepaid,67,79.58,457,64,480,140.64,6,5,4,4,77,45,44,9,Two-Year,0,0
1450,42,Female,Chennai,Prepaid,71,78.74,504,104,221,169.32,4,5,7,2,25,17,46,6,Monthly,0,0
1451,39,Female,Kolkata,Postpaid,35,24.49,693,5,404,809.87,4,1,2,4,21,44,13,9,Annual,1,0
1452,39,Female,Delhi,Postpaid,15,29.58,134,47,297,841.13,1,4,1,4,33,43,19,4,Monthly,0,0
1453,66,Female,Bangalore,Prepaid,67,93.86,847,59,80,710.46,3,5,0,4,96,14,12,1,Monthly,1,0
1454,69,Male,Kolkata,Postpaid,30,82.74,74,38,410,855.16,1,5,3,4,12,14,48,4,Two-Year,0,0
1455,59,Male,Mumbai,Postpaid,43,70.08,802,38,2,747.54,3,1,1,2,95,28,26,9,Monthly,0,0
1456,23,Female,Mumbai,Prepaid,60,9.14,793,114,59,907.24,6,3,7,1,54,22,48,7,Annual,0,1
1457,32,Male,Mumbai,Prepaid,40,42.41,253,88,220,235.36,6,3,9,0,7,22,33,6,Monthly,0,0
1458,60,Female,Kolkata,Prepaid,65,56.37,536,94,449,448.97,0,2,8,2,61,0,15,2,Monthly,1,0
1459,54,Female,Kolkata,Prepaid,29,19.55,235,83,348,517.7,4,0,9,2,21,21,37,4,Annual,0,0
1460,50,Male,Kolkata,Postpaid,19,45.37,474,75,48,367.9,0,4,0,3,55,6,6,1,Monthly,1,0
1461,25,Female,Delhi,Prepaid,3,60.5,652,75,227,752.83,3,0,1,0,83,44,59,3,Two-Year,1,0
1462,61,Female,Delhi,Postpaid,36,33.41,716,118,289,921.19,4,0,5,1,20,31,25,2,Annual,1,0
1463,61,Male,Mumbai,Prepaid,43,78.31,302,33,292,471.23,6,4,9,5,97,27,53,4,Annual,1,0
1464,22,Female,Chennai,Postpaid,15,84.2,730,147,297,947.39,1,3,6,1,48,49,17,4,Monthly,0,0
1465,56,Female,Mumbai,Prepaid,41,33.04,960,101,192,565.09,6,5,1,5,93,31,43,9,Two-Year,0,0
1466,21,Male,Bangalore,Prepaid,36,84.03,390,57,443,570.26,6,2,7,3,5,32,59,7,Two-Year,1,0
1467,23,Female,Delhi,Postpaid,33,11.25,634,149,473,640.2,2,1,9,3,34,42,36,3,Annual,1,0
1468,62,Male,Kolkata,Postpaid,5,83.94,765,68,256,341.5,1,3,8,2,26,12,50,7,Annual,1,0
1469,49,Female,Delhi,Postpaid,14,16.12,175,65,442,445.02,2,2,7,1,83,27,52,8,Monthly,0,0
1470,69,Male,Kolkata,Prepaid,68,9.21,712,112,387,597.91,7,5,8,5,39,8,46,7,Annual,0,0
1471,47,Male,Bangalore,Postpaid,47,64.54,778,41,102,947.78,7,3,5,1,13,47,55,8,Two-Year,1,1
1472,64,Male,Bangalore,Postpaid,54,47.72,848,139,397,678.42,1,4,6,5,73,42,9,9,Monthly,0,1
1473,52,Female,Delhi,Postpaid,4,90.88,227,12,365,399.8,3,0,5,1,51,2,28,1,Monthly,0,1
1474,57,Male,Kolkata,Postpaid,9,36.96,880,82,145,109.42,0,4,6,2,78,16,35,10,Two-Year,0,0
1475,69,Male,Bangalore,Postpaid,53,29.43,284,72,289,983.5,7,5,2,5,39,33,3,6,Two-Year,0,1
1476,33,Male,Mumbai,Postpaid,60,50.57,61,25,256,543.69,2,1,3,1,42,31,11,4,Annual,1,0
1477,30,Male,Mumbai,Postpaid,46,46.14,383,98,308,944.65,3,4,8,4,57,8,20,1,Two-Year,0,1
1478,67,Male,Kolkata,Postpaid,54,35.1,679,79,277,594.41,0,5,2,3,2,40,23,2,Monthly,1,1
1479,59,Female,Delhi,Postpaid,37,69.68,372,146,463,644.92,0,0,1,3,14,47,54,10,Monthly,1,0
1480,47,Female,Bangalore,Prepaid,23,76.2,576,82,188,740.72,4,3,6,5,44,0,30,4,Two-Year,0,0
1481,36,Female,Delhi,Prepaid,27,85.45,23,70,405,388.88,6,2,5,3,94,48,37,1,Annual,1,0
1482,34,Female,Mumbai,Postpaid,70,97.31,790,58,177,729.09,4,5,2,3,10,41,36,6,Monthly,0,0
1483,36,Female,Bangalore,Prepaid,66,27.4,349,104,15,574.11,6,5,5,4,38,19,44,1,Annual,0,0
1484,45,Female,Delhi,Prepaid,61,71.89,611,25,411,705.23,4,1,6,0,18,4,56,9,Two-Year,1,0
1485,43,Female,Chennai,Postpaid,51,40.03,548,57,475,852.25,2,3,5,1,78,39,12,10,Annual,1,0
1486,54,Male,Kolkata,Postpaid,50,68.03,98,87,374,265.81,2,5,0,5,19,44,36,3,Monthly,0,0
1487,43,Female,Kolkata,Postpaid,19,48.12,914,148,85,652.2,6,5,0,3,85,20,35,1,Two-Year,1,1
1488,40,Male,Chennai,Postpaid,1,99.38,50,8,247,146.9,7,2,8,1,70,4,55,6,Monthly,1,0
1489,26,Male,Mumbai,Postpaid,40,73.16,313,59,453,191.9,0,0,5,1,55,3,34,6,Monthly,0,0
1490,29,Female,Bangalore,Postpaid,32,95.3,277,19,216,707.13,2,4,1,4,77,7,4,7,Two-Year,0,0
1491,18,Male,Kolkata,Prepaid,22,83.66,147,68,41,163.84,0,3,0,1,3,24,24,7,Annual,1,1
1492,18,Male,Chennai,Postpaid,66,90.39,15,116,193,635.82,3,2,1,3,8,6,36,10,Two-Year,1,0
1493,64,Male,Chennai,Prepaid,40,81.63,251,148,326,298.01,1,2,7,5,24,36,58,4,Monthly,0,0
1494,51,Male,Mumbai,Postpaid,38,46.46,171,122,372,373.68,0,4,4,1,46,41,28,5,Monthly,0,0
1495,49,Female,Mumbai,Postpaid,48,25.93,701,24,464,216.67,0,3,6,4,98,31,39,3,Monthly,0,0
1496,65,Female,Delhi,Prepaid,55,37.66,818,68,162,323.8,3,3,6,5,48,16,2,6,Two-Year,0,1
1497,42,Female,Kolkata,Postpaid,55,3.0,988,37,275,839.16,6,0,1,5,26,27,43,7,Two-Year,1,0
1498,57,Female,Delhi,Postpaid,51,52.88,527,85,363,674.99,4,3,3,5,27,5,5,9,Two-Year,0,0
1499,62,Female,Chennai,Prepaid,60,51.0,907,130,129,954.78,5,5,1,3,87,41,28,9,Two-Year,0,0
1500,18,Female,Bangalore,Postpaid,8,53.0,792,73,262,143.87,7,4,6,4,96,47,13,5,Annual,0,0
1501,33,Female,Bangalore,Prepaid,68,97.43,410,98,479,813.17,6,3,4,2,96,41,36,4,Monthly,0,0
1502,56,Female,Mumbai,Postpaid,72,91.23,793,72,176,729.17,4,0,0,0,61,35,9,7,Annual,0,0
1503,22,Female,Bangalore,Postpaid,9,17.01,165,91,466,334.8,4,2,1,1,15,1,39,3,Monthly,0,1
1504,39,Female,Bangalore,Prepaid,2,37.52,94,25,459,756.25,7,5,5,1,86,30,30,4,Monthly,0,1
1505,46,Male,Bangalore,Postpaid,70,42.97,721,67,264,744.89,6,3,3,1,45,0,57,9,Annual,1,0
1506,20,Female,Chennai,Prepaid,59,36.69,19,89,26,513.41,6,4,6,2,74,2,27,5,Two-Year,0,0
1507,29,Male,Bangalore,Prepaid,19,80.05,147,138,461,719.78,7,3,1,5,45,12,13,10,Monthly,0,1
1508,43,Male,Bangalore,Prepaid,28,52.88,763,28,385,500.12,0,1,1,5,39,30,42,7,Two-Year,1,1
1509,33,Male,Bangalore,Postpaid,72,57.64,915,115,84,401.99,0,0,5,0,82,28,39,2,Annual,1,1
1510,68,Male,Delhi,Postpaid,14,85.45,722,99,195,519.84,2,2,7,4,33,43,50,9,Monthly,1,1
1511,54,Female,Chennai,Prepaid,24,80.79,165,87,315,905.62,2,1,0,2,86,32,28,5,Two-Year,1,1
1512,39,Male,Mumbai,Postpaid,44,14.09,417,106,242,446.13,1,4,4,2,9,9,18,5,Annual,0,0
1513,46,Female,Delhi,Postpaid,56,71.68,796,82,468,463.32,1,3,0,3,0,37,34,4,Monthly,1,0
1514,31,Female,Kolkata,Postpaid,51,44.11,234,128,367,647.56,5,0,5,5,65,8,21,8,Annual,1,0
1515,45,Male,Chennai,Prepaid,32,30.17,589,144,341,777.7,6,5,6,2,85,0,1,4,Two-Year,1,1
1516,22,Female,Chennai,Postpaid,50,5.95,193,124,176,761.16,2,3,5,2,16,43,45,2,Monthly,0,0
1517,64,Male,Kolkata,Prepaid,41,49.24,204,19,129,117.82,6,3,8,1,46,36,23,5,Monthly,0,0
1518,66,Male,Kolkata,Postpaid,66,36.19,563,87,144,718.67,0,3,2,5,23,31,34,3,Monthly,0,1
1519,47,Female,Kolkata,Postpaid,25,25.9,405,10,82,505.5,3,5,7,3,49,32,36,4,Annual,1,1
1520,63,Female,Mumbai,Prepaid,61,69.77,923,71,359,571.68,2,3,2,4,84,1,9,3,Annual,0,0
1521,69,Male,Bangalore,Postpaid,66,77.18,672,126,87,605.5,0,0,6,0,28,45,8,7,Annual,0,0
1522,22,Female,Chennai,Prepaid,42,25.23,605,88,19,758.55,6,5,4,4,77,1,58,6,Annual,0,0
1523,29,Female,Bangalore,Postpaid,65,5.9,143,115,229,848.2,7,5,0,3,71,4,50,2,Two-Year,1,1
1524,33,Female,Bangalore,Prepaid,36,85.03,318,149,459,681.63,2,1,3,1,93,9,30,8,Annual,0,1
1525,43,Male,Kolkata,Postpaid,9,1.99,875,140,472,607.52,4,4,8,0,85,37,48,5,Annual,0,1
1526,43,Male,Mumbai,Postpaid,36,93.77,819,68,125,436.39,2,5,7,4,86,36,36,6,Annual,1,1
1527,65,Female,Delhi,Postpaid,38,63.13,971,130,470,224.09,6,1,2,5,12,1,36,8,Two-Year,0,0
1528,38,Female,Mumbai,Prepaid,33,32.86,551,32,497,962.72,6,0,1,5,63,40,18,7,Two-Year,1,0
1529,56,Female,Bangalore,Prepaid,42,25.4,18,102,353,515.66,5,4,8,0,27,41,2,3,Monthly,0,0
1530,53,Female,Mumbai,Prepaid,61,1.89,996,145,415,609.59,6,5,0,0,93,39,53,2,Annual,1,1
1531,50,Female,Kolkata,Postpaid,46,24.31,179,17,50,775.97,4,2,8,0,4,24,11,3,Monthly,0,0
1532,47,Male,Delhi,Prepaid,61,14.64,299,90,87,161.57,0,1,6,2,73,37,52,8,Monthly,1,0
1533,54,Female,Kolkata,Prepaid,18,61.6,177,25,169,869.51,4,0,1,3,8,36,56,4,Two-Year,1,1
1534,40,Male,Delhi,Prepaid,70,17.49,353,67,62,817.32,2,0,4,5,13,17,36,8,Two-Year,1,0
1535,27,Female,Bangalore,Prepaid,15,53.33,506,115,88,796.99,7,0,1,5,9,26,31,4,Monthly,1,1
1536,22,Male,Delhi,Prepaid,48,59.42,154,80,188,119.78,4,4,4,3,32,19,31,7,Monthly,0,0
1537,53,Female,Delhi,Prepaid,72,30.51,422,77,189,573.87,5,3,6,1,74,49,24,6,Annual,1,0
1538,51,Male,Delhi,Prepaid,13,4.47,749,11,386,148.84,3,2,4,5,39,33,46,10,Two-Year,1,0
1539,69,Female,Mumbai,Prepaid,43,4.69,827,76,88,595.79,4,4,1,4,5,43,21,1,Two-Year,0,1
1540,48,Male,Mumbai,Prepaid,60,3.61,597,133,347,746.6,6,4,4,1,16,7,32,8,Monthly,1,0
1541,27,Male,Bangalore,Prepaid,57,74.17,744,135,331,209.67,5,5,9,4,35,3,49,6,Two-Year,1,1
1542,36,Male,Delhi,Postpaid,71,32.48,698,108,25,725.39,4,1,5,0,69,29,30,2,Monthly,1,0
1543,49,Male,Chennai,Postpaid,17,79.83,466,32,175,504.58,1,2,4,5,60,35,57,5,Monthly,0,0
1544,18,Male,Bangalore,Prepaid,50,43.74,710,47,363,830.4,3,0,1,4,73,8,8,2,Two-Year,0,1
1545,22,Male,Delhi,Postpaid,32,45.85,988,101,263,580.23,0,4,5,4,48,40,33,10,Annual,0,0
1546,62,Female,Delhi,Postpaid,22,51.78,311,50,388,402.51,6,2,5,0,68,11,51,7,Two-Year,0,0
1547,21,Male,Mumbai,Prepaid,55,71.59,55,5,394,398.79,5,1,1,1,82,13,51,10,Monthly,1,0
1548,33,Female,Bangalore,Prepaid,57,28.08,903,106,41,907.74,4,3,3,4,70,34,53,6,Monthly,1,0
1549,41,Female,Delhi,Prepaid,13,13.04,26,39,482,507.58,7,2,6,5,23,5,39,7,Annual,0,0
1550,33,Female,Delhi,Postpaid,47,56.05,587,58,474,465.18,3,0,0,1,50,46,1,6,Monthly,1,0
1551,19,Female,Bangalore,Prepaid,62,33.37,369,28,118,135.89,0,4,0,1,41,22,33,10,Annual,0,1
1552,66,Female,Chennai,Postpaid,54,44.81,270,26,168,427.89,3,3,5,3,18,3,42,1,Two-Year,1,0
1553,45,Male,Bangalore,Prepaid,29,65.05,132,20,107,864.66,5,1,6,5,61,0,13,3,Annual,0,0
1554,49,Male,Bangalore,Postpaid,22,49.92,240,17,485,784.89,1,0,4,5,74,8,22,10,Monthly,0,0
1555,44,Male,Chennai,Postpaid,65,62.41,959,104,146,298.82,5,3,9,0,66,47,5,2,Monthly,0,0
1556,37,Female,Bangalore,Prepaid,29,54.88,646,104,175,471.75,5,5,7,0,29,8,12,1,Annual,0,0
1557,41,Male,Delhi,Prepaid,48,74.24,121,66,436,276.92,7,5,3,2,37,43,29,1,Two-Year,1,0
1558,29,Male,Bangalore,Postpaid,5,70.89,793,91,438,958.8,0,1,2,5,5,45,3,4,Annual,0,0
1559,67,Male,Chennai,Postpaid,35,53.88,602,82,375,638.31,7,0,6,1,98,14,51,1,Monthly,0,0
1560,52,Male,Kolkata,Prepaid,71,68.21,255,71,188,778.92,7,4,3,2,21,23,36,2,Two-Year,1,0
1561,50,Male,Bangalore,Prepaid,46,87.48,868,95,159,742.43,0,1,0,5,10,47,47,1,Annual,0,1
1562,50,Female,Mumbai,Postpaid,35,43.79,400,37,301,886.32,4,3,7,0,71,7,45,6,Annual,0,0
1563,68,Male,Delhi,Prepaid,45,41.86,401,119,347,954.4,2,0,4,0,90,27,11,4,Annual,1,0
1564,60,Female,Delhi,Postpaid,13,76.66,337,23,419,129.2,5,5,7,5,28,41,26,8,Monthly,1,0
1565,54,Female,Mumbai,Prepaid,10,58.67,224,128,401,977.77,0,5,7,2,7,45,2,5,Monthly,0,0
1566,29,Female,Mumbai,Prepaid,66,8.03,873,147,73,883.49,7,2,4,0,86,16,29,10,Monthly,1,0
1567,20,Female,Bangalore,Prepaid,70,89.32,756,124,351,444.65,5,0,7,0,92,34,41,5,Two-Year,0,0
1568,18,Female,Mumbai,Postpaid,72,4.05,376,101,17,853.36,5,3,6,3,79,30,29,8,Two-Year,0,0
1569,50,Male,Kolkata,Prepaid,25,75.09,91,28,139,762.9,7,3,2,4,34,3,44,10,Two-Year,1,0
1570,57,Male,Chennai,Postpaid,44,76.12,815,31,114,813.8,0,2,3,5,71,47,36,6,Monthly,0,1
1571,27,Male,Mumbai,Prepaid,60,95.36,831,79,327,298.62,1,3,6,3,71,13,58,6,Two-Year,1,0
1572,60,Female,Mumbai,Postpaid,47,6.36,85,27,224,683.71,1,0,3,4,44,24,19,3,Two-Year,1,0
1573,61,Male,Kolkata,Postpaid,40,60.09,536,45,45,123.33,5,5,5,5,32,45,10,6,Annual,1,0
1574,46,Male,Delhi,Prepaid,7,43.36,741,60,438,863.41,1,1,1,3,4,47,11,10,Monthly,0,0
1575,30,Female,Delhi,Postpaid,46,33.73,512,102,37,955.94,5,5,1,3,61,39,7,7,Annual,0,0
1576,29,Female,Bangalore,Postpaid,23,9.94,751,10,205,695.91,7,5,2,5,36,49,13,2,Monthly,1,0
1577,48,Female,Kolkata,Postpaid,46,56.7,955,44,385,561.4,4,0,9,1,16,6,41,3,Monthly,1,0
1578,63,Female,Chennai,Postpaid,13,48.43,961,46,8,753.16,0,3,6,2,21,30,44,6,Two-Year,1,0
1579,19,Male,Chennai,Prepaid,21,11.35,488,36,252,393.73,5,2,2,5,77,34,2,10,Annual,1,0
1580,68,Female,Kolkata,Prepaid,1,61.64,381,14,107,663.75,1,2,2,3,31,37,30,9,Annual,0,1
1581,67,Female,Chennai,Prepaid,19,74.06,274,73,388,747.08,1,4,3,1,13,19,22,9,Two-Year,0,1
1582,52,Male,Delhi,Postpaid,60,76.96,273,13,97,228.41,3,2,9,3,19,15,53,8,Annual,1,0
1583,40,Male,Chennai,Postpaid,33,90.63,119,73,274,226.06,3,2,5,2,21,21,1,8,Annual,0,0
1584,34,Female,Chennai,Prepaid,4,41.54,924,143,70,744.52,6,3,0,1,29,35,27,9,Monthly,1,0
1585,43,Male,Kolkata,Prepaid,3,95.35,316,103,38,488.6,1,1,5,5,53,18,7,9,Annual,1,1
1586,25,Female,Kolkata,Postpaid,52,86.68,209,78,297,900.28,6,1,7,4,32,1,1,10,Annual,0,1
1587,46,Female,Chennai,Prepaid,28,30.35,235,107,400,380.74,6,3,7,2,4,3,58,9,Monthly,1,0
1588,43,Male,Mumbai,Prepaid,70,16.77,194,127,446,138.19,6,2,5,0,17,33,25,5,Two-Year,1,0
1589,27,Male,Kolkata,Postpaid,70,44.1,973,106,89,684.89,4,0,5,5,62,6,48,6,Monthly,0,1
1590,43,Female,Bangalore,Prepaid,55,40.79,40,12,429,715.82,2,5,2,5,45,46,4,5,Two-Year,1,0
1591,51,Female,Bangalore,Postpaid,57,58.0,623,23,218,598.23,5,5,1,5,6,48,30,1,Two-Year,1,0
1592,68,Female,Delhi,Prepaid,16,58.76,780,6,106,715.0,3,1,6,1,28,13,8,4,Monthly,0,1
1593,58,Male,Chennai,Postpaid,24,75.25,108,59,475,571.38,5,3,7,0,56,42,49,1,Monthly,0,1
1594,24,Female,Mumbai,Postpaid,69,51.48,348,143,403,723.37,3,0,9,1,46,31,21,1,Two-Year,0,0
1595,21,Female,Delhi,Postpaid,41,11.38,820,21,453,139.54,0,2,5,4,8,16,51,3,Monthly,0,1
1596,67,Female,Chennai,Postpaid,47,85.97,806,65,391,431.56,0,3,4,1,58,36,4,7,Monthly,0,0
1597,62,Female,Kolkata,Postpaid,69,31.67,275,135,95,289.74,1,1,3,5,70,13,4,1,Annual,1,0
1598,28,Female,Bangalore,Prepaid,31,97.16,661,90,402,189.39,0,0,0,3,70,16,8,7,Monthly,1,0
1599,46,Male,Mumbai,Prepaid,30,12.67,823,39,31,310.68,7,0,8,0,42,31,42,10,Monthly,0,0
1600,53,Female,Bangalore,Prepaid,18,95.87,807,107,125,272.18,0,1,9,0,58,1,26,10,Annual,0,0
1601,42,Female,Kolkata,Postpaid,44,10.01,359,70,146,975.82,2,0,3,1,5,38,29,1,Two-Year,0,1
1602,38,Female,Chennai,Prepaid,27,23.87,987,5,279,357.89,6,5,1,3,52,3,16,9,Two-Year,0,1
1603,53,Female,Kolkata,Postpaid,26,5.61,737,139,23,307.86,4,1,3,3,63,39,19,5,Monthly,0,1
1604,27,Male,Kolkata,Postpaid,60,70.81,553,123,439,851.39,1,5,4,1,90,29,1,6,Monthly,1,0
1605,54,Male,Bangalore,Prepaid,18,85.18,466,138,208,477.2,2,3,1,2,3,29,37,9,Two-Year,0,0
1606,26,Male,Mumbai,Postpaid,56,43.97,824,59,119,479.32,7,4,6,4,0,32,34,3,Monthly,0,1
1607,41,Female,Kolkata,Prepaid,31,92.92,97,104,273,499.23,1,2,2,1,69,41,29,3,Two-Year,1,1
1608,52,Female,Bangalore,Postpaid,59,59.44,72,25,139,474.88,4,3,7,5,30,0,27,5,Two-Year,0,1
1609,66,Male,Mumbai,Postpaid,2,63.37,931,55,296,393.91,1,5,3,3,64,32,48,7,Annual,1,0
1610,52,Male,Chennai,Prepaid,39,84.7,396,104,342,357.71,5,2,4,4,68,35,45,3,Annual,0,1
1611,65,Male,Chennai,Postpaid,61,30.38,800,12,431,893.76,5,2,2,1,18,48,30,4,Monthly,1,1
1612,53,Female,Delhi,Prepaid,63,36.07,468,72,81,245.54,5,5,4,4,68,30,6,2,Monthly,0,0
1613,35,Female,Bangalore,Postpaid,18,90.69,595,111,447,262.96,0,5,8,2,68,36,36,9,Two-Year,0,0
1614,66,Male,Mumbai,Prepaid,17,90.2,827,148,399,614.55,4,1,1,3,48,13,57,10,Monthly,1,1
1615,56,Male,Kolkata,Postpaid,39,97.67,941,71,207,409.29,2,4,6,2,30,5,39,9,Annual,1,0
1616,49,Male,Chennai,Prepaid,71,90.28,645,6,483,479.38,2,5,9,2,59,6,2,2,Two-Year,0,0
1617,41,Female,Mumbai,Prepaid,54,13.61,278,5,406,825.89,7,2,7,3,70,39,55,5,Two-Year,1,0
1618,40,Female,Bangalore,Postpaid,35,82.55,903,5,469,913.27,3,2,2,5,78,23,42,1,Monthly,0,0
1619,49,Female,Delhi,Prepaid,11,41.57,806,106,422,811.5,2,3,3,2,54,49,14,8,Two-Year,1,0
1620,54,Male,Chennai,Postpaid,61,99.09,943,119,32,311.44,6,4,9,1,76,3,8,6,Two-Year,1,0
1621,29,Male,Mumbai,Postpaid,44,47.76,982,139,23,981.97,5,4,1,1,75,24,3,10,Two-Year,0,0
1622,66,Female,Mumbai,Prepaid,68,55.83,642,92,60,426.86,6,2,9,4,82,2,35,10,Annual,0,1
1623,30,Male,Mumbai,Prepaid,25,53.45,355,96,310,252.16,7,4,8,1,76,27,27,2,Two-Year,1,0
1624,40,Female,Bangalore,Prepaid,48,32.85,733,22,188,549.55,6,3,2,1,90,22,34,2,Annual,0,0
1625,42,Male,Bangalore,Prepaid,32,8.43,910,92,83,752.76,5,1,8,4,37,35,28,10,Two-Year,1,0
1626,52,Male,Bangalore,Prepaid,4,89.67,669,37,224,174.94,3,2,6,0,32,47,31,5,Monthly,0,1
1627,58,Male,Kolkata,Postpaid,38,80.46,87,77,478,670.86,0,0,5,3,5,12,17,7,Monthly,0,0
1628,47,Male,Mumbai,Prepaid,63,14.81,374,32,167,872.27,2,2,2,1,12,21,19,9,Two-Year,1,0
1629,34,Female,Chennai,Postpaid,47,77.9,23,91,185,335.6,4,2,6,4,76,24,42,9,Monthly,0,0
1630,66,Male,Bangalore,Prepaid,1,62.96,145,57,374,723.81,3,1,2,2,76,42,44,6,Annual,1,1
1631,37,Female,Bangalore,Prepaid,3,41.51,313,48,71,459.92,2,5,5,2,19,23,59,2,Two-Year,1,0
1632,65,Female,Mumbai,Prepaid,62,26.15,406,84,73,472.72,0,5,7,5,99,42,55,6,Annual,0,0
1633,42,Female,Bangalore,Postpaid,64,86.11,801,142,384,352.73,6,0,4,1,36,36,11,1,Two-Year,0,1
1634,39,Male,Kolkata,Prepaid,17,70.32,88,18,340,661.95,4,0,2,3,44,32,9,2,Annual,1,0
1635,30,Female,Kolkata,Postpaid,62,55.23,764,107,152,424.9,4,0,5,4,72,13,30,3,Monthly,1,0
1636,36,Female,Bangalore,Postpaid,35,61.35,714,40,95,847.81,7,5,7,5,80,23,57,5,Annual,1,0
1637,66,Female,Mumbai,Postpaid,13,10.02,991,38,52,966.61,6,1,9,5,98,21,45,10,Annual,1,0
1638,53,Male,Mumbai,Prepaid,35,47.92,427,92,444,941.58,0,4,2,4,58,36,6,1,Monthly,1,0
1639,29,Male,Mumbai,Postpaid,43,20.18,251,20,173,246.82,2,0,4,4,51,22,14,10,Monthly,0,0
1640,58,Female,Delhi,Prepaid,2,21.63,60,45,109,112.77,6,4,8,4,17,5,31,5,Two-Year,1,0
1641,36,Male,Bangalore,Postpaid,56,66.47,753,29,457,494.62,1,3,9,4,24,18,54,5,Two-Year,1,0
1642,29,Female,Mumbai,Prepaid,51,91.21,780,130,315,756.0,7,1,9,3,78,11,11,4,Annual,1,0
1643,26,Female,Kolkata,Postpaid,54,40.97,393,12,50,979.71,2,4,2,4,86,25,5,3,Two-Year,1,0
1644,24,Male,Chennai,Prepaid,16,21.57,384,116,376,805.08,6,5,1,3,0,28,31,7,Annual,1,1
1645,45,Female,Chennai,Prepaid,18,65.23,739,98,252,622.49,6,5,7,3,40,13,2,7,Two-Year,1,0
1646,31,Male,Mumbai,Prepaid,7,87.25,215,88,495,123.72,3,0,6,3,17,16,39,1,Monthly,1,0
1647,48,Male,Chennai,Postpaid,45,75.08,835,72,72,842.99,3,0,8,2,0,29,17,7,Monthly,1,0
1648,69,Female,Chennai,Postpaid,36,87.01,498,71,211,259.43,2,4,3,0,38,6,38,3,Monthly,1,1
1649,36,Male,Delhi,Prepaid,41,54.12,390,115,431,150.05,7,5,2,5,73,20,46,3,Monthly,1,0
1650,64,Male,Kolkata,Postpaid,42,75.44,977,22,211,865.32,5,4,9,1,30,0,36,6,Annual,0,0
1651,33,Female,Kolkata,Postpaid,7,14.87,890,60,250,609.63,3,3,4,2,70,48,3,6,Monthly,0,0
1652,22,Female,Delhi,Postpaid,15,35.48,320,39,167,215.7,1,1,0,0,37,37,43,4,Monthly,0,0
1653,52,Male,Delhi,Postpaid,60,39.57,384,138,262,447.89,5,5,4,5,7,3,29,5,Monthly,1,0
1654,29,Male,Chennai,Postpaid,40,51.62,641,122,330,176.99,1,2,2,2,33,45,33,3,Monthly,1,0
1655,42,Female,Bangalore,Postpaid,37,92.98,601,30,468,674.21,4,5,0,5,72,7,14,3,Two-Year,1,1
1656,69,Male,Chennai,Postpaid,66,87.56,51,65,229,354.18,3,3,2,3,88,17,38,9,Annual,1,1
1657,38,Male,Delhi,Prepaid,55,14.32,542,92,238,879.48,6,5,4,3,26,44,29,5,Annual,1,0
1658,53,Male,Kolkata,Prepaid,56,18.11,531,19,274,422.02,5,3,4,4,40,7,23,1,Two-Year,0,0
1659,40,Male,Chennai,Postpaid,44,36.41,834,95,493,545.17,2,5,9,3,6,30,59,9,Two-Year,1,0
1660,33,Male,Bangalore,Prepaid,57,29.78,162,36,142,157.17,5,3,7,2,31,30,17,10,Annual,1,0
1661,56,Male,Chennai,Prepaid,6,61.86,321,144,69,348.03,6,0,0,5,72,27,59,6,Annual,1,0
1662,62,Male,Mumbai,Prepaid,32,90.37,303,137,444,709.09,4,4,6,1,80,47,49,9,Two-Year,1,0
1663,59,Female,Chennai,Postpaid,18,96.27,607,68,311,762.64,1,5,4,5,98,36,55,7,Monthly,1,1
1664,56,Female,Delhi,Postpaid,68,65.71,122,90,393,318.54,4,1,2,3,15,2,11,10,Annual,1,0
1665,31,Female,Kolkata,Postpaid,7,83.98,710,49,173,553.44,0,0,3,5,1,44,28,10,Two-Year,0,0
1666,48,Female,Kolkata,Postpaid,8,53.0,121,39,335,835.78,3,3,2,0,42,14,54,7,Monthly,1,0
1667,22,Female,Delhi,Postpaid,64,21.62,184,30,108,441.92,2,1,7,5,30,3,7,5,Monthly,0,1
1668,52,Male,Mumbai,Prepaid,7,52.94,831,27,202,220.39,1,0,3,2,79,34,45,7,Two-Year,1,0
1669,40,Male,Delhi,Postpaid,41,55.95,311,145,184,488.68,4,2,2,0,46,33,40,10,Annual,1,0
1670,46,Male,Chennai,Prepaid,40,74.5,973,135,290,640.57,2,5,1,4,32,35,8,4,Annual,1,1
1671,60,Male,Delhi,Postpaid,3,22.77,525,33,327,106.66,3,5,2,4,84,5,41,6,Monthly,0,0
1672,28,Female,Delhi,Prepaid,17,37.46,743,68,91,413.71,6,3,6,5,16,3,29,2,Two-Year,1,0
1673,35,Male,Mumbai,Postpaid,66,37.04,971,117,258,646.69,2,0,5,1,98,48,25,10,Monthly,0,0
1674,64,Male,Chennai,Postpaid,52,95.98,230,138,321,956.72,3,0,9,2,53,29,7,3,Monthly,1,0
1675,29,Female,Bangalore,Postpaid,22,44.95,180,143,436,467.69,3,3,4,1,53,38,57,2,Monthly,1,0
1676,26,Male,Bangalore,Postpaid,4,75.75,327,122,205,246.68,3,2,7,0,50,17,22,10,Two-Year,1,0
1677,27,Male,Kolkata,Postpaid,6,75.33,222,71,51,580.8,4,5,0,1,51,21,9,2,Annual,1,0
1678,61,Female,Delhi,Postpaid,38,27.29,262,112,348,357.18,6,4,2,0,6,9,11,7,Monthly,0,0
1679,34,Male,Kolkata,Prepaid,26,57.62,133,90,180,293.3,3,2,1,1,53,48,34,5,Annual,1,1
1680,55,Male,Mumbai,Postpaid,11,89.54,649,33,437,631.36,2,3,1,4,92,28,27,6,Annual,0,1
1681,24,Male,Bangalore,Prepaid,17,48.04,222,64,302,924.3,6,4,0,2,10,22,50,3,Two-Year,0,0
1682,63,Male,Delhi,Postpaid,31,94.57,633,58,2,851.7,0,0,4,1,61,3,22,10,Annual,1,1
1683,30,Male,Mumbai,Prepaid,35,22.23,94,97,448,264.06,2,2,4,5,29,18,3,5,Annual,0,1
1684,57,Female,Mumbai,Prepaid,16,8.34,525,73,398,789.29,4,2,2,0,81,25,50,5,Monthly,0,0
1685,59,Female,Delhi,Prepaid,18,89.25,74,121,83,306.88,3,5,8,5,56,6,48,4,Two-Year,1,1
1686,26,Female,Mumbai,Prepaid,62,84.92,327,13,213,361.63,7,5,5,2,45,12,40,10,Two-Year,0,0
1687,67,Female,Delhi,Prepaid,27,99.27,355,130,33,928.05,6,4,9,5,79,2,55,4,Monthly,0,1
1688,44,Female,Delhi,Prepaid,35,68.26,641,81,49,919.95,0,0,5,4,69,39,8,8,Monthly,1,1
1689,19,Female,Chennai,Postpaid,45,93.73,252,14,288,251.77,4,2,9,4,65,10,6,6,Annual,1,1
1690,22,Male,Kolkata,Prepaid,35,82.87,907,106,328,157.77,1,4,5,3,54,15,57,2,Annual,0,0
1691,46,Female,Mumbai,Postpaid,28,84.6,146,62,258,363.81,1,2,1,2,57,19,25,2,Two-Year,0,0
1692,54,Female,Mumbai,Postpaid,9,57.35,256,117,257,623.6,7,5,9,1,9,22,2,2,Two-Year,0,0
1693,55,Male,Chennai,Prepaid,15,38.85,450,110,387,889.2,7,0,9,4,3,22,16,6,Annual,0,0
1694,36,Male,Chennai,Prepaid,21,93.52,54,39,271,206.95,1,0,7,1,73,31,58,1,Monthly,0,0
1695,25,Female,Chennai,Postpaid,52,43.78,667,107,181,473.46,0,1,5,1,72,40,53,3,Two-Year,1,0
1696,65,Male,Bangalore,Prepaid,35,54.34,889,107,32,344.57,6,4,2,0,61,41,41,1,Monthly,0,1
1697,62,Female,Bangalore,Prepaid,51,45.17,697,101,264,113.44,2,5,9,5,42,37,51,4,Annual,0,1
1698,18,Male,Bangalore,Prepaid,55,56.92,563,140,312,809.6,0,5,8,1,41,2,21,1,Two-Year,1,1
1699,39,Female,Delhi,Prepaid,44,47.58,818,146,39,831.96,7,5,1,3,23,7,15,9,Two-Year,1,0
1700,69,Male,Mumbai,Prepaid,65,5.75,980,140,485,299.11,6,3,6,2,4,37,56,6,Annual,0,0
1701,34,Male,Kolkata,Prepaid,25,88.32,98,110,307,236.12,0,2,2,2,98,39,34,8,Annual,1,0
1702,24,Female,Delhi,Prepaid,47,44.99,739,75,209,230.1,6,0,5,0,67,13,47,2,Monthly,0,0
1703,42,Female,Mumbai,Postpaid,56,59.31,963,81,271,517.55,0,2,4,3,98,7,54,6,Monthly,1,0
1704,62,Female,Mumbai,Prepaid,38,14.78,237,58,135,321.85,1,2,5,5,76,10,43,4,Annual,1,0
1705,21,Female,Chennai,Postpaid,11,1.34,819,25,86,560.22,5,3,7,3,95,41,20,7,Annual,1,1
1706,53,Female,Chennai,Postpaid,67,25.28,300,115,59,446.37,6,0,2,2,44,41,44,8,Annual,1,1
1707,23,Male,Delhi,Postpaid,15,70.75,431,79,163,289.8,6,1,1,3,58,42,31,6,Two-Year,1,1
1708,48,Female,Chennai,Postpaid,1,10.82,76,18,2,776.07,6,5,7,5,64,32,15,1,Annual,0,0
1709,36,Female,Mumbai,Prepaid,7,90.98,260,6,14,235.33,2,4,0,4,62,14,48,8,Two-Year,0,0
1710,61,Male,Chennai,Postpaid,1,22.29,50,112,101,819.01,5,2,1,1,74,36,28,1,Annual,1,1
1711,56,Male,Bangalore,Postpaid,49,21.25,108,149,254,605.3,5,3,9,1,89,13,6,9,Two-Year,1,0
1712,44,Female,Chennai,Postpaid,29,18.97,315,82,224,848.83,0,3,0,2,66,25,3,2,Monthly,1,0
1713,27,Male,Mumbai,Postpaid,26,2.38,881,52,209,104.28,2,4,4,2,48,7,38,10,Monthly,1,0
1714,43,Male,Delhi,Postpaid,45,77.41,863,95,22,774.27,5,4,7,5,76,48,23,6,Two-Year,0,1
1715,36,Female,Kolkata,Prepaid,71,87.63,465,140,234,146.36,3,0,1,3,31,3,58,8,Monthly,1,0
1716,56,Male,Chennai,Prepaid,12,61.8,600,21,130,955.09,0,2,3,5,49,35,3,5,Monthly,1,0
1717,20,Male,Mumbai,Postpaid,32,19.63,310,16,157,732.47,0,2,3,0,86,17,53,2,Two-Year,0,1
1718,62,Female,Kolkata,Prepaid,20,29.24,208,30,172,388.16,0,4,6,2,57,26,45,5,Annual,1,0
1719,30,Female,Kolkata,Prepaid,51,48.12,668,41,16,387.87,3,5,0,2,51,18,44,1,Annual,0,1
1720,67,Male,Bangalore,Postpaid,36,95.48,497,74,369,875.34,7,1,8,2,22,2,8,8,Two-Year,1,0
1721,45,Male,Kolkata,Postpaid,67,25.49,115,83,441,912.56,3,2,2,5,29,8,2,8,Monthly,1,1
1722,37,Female,Mumbai,Postpaid,1,73.43,410,94,313,902.42,1,3,5,5,69,38,7,2,Annual,0,0
1723,45,Male,Mumbai,Prepaid,27,44.51,714,45,479,827.87,7,5,9,3,70,1,17,6,Annual,1,0
1724,25,Male,Chennai,Postpaid,40,30.49,486,146,365,837.13,4,4,4,4,29,8,7,8,Monthly,0,1
1725,58,Male,Chennai,Prepaid,14,46.14,131,133,184,615.49,2,2,3,2,36,5,33,10,Two-Year,0,0
1726,56,Female,Chennai,Prepaid,69,8.05,86,21,390,125.41,4,0,8,4,47,37,36,8,Two-Year,0,0
1727,18,Male,Kolkata,Prepaid,6,80.07,321,57,422,178.1,0,4,8,5,31,27,47,7,Annual,0,0
1728,20,Male,Kolkata,Postpaid,33,25.09,121,122,333,684.6,5,3,0,3,69,47,4,3,Two-Year,1,0
1729,30,Female,Bangalore,Prepaid,55,72.82,870,113,441,461.05,0,0,6,5,34,33,44,4,Monthly,1,1
1730,45,Male,Chennai,Postpaid,19,7.77,818,140,183,610.58,5,4,9,0,95,28,16,1,Two-Year,0,0
1731,66,Male,Delhi,Postpaid,29,95.55,691,81,142,307.97,1,4,8,1,75,47,21,9,Two-Year,0,0
1732,42,Female,Bangalore,Postpaid,61,20.11,527,84,43,684.48,6,2,4,1,67,2,18,10,Two-Year,0,0
1733,50,Female,Delhi,Postpaid,70,88.39,206,49,11,318.55,4,0,0,5,31,15,46,10,Two-Year,0,0
1734,55,Female,Kolkata,Postpaid,24,81.14,107,22,7,514.73,6,4,7,1,58,43,46,2,Monthly,0,0
1735,23,Female,Bangalore,Prepaid,23,96.82,468,103,79,530.85,6,5,4,1,34,34,28,10,Two-Year,1,1
1736,61,Male,Bangalore,Prepaid,10,48.31,850,72,296,259.9,0,3,5,3,15,10,43,7,Annual,1,0
1737,62,Male,Mumbai,Prepaid,54,73.01,239,87,161,888.59,4,0,6,1,78,42,16,8,Two-Year,0,1
1738,49,Female,Kolkata,Prepaid,41,37.7,177,54,301,573.24,7,5,9,3,51,22,47,4,Annual,1,1
1739,62,Female,Kolkata,Prepaid,49,19.25,818,29,215,880.11,7,2,6,0,65,29,22,10,Monthly,1,0
1740,64,Male,Bangalore,Postpaid,17,44.86,786,125,247,336.28,1,1,6,2,5,47,6,1,Two-Year,0,1
1741,38,Female,Kolkata,Postpaid,56,17.41,17,72,28,255.1,4,4,0,2,13,4,30,5,Annual,1,0
1742,33,Male,Bangalore,Prepaid,45,98.22,181,60,271,116.21,5,1,6,2,28,7,56,10,Two-Year,0,1
1743,38,Female,Mumbai,Prepaid,30,10.53,963,43,132,184.48,2,4,2,3,25,42,45,10,Two-Year,0,0
1744,28,Male,Bangalore,Prepaid,44,59.33,369,67,4,232.72,6,5,4,3,17,42,58,6,Annual,1,0
1745,54,Female,Kolkata,Postpaid,55,63.02,204,132,243,170.97,7,2,9,3,3,49,28,7,Monthly,1,1
1746,53,Female,Kolkata,Postpaid,19,54.27,278,139,29,907.19,1,2,4,0,56,9,17,1,Monthly,0,1
1747,52,Male,Bangalore,Postpaid,29,66.56,28,126,116,920.29,4,2,7,4,52,27,36,4,Monthly,1,0
1748,36,Female,Bangalore,Prepaid,2,12.5,363,63,177,943.63,0,2,6,3,24,35,12,5,Monthly,0,1
1749,37,Male,Bangalore,Prepaid,36,55.95,873,52,497,963.87,3,0,6,3,46,9,50,5,Monthly,0,1
1750,35,Male,Chennai,Prepaid,19,29.43,58,137,260,542.65,3,0,5,2,51,13,59,7,Monthly,0,0
1751,64,Male,Kolkata,Prepaid,7,94.08,473,40,234,577.02,1,4,6,5,92,37,40,4,Two-Year,0,0
1752,58,Male,Kolkata,Postpaid,26,76.45,365,92,140,217.75,7,0,6,1,33,36,12,10,Two-Year,0,0
1753,66,Male,Chennai,Prepaid,38,97.28,859,29,482,223.35,3,4,4,1,15,46,36,7,Annual,0,1
1754,31,Female,Bangalore,Prepaid,3,4.72,983,23,304,795.48,7,0,4,0,93,4,40,8,Monthly,0,0
1755,32,Female,Mumbai,Prepaid,66,29.23,167,139,344,870.16,2,0,3,1,86,5,29,2,Monthly,1,0
1756,48,Male,Bangalore,Postpaid,71,20.35,75,70,49,806.24,1,0,3,4,35,29,2,1,Monthly,1,0
1757,18,Female,Bangalore,Postpaid,43,2.1,982,84,269,851.12,0,3,4,2,27,18,29,10,Annual,0,0
1758,20,Male,Chennai,Prepaid,62,24.99,868,129,107,348.91,0,2,9,0,64,48,30,10,Two-Year,1,0
1759,33,Female,Kolkata,Postpaid,71,68.2,580,107,45,519.46,1,3,8,1,71,13,36,1,Two-Year,1,0
1760,40,Female,Bangalore,Postpaid,24,23.88,830,133,473,513.28,3,0,5,1,52,10,44,1,Monthly,0,0
1761,28,Female,Kolkata,Postpaid,39,51.39,317,135,81,995.76,3,0,7,5,41,45,25,9,Two-Year,0,0
1762,29,Female,Delhi,Postpaid,68,88.89,346,131,125,954.26,0,3,8,2,78,4,21,4,Two-Year,1,0
1763,27,Male,Kolkata,Postpaid,44,69.68,680,25,83,638.64,2,5,3,0,97,44,22,9,Two-Year,0,1
1764,49,Male,Mumbai,Prepaid,5,40.07,792,130,289,224.18,5,4,6,2,18,30,10,7,Monthly,1,0
1765,33,Female,Mumbai,Prepaid,55,37.87,130,128,70,332.74,3,2,4,0,43,43,31,7,Two-Year,0,0
1766,25,Female,Bangalore,Prepaid,30,46.12,775,15,174,427.39,2,4,3,1,29,31,47,2,Two-Year,0,1
1767,55,Male,Kolkata,Postpaid,29,18.53,413,26,315,885.89,6,5,6,2,73,23,9,2,Annual,0,0
1768,29,Female,Bangalore,Postpaid,26,63.77,782,115,329,253.57,3,2,2,2,43,9,41,5,Monthly,0,0
1769,41,Male,Chennai,Postpaid,26,37.05,656,129,462,297.77,5,1,0,4,26,12,39,10,Two-Year,1,0
1770,45,Male,Mumbai,Postpaid,37,85.38,795,61,336,414.45,1,2,6,5,83,46,59,1,Monthly,0,0
1771,25,Male,Bangalore,Prepaid,53,75.9,577,93,394,934.22,4,4,8,2,88,12,34,7,Two-Year,0,1
1772,45,Female,Chennai,Prepaid,30,61.44,852,135,353,553.43,0,2,1,0,72,35,39,7,Monthly,0,1
1773,53,Male,Bangalore,Prepaid,3,37.06,105,132,90,682.15,1,1,6,4,33,21,41,8,Two-Year,1,1
1774,43,Female,Kolkata,Prepaid,43,21.78,123,49,468,448.5,3,1,9,2,84,8,50,7,Two-Year,1,1
1775,25,Male,Kolkata,Prepaid,7,77.84,996,40,350,269.67,5,0,1,2,23,18,23,8,Annual,0,0
1776,67,Female,Kolkata,Prepaid,49,49.15,995,91,433,300.52,0,1,2,4,55,6,12,3,Monthly,0,0
1777,45,Female,Kolkata,Postpaid,41,23.25,878,122,248,822.4,4,3,9,1,6,14,7,3,Two-Year,0,0
1778,45,Female,Delhi,Postpaid,54,20.32,438,76,131,904.13,4,4,9,2,67,16,32,8,Annual,0,0
1779,54,Male,Chennai,Prepaid,69,17.37,549,72,168,543.77,5,3,2,3,50,45,19,9,Annual,1,0
1780,58,Male,Chennai,Postpaid,27,77.94,827,107,442,421.3,5,5,3,5,7,13,22,10,Monthly,1,0
1781,53,Female,Kolkata,Prepaid,8,23.67,11,33,59,827.05,3,3,5,1,55,40,56,4,Monthly,0,0
1782,44,Female,Delhi,Prepaid,32,53.14,221,109,368,705.79,0,4,2,2,76,47,16,8,Annual,0,0
1783,34,Female,Kolkata,Postpaid,64,45.7,589,77,336,136.79,6,5,8,1,57,1,58,1,Monthly,1,0
1784,26,Male,Delhi,Prepaid,10,58.38,649,123,240,415.67,6,3,1,0,84,13,8,2,Monthly,0,0
1785,50,Male,Kolkata,Prepaid,13,87.84,342,89,189,713.96,7,3,6,1,98,3,30,10,Monthly,0,0
1786,37,Male,Mumbai,Prepaid,63,86.91,33,93,495,616.31,3,5,5,4,68,2,51,10,Two-Year,1,0
1787,30,Male,Mumbai,Postpaid,35,45.66,774,93,339,980.26,4,3,1,2,7,2,6,10,Monthly,0,0
1788,45,Female,Bangalore,Postpaid,61,2.52,377,80,280,879.5,1,1,2,1,65,10,2,9,Monthly,1,0
1789,65,Female,Kolkata,Postpaid,54,43.22,751,143,231,153.76,1,4,5,3,23,4,34,2,Annual,0,0
1790,46,Male,Chennai,Postpaid,8,61.01,515,120,470,753.19,2,4,9,0,41,47,29,2,Annual,0,0
1791,30,Male,Bangalore,Prepaid,29,56.22,185,143,462,402.69,4,4,3,0,53,28,40,8,Annual,1,0
1792,63,Female,Mumbai,Postpaid,41,65.48,438,57,288,713.87,6,3,0,1,15,27,59,5,Monthly,1,1
1793,52,Male,Kolkata,Postpaid,30,16.25,896,146,274,655.5,6,1,0,4,3,22,42,5,Monthly,1,0
1794,23,Male,Bangalore,Postpaid,21,65.01,742,68,312,552.75,4,4,2,0,58,29,53,6,Annual,1,1
1795,35,Male,Kolkata,Prepaid,11,19.08,451,142,14,867.65,3,2,7,1,93,22,53,8,Annual,1,0
1796,68,Male,Mumbai,Postpaid,2,75.3,557,35,40,737.82,2,4,3,1,45,40,43,8,Two-Year,1,0
1797,22,Male,Bangalore,Postpaid,50,34.57,523,40,452,900.6,7,0,0,0,93,21,52,9,Two-Year,0,1
1798,64,Male,Mumbai,Prepaid,41,71.28,904,14,207,353.44,5,2,7,1,98,42,59,10,Two-Year,0,0
1799,42,Female,Delhi,Prepaid,66,5.74,370,30,59,413.31,2,4,9,1,12,11,58,3,Monthly,1,0
1800,19,Male,Mumbai,Prepaid,3,41.38,283,24,364,659.76,0,3,5,5,36,26,20,9,Monthly,0,0
1801,27,Male,Kolkata,Prepaid,51,70.8,186,129,239,969.82,3,4,0,3,53,39,56,3,Annual,0,1
1802,47,Female,Chennai,Postpaid,68,23.46,273,48,95,434.42,5,1,9,1,48,45,3,1,Two-Year,1,0
1803,67,Female,Mumbai,Prepaid,25,79.73,195,66,277,129.06,5,1,9,5,74,48,59,5,Monthly,0,0
1804,62,Female,Chennai,Postpaid,30,63.45,536,83,426,501.3,6,4,5,5,57,14,48,7,Two-Year,1,1
1805,22,Male,Delhi,Postpaid,11,59.17,922,13,159,589.54,1,3,0,1,18,46,35,3,Two-Year,1,0
1806,50,Female,Bangalore,Postpaid,17,36.0,288,75,396,820.89,0,3,9,4,17,22,8,9,Monthly,1,0
1807,18,Male,Bangalore,Postpaid,26,48.76,715,94,421,755.74,2,3,9,0,59,43,51,1,Two-Year,1,0
1808,35,Male,Chennai,Postpaid,23,60.14,207,28,281,968.2,1,4,2,5,16,40,12,6,Annual,1,0
1809,49,Male,Bangalore,Prepaid,56,47.77,358,144,499,804.41,4,4,1,5,10,43,50,6,Annual,1,0
1810,64,Female,Mumbai,Postpaid,52,70.13,932,64,208,368.77,3,0,3,4,14,18,45,8,Monthly,1,0
1811,66,Female,Chennai,Postpaid,48,43.94,430,88,132,677.24,7,1,1,2,71,43,43,3,Two-Year,1,0
1812,28,Female,Kolkata,Postpaid,20,21.03,314,124,380,705.02,2,2,4,4,92,10,32,5,Annual,0,0
1813,38,Female,Mumbai,Prepaid,2,22.18,73,82,432,998.22,4,2,3,2,16,37,29,10,Two-Year,1,0
1814,43,Female,Mumbai,Postpaid,31,1.57,299,20,96,224.86,5,1,5,2,89,39,45,5,Annual,0,1
1815,42,Male,Mumbai,Postpaid,27,30.79,27,33,218,272.19,6,5,6,4,4,42,21,8,Annual,1,0
1816,39,Male,Kolkata,Prepaid,2,75.14,73,123,388,239.96,2,0,1,3,60,2,59,7,Two-Year,0,0
1817,44,Male,Delhi,Postpaid,4,79.62,883,39,484,630.15,1,1,1,4,3,15,3,3,Monthly,1,0
1818,66,Male,Bangalore,Postpaid,13,21.04,339,47,70,221.77,0,0,7,5,55,31,38,7,Monthly,1,0
1819,30,Female,Chennai,Prepaid,35,95.95,879,100,431,690.41,1,5,8,0,87,37,27,10,Monthly,0,1
1820,50,Female,Delhi,Postpaid,72,50.74,772,123,273,823.4,3,0,4,4,74,8,55,8,Two-Year,0,0
1821,51,Male,Chennai,Postpaid,66,91.78,949,57,350,489.51,6,3,6,3,93,40,3,5,Two-Year,1,0
1822,58,Female,Bangalore,Postpaid,6,70.97,26,24,133,604.62,3,1,8,4,47,37,57,5,Two-Year,1,0
1823,52,Female,Kolkata,Postpaid,31,72.52,452,119,65,921.45,2,2,0,3,47,4,58,1,Monthly,0,0
1824,18,Male,Mumbai,Postpaid,10,9.42,150,12,126,612.61,1,4,7,0,34,0,1,8,Two-Year,1,1
1825,38,Male,Mumbai,Prepaid,21,22.78,317,126,204,287.74,0,5,9,1,32,34,46,6,Monthly,0,0
1826,65,Female,Kolkata,Prepaid,23,1.87,453,46,297,408.87,5,5,9,3,99,34,55,6,Annual,1,0
1827,23,Female,Delhi,Prepaid,3,71.9,505,81,116,576.86,3,4,8,3,20,11,20,5,Monthly,1,0
1828,45,Male,Delhi,Postpaid,32,35.1,435,74,435,239.41,0,1,8,5,4,35,7,5,Monthly,0,0
1829,34,Male,Chennai,Postpaid,20,78.88,484,115,266,651.27,4,4,9,3,63,20,57,3,Monthly,1,0
1830,22,Male,Kolkata,Postpaid,29,34.55,841,20,281,999.32,2,0,6,0,68,47,41,3,Two-Year,1,1
1831,48,Female,Delhi,Prepaid,52,82.11,254,73,148,687.28,0,4,9,2,20,42,1,2,Monthly,1,0
1832,22,Male,Kolkata,Postpaid,46,13.94,459,57,193,435.17,2,0,2,3,88,7,10,9,Annual,0,0
1833,55,Male,Bangalore,Postpaid,34,18.16,811,10,167,398.57,4,0,4,0,73,26,45,8,Annual,1,0
1834,20,Female,Mumbai,Postpaid,61,34.75,360,127,311,938.44,0,2,1,5,82,8,12,3,Annual,0,0
1835,40,Female,Mumbai,Prepaid,72,41.44,608,37,373,884.36,6,4,9,5,31,27,4,5,Annual,0,0
1836,54,Female,Mumbai,Prepaid,71,35.52,720,19,178,525.12,0,2,2,1,17,29,7,10,Annual,0,1
1837,54,Female,Kolkata,Postpaid,70,76.6,879,18,147,418.07,5,4,9,3,57,13,10,5,Annual,0,0
1838,27,Female,Kolkata,Postpaid,11,10.6,969,67,464,739.42,4,0,6,2,97,22,22,8,Monthly,1,0
1839,27,Male,Chennai,Postpaid,63,35.77,170,9,463,383.05,7,4,0,0,78,28,25,6,Two-Year,0,0
1840,36,Male,Mumbai,Prepaid,21,83.89,149,125,56,207.46,6,5,2,1,23,25,29,7,Two-Year,0,1
1841,34,Female,Chennai,Prepaid,3,7.61,502,94,489,379.14,6,5,4,2,4,21,39,5,Annual,1,1
1842,38,Female,Mumbai,Prepaid,10,94.29,597,111,4,490.87,1,2,3,1,52,14,15,1,Monthly,1,0
1843,31,Female,Chennai,Postpaid,27,98.65,540,20,13,329.87,7,3,2,2,95,8,19,8,Annual,0,0
1844,26,Female,Chennai,Prepaid,12,9.77,402,103,279,295.13,0,5,5,4,72,25,39,4,Annual,0,0
1845,63,Female,Bangalore,Postpaid,7,29.84,851,57,498,105.53,5,2,5,4,54,16,58,5,Annual,1,0
1846,18,Male,Chennai,Postpaid,17,37.87,410,81,323,667.76,0,3,3,4,4,8,46,1,Annual,1,0
1847,68,Male,Kolkata,Prepaid,65,77.86,59,97,435,653.0,5,1,8,1,68,2,53,3,Two-Year,1,0
1848,62,Male,Chennai,Postpaid,64,60.0,753,102,303,269.22,6,2,5,4,40,15,46,2,Two-Year,0,1
1849,30,Male,Mumbai,Prepaid,26,64.79,304,102,215,949.29,3,5,8,0,97,12,18,2,Monthly,0,0
1850,21,Female,Chennai,Postpaid,15,75.99,434,147,174,468.61,6,5,9,0,6,25,42,1,Monthly,0,0
1851,18,Male,Delhi,Postpaid,33,12.68,915,63,315,122.93,1,4,9,4,89,16,3,6,Annual,1,1
1852,66,Female,Mumbai,Prepaid,62,83.49,21,141,456,297.79,0,3,1,2,0,31,6,8,Two-Year,0,0
1853,57,Female,Delhi,Postpaid,47,70.86,344,30,2,722.86,7,5,5,2,51,23,22,3,Annual,0,0
1854,49,Female,Mumbai,Postpaid,35,58.16,24,7,374,281.46,4,4,3,1,97,35,55,1,Two-Year,1,0
1855,51,Male,Kolkata,Postpaid,65,89.08,37,104,136,148.52,2,3,1,2,25,21,54,10,Two-Year,0,0
1856,45,Female,Kolkata,Postpaid,72,70.33,397,51,465,655.94,4,2,4,3,95,8,41,2,Monthly,1,0
1857,48,Male,Kolkata,Postpaid,25,20.97,301,9,99,566.52,1,2,2,2,62,21,46,3,Monthly,1,1
1858,25,Male,Delhi,Postpaid,57,43.54,896,66,82,785.14,3,4,5,0,11,40,53,6,Two-Year,1,0
1859,56,Female,Bangalore,Postpaid,32,49.91,842,88,279,795.37,3,2,7,5,69,49,31,3,Monthly,1,1
1860,43,Female,Mumbai,Postpaid,63,6.47,259,137,131,963.94,3,4,3,2,83,45,21,9,Annual,0,0
1861,51,Female,Kolkata,Prepaid,12,95.51,514,142,392,151.32,5,0,3,1,18,19,56,1,Two-Year,0,0
1862,20,Male,Mumbai,Prepaid,63,13.73,107,84,480,135.09,4,3,4,2,79,2,8,7,Two-Year,1,0
1863,67,Female,Delhi,Postpaid,1,70.05,824,67,0,988.48,7,4,5,1,3,35,1,10,Two-Year,0,0
1864,29,Male,Bangalore,Postpaid,51,51.12,346,29,115,680.36,2,3,6,3,95,32,3,8,Annual,0,0
1865,18,Female,Delhi,Prepaid,70,3.54,48,48,498,743.83,6,0,5,4,81,17,29,9,Two-Year,1,0
1866,61,Female,Mumbai,Postpaid,8,92.55,47,18,418,186.83,6,3,6,3,4,35,54,8,Monthly,0,0
1867,22,Male,Bangalore,Prepaid,68,85.33,309,90,201,162.83,2,4,8,0,53,9,6,5,Annual,1,0
1868,47,Male,Bangalore,Prepaid,5,52.9,188,23,139,244.23,6,2,3,5,69,35,33,1,Two-Year,0,1
1869,47,Male,Delhi,Prepaid,39,23.67,618,106,145,484.48,5,3,9,3,56,20,18,1,Annual,0,1
1870,34,Male,Kolkata,Postpaid,23,13.04,901,24,461,199.16,0,3,0,3,77,24,42,8,Annual,1,0
1871,65,Male,Mumbai,Postpaid,68,36.98,478,83,265,501.7,5,5,8,0,51,48,55,7,Monthly,1,0
1872,64,Male,Chennai,Postpaid,52,26.29,291,143,201,605.38,2,5,6,0,17,39,49,5,Monthly,1,0
1873,40,Female,Chennai,Prepaid,4,51.16,759,102,401,100.3,2,0,3,4,63,8,58,10,Monthly,0,0
1874,32,Female,Delhi,Prepaid,47,96.67,173,125,151,202.82,7,1,9,4,9,47,53,3,Two-Year,0,1
1875,54,Male,Mumbai,Prepaid,21,57.92,462,21,384,437.68,7,2,7,2,22,26,1,9,Two-Year,0,0
1876,38,Female,Mumbai,Postpaid,56,89.1,106,54,221,148.0,0,4,6,1,81,14,22,4,Monthly,1,1
1877,31,Male,Delhi,Prepaid,66,65.44,778,14,78,220.18,4,0,1,0,67,31,31,6,Monthly,0,0
1878,19,Female,Mumbai,Prepaid,59,48.05,318,62,199,308.62,4,4,0,3,51,47,23,4,Two-Year,1,1
1879,28,Female,Kolkata,Postpaid,7,85.61,271,99,249,486.64,1,4,8,3,95,43,8,9,Monthly,1,1
1880,68,Male,Delhi,Prepaid,49,47.67,302,111,98,743.35,7,3,6,4,46,49,29,4,Annual,1,1
1881,56,Male,Kolkata,Prepaid,16,86.99,779,143,465,219.42,4,0,9,1,69,38,44,8,Annual,0,0
1882,55,Male,Mumbai,Postpaid,17,29.87,258,37,488,764.16,3,0,0,0,25,15,51,3,Annual,1,0
1883,51,Female,Delhi,Postpaid,34,13.75,254,50,399,869.55,7,5,3,4,69,27,46,8,Two-Year,0,1
1884,55,Male,Mumbai,Prepaid,33,85.68,260,133,212,686.33,7,2,4,1,98,5,19,3,Monthly,1,0
1885,67,Female,Delhi,Postpaid,26,59.15,132,66,142,139.35,3,1,4,0,42,5,59,5,Annual,1,0
1886,51,Male,Mumbai,Prepaid,66,89.02,334,91,189,496.59,7,4,4,3,68,37,49,1,Two-Year,0,1
1887,35,Female,Kolkata,Postpaid,63,93.84,995,77,388,694.06,7,2,2,3,62,46,16,6,Monthly,1,0
1888,47,Female,Kolkata,Prepaid,41,6.31,690,5,300,980.66,1,5,4,4,77,1,19,2,Monthly,0,0
1889,32,Male,Mumbai,Postpaid,58,50.6,956,25,373,956.63,2,2,3,1,65,40,37,3,Annual,1,0
1890,44,Female,Delhi,Prepaid,10,38.12,510,26,51,456.13,7,4,4,3,62,39,22,1,Monthly,0,0
1891,68,Female,Chennai,Postpaid,15,62.96,696,8,454,654.34,1,3,6,1,12,6,19,6,Monthly,1,0
1892,51,Male,Kolkata,Postpaid,42,79.57,790,69,111,901.73,0,3,4,4,50,26,4,5,Annual,1,0
1893,69,Female,Kolkata,Postpaid,57,28.78,725,67,134,847.94,1,4,7,2,4,27,5,10,Annual,1,0
1894,55,Male,Chennai,Postpaid,17,56.12,846,147,410,531.48,1,5,7,1,46,15,5,2,Monthly,0,0
1895,50,Male,Mumbai,Postpaid,60,71.16,75,40,472,335.12,5,5,2,5,35,46,25,8,Two-Year,1,0
1896,41,Male,Delhi,Postpaid,9,14.31,836,33,469,223.39,3,0,4,1,35,8,24,9,Two-Year,1,1
1897,32,Male,Mumbai,Postpaid,36,81.59,845,73,111,539.18,0,1,3,4,49,14,1,3,Annual,0,0
1898,47,Female,Bangalore,Prepaid,36,61.0,68,115,12,750.56,5,3,4,5,55,33,50,6,Monthly,0,1
1899,59,Female,Kolkata,Prepaid,48,95.0,740,148,272,972.79,0,1,7,2,18,19,28,6,Annual,0,0
1900,68,Female,Bangalore,Postpaid,51,34.61,507,104,232,875.63,1,2,3,3,19,13,47,10,Two-Year,0,1
1901,34,Male,Kolkata,Postpaid,70,11.71,382,45,43,283.82,7,2,4,0,21,10,21,6,Two-Year,1,0
1902,22,Female,Kolkata,Prepaid,68,51.14,275,52,396,747.8,5,4,6,4,30,29,19,8,Monthly,1,0
1903,46,Female,Bangalore,Prepaid,22,9.5,662,134,473,360.19,5,4,2,0,61,2,23,5,Annual,1,0
1904,21,Male,Bangalore,Postpaid,6,96.98,245,148,72,715.13,0,4,5,2,43,1,14,10,Annual,1,1
1905,27,Male,Mumbai,Prepaid,26,4.83,907,115,260,699.22,0,5,8,5,67,49,59,10,Two-Year,1,1
1906,34,Female,Bangalore,Prepaid,3,75.6,227,66,230,345.19,4,3,3,2,66,13,6,8,Annual,0,1
1907,27,Male,Mumbai,Postpaid,52,52.99,536,111,32,310.95,6,1,3,1,88,28,32,3,Annual,1,0
1908,34,Male,Mumbai,Postpaid,60,37.49,823,110,387,193.54,0,2,5,0,48,4,50,7,Annual,0,0
1909,37,Male,Mumbai,Postpaid,63,7.52,450,136,475,145.49,5,1,5,0,58,43,32,1,Monthly,1,0
1910,41,Male,Kolkata,Prepaid,65,62.59,659,117,409,872.61,2,3,2,2,3,45,8,4,Two-Year,1,0
1911,22,Female,Kolkata,Postpaid,52,58.94,415,72,67,144.86,0,1,0,5,38,5,37,5,Annual,0,0
1912,51,Male,Bangalore,Postpaid,14,28.81,753,93,15,179.87,3,1,2,0,6,7,22,7,Monthly,0,0
1913,23,Male,Kolkata,Prepaid,72,91.11,610,82,484,314.97,4,5,7,3,70,38,8,6,Annual,1,0
1914,19,Male,Bangalore,Postpaid,68,31.11,984,79,149,898.89,3,4,7,2,48,38,38,6,Annual,1,0
1915,30,Male,Kolkata,Prepaid,28,45.52,598,29,291,399.65,6,5,5,1,88,43,10,2,Two-Year,1,0
1916,60,Male,Delhi,Prepaid,71,54.83,657,11,101,272.62,3,5,6,1,14,28,3,2,Monthly,0,0
1917,60,Male,Delhi,Prepaid,10,10.92,926,117,185,744.0,2,1,1,1,6,38,13,2,Annual,1,0
1918,65,Male,Bangalore,Prepaid,57,93.28,478,40,438,387.16,7,1,8,0,46,43,39,10,Two-Year,0,1
1919,28,Male,Kolkata,Prepaid,66,38.08,927,14,418,400.03,4,5,2,2,67,26,30,8,Monthly,0,1
1920,68,Female,Kolkata,Prepaid,50,9.0,119,117,24,765.08,6,1,1,1,97,15,4,7,Annual,0,0
1921,64,Male,Mumbai,Postpaid,14,39.34,362,40,71,326.49,1,5,4,2,44,26,45,1,Two-Year,0,0
1922,40,Female,Chennai,Postpaid,16,60.42,822,22,80,907.08,5,0,0,0,18,38,6,9,Annual,0,0
1923,33,Male,Bangalore,Postpaid,54,51.85,100,138,60,605.28,5,5,4,3,46,39,16,8,Annual,0,0
1924,48,Male,Chennai,Prepaid,43,69.76,945,139,17,584.05,0,2,9,3,52,0,22,9,Monthly,0,0
1925,28,Male,Chennai,Postpaid,42,6.49,891,106,241,338.28,5,2,3,3,26,44,27,4,Two-Year,1,0
1926,33,Male,Bangalore,Prepaid,22,29.17,927,144,57,851.58,2,1,5,0,4,32,21,5,Monthly,0,0
1927,25,Female,Kolkata,Postpaid,68,82.1,423,29,331,615.47,5,5,4,1,59,49,29,5,Annual,0,0
1928,21,Male,Bangalore,Prepaid,19,8.91,711,37,376,239.96,2,5,8,0,76,38,1,9,Two-Year,1,0
1929,57,Male,Chennai,Postpaid,66,85.69,82,91,56,285.67,1,4,4,2,61,26,30,8,Annual,1,0
1930,21,Female,Kolkata,Prepaid,39,10.1,694,77,96,521.43,7,4,7,3,58,16,24,10,Annual,0,0
1931,42,Female,Delhi,Postpaid,19,83.61,556,10,214,801.68,2,4,1,2,60,14,13,6,Annual,1,1
1932,20,Male,Bangalore,Prepaid,16,36.72,731,141,318,945.37,1,5,2,0,55,21,30,10,Two-Year,1,0
1933,49,Female,Bangalore,Postpaid,54,61.61,307,71,11,697.15,1,5,2,4,77,18,26,10,Annual,0,0
1934,20,Female,Kolkata,Prepaid,25,16.14,654,148,10,555.53,1,2,2,4,93,27,34,1,Two-Year,1,1
1935,44,Female,Delhi,Postpaid,18,7.55,292,97,396,325.66,2,3,5,0,46,22,20,7,Annual,0,0
1936,46,Male,Delhi,Postpaid,23,22.38,514,112,162,705.58,6,1,6,1,47,35,51,9,Monthly,1,0
1937,49,Male,Kolkata,Postpaid,11,13.66,207,30,282,984.02,1,2,6,5,9,48,6,4,Two-Year,0,0
1938,67,Male,Mumbai,Prepaid,39,31.93,967,42,216,528.6,7,4,6,2,31,38,43,4,Annual,1,0
1939,68,Female,Bangalore,Prepaid,68,51.92,41,146,359,245.93,6,2,2,0,64,47,49,5,Monthly,0,0
1940,36,Male,Bangalore,Prepaid,25,59.29,657,107,322,193.01,2,2,0,0,23,48,9,8,Two-Year,0,0
1941,38,Female,Chennai,Prepaid,63,79.2,769,46,240,342.33,7,2,5,4,28,19,37,5,Monthly,0,0
1942,22,Male,Kolkata,Prepaid,30,65.97,880,70,344,612.5,4,4,2,3,6,46,37,4,Annual,0,0
1943,35,Male,Chennai,Postpaid,45,61.27,350,46,44,952.12,7,3,2,3,94,8,16,8,Monthly,1,0
1944,45,Female,Chennai,Prepaid,61,41.77,667,42,457,369.25,1,0,2,5,16,22,4,5,Annual,0,0
1945,59,Male,Delhi,Postpaid,51,47.91,343,145,80,374.85,2,1,8,1,93,44,32,8,Annual,1,0
1946,39,Female,Bangalore,Postpaid,9,42.04,152,110,254,533.06,2,1,3,1,24,6,20,1,Two-Year,1,0
1947,38,Female,Chennai,Prepaid,2,84.37,755,100,66,926.69,6,2,4,5,91,30,29,3,Annual,0,0
1948,23,Male,Delhi,Postpaid,5,23.77,419,74,492,477.15,2,3,2,1,35,10,31,7,Annual,0,0
1949,18,Female,Kolkata,Prepaid,62,1.57,958,42,405,300.91,0,4,9,4,60,39,45,1,Two-Year,1,0
1950,22,Male,Chennai,Prepaid,69,65.48,53,101,101,246.82,6,0,0,0,70,16,17,5,Two-Year,1,1
1951,58,Male,Bangalore,Prepaid,52,21.04,41,112,461,511.31,6,0,3,1,34,35,41,6,Annual,0,0
1952,29,Female,Chennai,Postpaid,5,89.12,752,123,90,820.61,0,2,0,4,83,25,25,1,Annual,0,0
1953,43,Male,Kolkata,Prepaid,59,86.05,37,78,41,362.22,1,2,6,2,77,35,45,7,Two-Year,0,0
1954,63,Female,Chennai,Prepaid,68,8.6,432,61,275,561.27,5,4,6,0,49,17,16,9,Two-Year,0,0
1955,51,Male,Bangalore,Prepaid,9,11.53,500,114,303,642.71,4,4,3,5,55,30,20,9,Monthly,1,1
1956,66,Male,Delhi,Postpaid,22,50.02,169,83,273,505.42,5,5,4,2,93,48,42,3,Monthly,0,1
1957,31,Male,Bangalore,Prepaid,27,61.31,854,40,383,272.52,1,4,9,3,64,34,10,4,Monthly,0,0
1958,43,Male,Delhi,Postpaid,10,28.22,216,61,76,929.57,3,2,6,3,40,40,52,1,Two-Year,1,1
1959,62,Male,Mumbai,Postpaid,61,71.96,27,133,233,608.9,3,3,5,0,24,27,48,4,Two-Year,0,1
1960,44,Female,Bangalore,Prepaid,51,59.9,112,7,453,756.22,7,2,3,1,33,25,23,5,Two-Year,1,1
1961,26,Female,Bangalore,Postpaid,10,33.16,591,18,201,672.44,4,2,3,0,7,5,52,7,Monthly,0,1
1962,43,Female,Kolkata,Postpaid,6,3.51,640,38,484,998.24,6,0,1,1,55,33,33,5,Annual,0,1
1963,64,Female,Chennai,Prepaid,62,75.26,660,74,220,510.68,4,4,9,5,83,27,43,8,Annual,0,0
1964,39,Female,Delhi,Prepaid,5,22.26,681,73,261,482.48,4,1,1,3,29,43,13,7,Annual,1,0
1965,64,Female,Delhi,Prepaid,70,83.61,241,108,38,424.13,0,4,3,0,67,46,25,1,Two-Year,0,1
1966,47,Male,Kolkata,Postpaid,63,42.61,669,33,10,425.47,0,5,4,0,20,8,50,2,Annual,1,0
1967,60,Male,Kolkata,Prepaid,56,58.13,874,52,111,348.19,3,3,3,5,90,28,37,7,Annual,0,0
1968,65,Female,Chennai,Postpaid,59,87.42,433,98,408,982.57,4,3,2,1,9,33,36,3,Two-Year,0,0
1969,34,Female,Chennai,Postpaid,63,86.5,913,83,107,883.7,7,4,1,3,86,11,24,2,Two-Year,0,0
1970,43,Male,Bangalore,Postpaid,59,37.78,764,121,491,385.01,2,4,3,3,32,15,6,9,Two-Year,1,0
1971,53,Male,Mumbai,Postpaid,51,21.68,556,148,93,374.71,5,2,4,1,74,6,15,10,Two-Year,0,0
1972,18,Male,Chennai,Postpaid,50,77.74,846,142,310,193.18,3,1,0,5,82,30,55,8,Two-Year,0,0
1973,25,Female,Kolkata,Prepaid,4,43.87,903,71,83,889.33,4,2,0,1,74,32,34,8,Monthly,0,1
1974,66,Female,Chennai,Prepaid,48,20.01,876,136,57,434.59,2,0,5,5,3,6,4,3,Two-Year,1,0
1975,52,Female,Delhi,Postpaid,32,90.54,248,79,292,615.35,4,0,4,1,22,2,14,10,Annual,1,0
1976,69,Male,Mumbai,Postpaid,51,20.61,343,32,15,910.34,6,3,3,3,68,19,4,9,Annual,0,0
1977,32,Male,Bangalore,Prepaid,52,3.55,158,125,478,467.29,1,3,0,3,52,4,28,8,Monthly,1,0
1978,64,Female,Delhi,Prepaid,34,3.01,632,13,476,826.18,2,1,6,0,4,2,29,2,Two-Year,1,0
1979,39,Female,Delhi,Postpaid,36,62.61,417,138,325,487.26,6,3,3,5,17,46,18,7,Annual,0,1
1980,31,Male,Mumbai,Postpaid,70,66.51,26,127,92,730.85,5,5,2,3,16,37,58,8,Annual,1,1
1981,43,Male,Bangalore,Prepaid,43,31.79,923,53,479,488.07,1,0,6,5,57,14,20,7,Two-Year,1,0
1982,45,Male,Kolkata,Prepaid,16,32.68,235,95,456,453.48,6,1,1,5,66,34,48,9,Monthly,1,0
1983,40,Male,Bangalore,Postpaid,59,34.61,661,129,164,991.64,0,0,9,2,71,22,41,7,Two-Year,1,0
1984,31,Female,Chennai,Prepaid,53,68.34,665,80,436,651.11,3,4,0,2,55,32,32,7,Two-Year,0,0
1985,41,Male,Delhi,Prepaid,19,6.76,269,108,214,430.65,4,4,3,1,39,1,8,1,Two-Year,1,0
1986,19,Male,Chennai,Postpaid,41,92.98,738,37,143,332.04,3,1,7,5,86,35,43,2,Two-Year,0,1
1987,62,Male,Kolkata,Postpaid,47,23.03,683,57,273,135.79,5,2,5,1,86,20,46,5,Two-Year,0,0
1988,43,Female,Chennai,Postpaid,54,99.97,613,44,402,735.91,4,5,8,1,1,13,49,1,Monthly,0,1
1989,31,Female,Bangalore,Prepaid,55,17.98,183,22,427,434.94,1,5,0,0,20,13,13,10,Annual,0,0
1990,68,Male,Chennai,Postpaid,19,77.38,852,17,385,839.13,2,3,0,2,51,41,40,7,Two-Year,1,1
1991,24,Male,Kolkata,Prepaid,62,23.12,214,78,441,427.48,2,1,4,2,23,10,46,5,Annual,1,0
1992,20,Male,Kolkata,Postpaid,59,9.0,424,100,137,436.0,4,5,5,3,52,3,43,5,Annual,0,0
1993,64,Female,Kolkata,Postpaid,65,87.62,517,109,203,801.26,1,3,7,2,37,46,9,8,Two-Year,1,1
1994,40,Female,Bangalore,Prepaid,68,86.02,162,135,301,540.52,4,0,2,3,19,29,40,9,Annual,1,0
1995,63,Female,Kolkata,Prepaid,28,40.95,112,71,209,896.41,4,2,5,5,49,35,46,10,Two-Year,0,0
1996,60,Male,Delhi,Postpaid,18,70.54,723,37,18,631.12,7,3,2,0,38,19,47,1,Two-Year,0,1
1997,64,Female,Kolkata,Postpaid,26,56.15,801,6,293,316.58,6,4,7,1,59,15,58,10,Two-Year,0,1
1998,62,Male,Chennai,Prepaid,19,85.44,74,79,292,611.44,4,4,3,1,90,33,33,4,Monthly,1,0
1999,35,Male,Chennai,Postpaid,55,32.19,126,78,474,103.6,2,0,1,5,38,44,56,2,Two-Year,0,0
2000,55,Male,Chennai,Prepaid,57,52.84,674,139,367,381.16,7,1,8,3,70,7,12,9,Two-Year,0,1
2001,52,Female,Bangalore,Prepaid,6,49.05,165,147,461,287.16,5,3,9,4,32,44,37,9,Annual,1,1
2002,68,Male,Chennai,Postpaid,1,36.04,685,30,300,688.77,4,0,7,5,28,19,25,1,Monthly,0,1
2003,32,Female,Bangalore,Prepaid,8,89.25,91,143,372,222.43,2,4,5,3,73,20,46,3,Annual,1,0
2004,42,Female,Bangalore,Prepaid,51,17.42,527,132,161,361.09,0,4,2,5,9,39,25,10,Annual,1,0
2005,54,Male,Kolkata,Prepaid,25,15.8,843,31,129,398.18,1,4,1,0,75,29,54,8,Two-Year,0,0
2006,45,Male,Delhi,Postpaid,47,58.11,76,139,43,102.96,0,2,3,5,66,35,16,2,Monthly,0,0
2007,27,Female,Kolkata,Prepaid,55,66.09,247,133,352,142.09,4,2,3,5,2,4,51,2,Monthly,0,0
2008,56,Male,Kolkata,Postpaid,64,20.27,593,25,82,380.01,2,4,0,2,76,20,16,2,Two-Year,0,0
2009,34,Female,Bangalore,Postpaid,10,39.68,616,83,379,300.12,1,5,8,3,30,37,39,5,Monthly,1,0
2010,56,Male,Bangalore,Postpaid,56,94.71,825,98,123,205.22,3,1,9,0,26,22,35,9,Two-Year,0,0
2011,39,Female,Chennai,Prepaid,12,25.42,988,12,26,238.75,1,2,7,1,69,18,23,7,Monthly,0,0
2012,43,Female,Chennai,Prepaid,33,67.17,335,87,303,851.98,1,3,6,4,26,9,8,7,Monthly,1,0
2013,61,Female,Kolkata,Postpaid,71,74.27,599,7,349,714.99,7,2,5,4,98,26,53,2,Two-Year,0,0
2014,42,Female,Mumbai,Postpaid,17,45.36,76,59,6,535.71,4,3,2,3,8,34,53,2,Monthly,0,0
2015,34,Male,Mumbai,Prepaid,61,93.82,185,147,410,917.99,6,2,3,5,5,12,46,5,Monthly,1,0
2016,30,Male,Chennai,Postpaid,10,73.93,842,40,340,126.6,0,4,1,2,5,8,52,7,Monthly,0,0
2017,37,Female,Mumbai,Postpaid,31,46.33,693,10,198,410.44,0,3,6,5,25,16,3,7,Annual,1,0
2018,42,Female,Chennai,Prepaid,60,57.36,487,125,111,841.05,7,1,1,3,42,30,24,9,Two-Year,0,0
2019,21,Male,Bangalore,Postpaid,70,69.57,264,46,88,665.46,3,2,9,4,18,41,43,3,Annual,0,1
2020,27,Male,Kolkata,Prepaid,17,59.63,72,54,127,983.52,4,2,0,4,15,43,22,1,Monthly,1,0
2021,20,Male,Delhi,Prepaid,50,87.99,823,116,229,950.06,1,4,5,5,22,44,14,9,Monthly,1,0
2022,58,Male,Kolkata,Postpaid,37,36.33,412,54,17,252.95,6,3,3,5,74,23,22,1,Annual,0,0
2023,62,Male,Chennai,Prepaid,62,30.69,767,34,288,974.79,5,5,7,5,79,41,34,8,Monthly,0,0
2024,35,Male,Chennai,Prepaid,72,22.17,201,43,160,950.98,0,4,0,1,28,18,36,5,Monthly,1,1
2025,64,Female,Kolkata,Prepaid,29,4.74,988,120,351,436.25,0,3,8,2,37,48,31,8,Two-Year,0,0
2026,53,Male,Chennai,Postpaid,32,5.26,338,144,377,984.59,2,2,5,2,58,29,21,7,Monthly,0,0
2027,64,Male,Mumbai,Postpaid,11,87.14,80,63,280,132.26,1,2,1,4,47,4,59,9,Two-Year,0,0
2028,39,Female,Mumbai,Postpaid,6,68.16,887,80,397,694.68,4,2,7,4,19,7,58,2,Two-Year,0,1
2029,51,Male,Chennai,Prepaid,35,66.39,750,136,421,339.53,0,2,4,3,20,36,5,9,Annual,0,1
2030,64,Male,Chennai,Prepaid,33,61.85,955,52,165,216.52,7,0,4,3,27,46,19,10,Annual,0,1
2031,25,Male,Mumbai,Postpaid,18,85.07,72,146,259,619.78,6,2,4,1,49,35,42,5,Monthly,1,0
2032,57,Male,Chennai,Postpaid,37,48.55,306,85,363,375.72,7,2,6,4,32,24,53,5,Annual,0,0
2033,66,Male,Chennai,Prepaid,13,87.17,254,53,189,700.14,7,5,6,3,39,44,21,1,Two-Year,0,0
2034,61,Female,Kolkata,Postpaid,64,36.59,528,71,337,585.98,7,5,9,1,89,48,2,6,Annual,0,0
2035,36,Male,Delhi,Postpaid,1,92.74,402,81,265,453.33,4,3,6,2,53,4,53,10,Two-Year,0,0
2036,59,Female,Mumbai,Postpaid,63,70.17,781,141,290,263.64,1,2,9,4,9,32,3,10,Annual,1,1
2037,58,Female,Kolkata,Postpaid,34,26.46,610,25,354,641.13,7,2,1,0,33,21,47,10,Monthly,0,0
2038,54,Male,Delhi,Postpaid,10,56.84,186,109,359,846.31,1,3,7,4,72,46,51,10,Annual,0,0
2039,23,Female,Chennai,Prepaid,7,53.77,213,76,278,640.0,0,2,0,3,35,41,53,3,Monthly,0,0
2040,69,Male,Chennai,Postpaid,56,14.65,655,20,216,649.47,3,2,1,4,74,24,57,10,Annual,1,0
2041,43,Female,Kolkata,Postpaid,37,59.53,603,148,320,560.65,4,4,6,0,73,42,30,3,Two-Year,0,1
2042,51,Female,Chennai,Prepaid,29,32.16,542,32,337,449.42,7,0,3,4,6,49,34,3,Annual,0,0
2043,62,Male,Bangalore,Prepaid,12,6.18,920,84,206,511.71,7,3,9,3,15,28,25,4,Annual,1,0
2044,23,Male,Kolkata,Prepaid,17,94.92,137,61,152,990.59,4,4,9,2,50,44,35,9,Two-Year,1,0
2045,54,Male,Delhi,Prepaid,48,64.51,204,114,479,774.7,2,5,8,3,89,29,29,8,Two-Year,1,0
2046,50,Male,Kolkata,Postpaid,26,87.81,203,56,180,487.5,6,1,8,1,95,47,12,6,Annual,1,0
2047,39,Male,Mumbai,Postpaid,12,67.93,193,88,211,511.57,1,1,2,3,60,29,23,8,Two-Year,1,0
2048,38,Female,Kolkata,Postpaid,21,36.34,256,52,272,549.67,1,5,2,1,30,43,28,8,Two-Year,0,0
2049,23,Female,Chennai,Postpaid,42,51.76,882,131,440,693.38,0,0,8,4,31,45,46,1,Annual,0,0
2050,23,Female,Chennai,Prepaid,61,67.9,881,102,202,519.36,0,1,9,1,44,30,17,9,Monthly,0,1
2051,65,Female,Bangalore,Prepaid,58,96.06,333,122,204,717.56,0,0,7,5,75,33,16,1,Annual,1,0
2052,21,Female,Bangalore,Postpaid,54,26.11,169,97,472,396.27,2,1,0,4,26,27,49,2,Annual,1,0
2053,47,Female,Bangalore,Postpaid,34,87.62,715,71,403,469.58,6,1,5,1,21,9,56,9,Monthly,0,0
2054,28,Female,Delhi,Postpaid,7,92.48,631,78,383,877.65,7,4,6,3,14,3,9,7,Annual,1,0
2055,47,Male,Bangalore,Postpaid,35,67.37,934,88,152,396.02,3,1,7,0,7,32,3,10,Annual,1,0
2056,48,Male,Delhi,Prepaid,15,93.2,75,14,169,967.99,0,5,1,4,67,16,22,1,Two-Year,1,1
2057,41,Female,Bangalore,Postpaid,65,40.39,939,149,428,255.25,0,0,0,1,7,10,31,3,Annual,0,0
2058,26,Female,Delhi,Prepaid,25,95.35,263,122,240,317.51,5,2,3,0,86,6,14,1,Monthly,1,0
2059,20,Male,Kolkata,Prepaid,59,70.58,292,101,286,517.31,6,2,0,1,15,16,3,5,Monthly,0,0
2060,68,Male,Kolkata,Prepaid,6,5.16,69,10,244,817.67,0,2,1,1,47,27,38,4,Two-Year,0,1
2061,48,Male,Chennai,Prepaid,52,90.78,127,22,320,758.42,2,0,2,1,33,16,23,8,Annual,1,0
2062,57,Male,Delhi,Postpaid,21,48.96,432,76,435,257.02,4,0,3,3,85,40,21,9,Annual,0,0
2063,54,Female,Mumbai,Postpaid,71,46.57,565,93,79,313.02,3,2,5,1,86,9,51,4,Annual,1,0
2064,53,Male,Chennai,Postpaid,32,57.08,731,46,495,617.74,4,5,7,0,56,25,24,3,Annual,1,1
2065,41,Female,Kolkata,Postpaid,53,15.79,45,8,91,365.65,7,1,8,5,4,5,32,4,Monthly,0,0
2066,48,Female,Delhi,Prepaid,59,47.45,540,24,148,480.09,5,2,3,1,43,16,45,3,Monthly,1,0
2067,23,Female,Bangalore,Prepaid,69,83.28,100,32,29,537.93,1,3,0,5,70,15,5,6,Two-Year,0,0
2068,19,Male,Mumbai,Prepaid,62,2.53,310,108,122,634.82,1,0,4,2,36,38,33,1,Annual,1,1
2069,37,Male,Kolkata,Postpaid,4,28.02,733,48,386,325.95,0,3,4,4,89,25,44,2,Monthly,0,0
2070,45,Female,Chennai,Prepaid,18,1.24,926,27,481,246.83,5,3,8,3,27,3,47,8,Annual,0,0
2071,28,Female,Delhi,Prepaid,56,42.16,928,51,325,458.71,4,0,5,2,67,19,57,3,Monthly,1,0
2072,21,Female,Mumbai,Prepaid,24,73.1,743,17,426,173.82,2,2,4,2,95,48,19,4,Monthly,0,1
2073,32,Male,Delhi,Prepaid,66,80.08,226,148,28,574.09,3,5,9,0,37,40,34,1,Two-Year,0,0
2074,23,Female,Bangalore,Postpaid,13,94.57,744,99,258,855.64,6,4,9,0,45,10,3,3,Annual,0,0
2075,66,Male,Chennai,Prepaid,62,61.24,932,20,185,207.08,4,3,4,5,72,22,39,1,Two-Year,1,0
2076,47,Female,Delhi,Prepaid,54,26.21,107,123,416,201.46,5,2,7,5,99,32,28,10,Two-Year,0,1
2077,55,Female,Kolkata,Postpaid,15,92.49,465,121,74,172.2,7,4,0,3,25,30,11,5,Two-Year,1,0
2078,68,Female,Chennai,Postpaid,69,77.76,540,14,44,863.08,5,3,4,3,74,6,10,1,Two-Year,1,0
2079,19,Male,Kolkata,Postpaid,3,57.87,818,126,68,172.63,6,2,0,4,83,21,40,9,Two-Year,0,0
2080,32,Male,Delhi,Prepaid,37,69.87,547,42,497,985.12,4,3,6,1,52,4,2,7,Two-Year,1,0
2081,28,Female,Chennai,Prepaid,37,92.51,37,48,415,422.5,7,2,6,3,62,36,46,8,Two-Year,1,1
2082,25,Male,Kolkata,Prepaid,3,71.53,585,99,366,395.89,3,5,9,3,62,0,45,9,Annual,0,0
2083,43,Female,Bangalore,Prepaid,63,37.47,333,78,209,182.47,4,1,7,5,37,5,39,10,Two-Year,1,0
2084,68,Male,Bangalore,Postpaid,35,71.59,232,117,238,627.08,4,1,6,1,14,44,27,8,Annual,1,0
2085,62,Male,Delhi,Prepaid,52,4.99,89,55,339,627.29,3,0,8,4,98,46,53,3,Annual,1,0
2086,61,Male,Chennai,Prepaid,28,39.26,572,56,307,544.43,2,4,7,0,8,3,9,7,Monthly,0,0
2087,22,Female,Mumbai,Postpaid,18,41.23,467,96,191,379.92,6,3,7,4,96,29,39,7,Two-Year,1,0
2088,23,Male,Chennai,Postpaid,36,17.52,623,63,371,431.72,5,3,2,1,74,29,1,7,Annual,0,0
2089,43,Male,Bangalore,Postpaid,33,3.29,185,17,102,388.45,3,2,9,0,21,16,33,8,Monthly,0,1
2090,21,Female,Kolkata,Prepaid,64,14.2,531,16,240,483.53,0,4,3,0,69,23,38,4,Monthly,0,1
2091,36,Female,Mumbai,Prepaid,26,65.81,758,54,252,407.61,0,3,3,0,55,30,57,6,Two-Year,0,0
2092,37,Female,Delhi,Prepaid,48,80.43,466,61,423,707.97,0,4,0,4,36,27,33,2,Two-Year,1,0
2093,50,Female,Mumbai,Prepaid,40,98.83,432,123,219,366.21,0,4,5,5,56,44,48,7,Two-Year,0,0
2094,37,Male,Delhi,Prepaid,17,35.29,109,61,396,415.75,7,1,1,1,59,42,3,9,Two-Year,1,0
2095,66,Male,Mumbai,Postpaid,40,60.34,899,12,473,491.91,6,3,8,4,84,3,32,5,Annual,1,0
2096,29,Male,Delhi,Postpaid,7,93.78,749,110,335,103.57,1,3,0,4,11,38,13,4,Annual,0,0
2097,64,Male,Delhi,Prepaid,57,17.54,412,141,216,542.87,2,0,0,2,6,18,21,2,Two-Year,0,0
2098,18,Male,Mumbai,Prepaid,8,72.05,585,124,201,330.24,1,4,9,3,65,23,4,7,Two-Year,1,0
2099,43,Female,Mumbai,Prepaid,56,75.74,389,67,28,150.54,4,2,5,4,40,6,17,2,Annual,0,0
2100,31,Male,Delhi,Prepaid,31,9.81,540,76,493,919.92,4,1,0,2,23,45,42,2,Two-Year,0,0
2101,55,Male,Bangalore,Prepaid,59,86.26,341,135,446,390.18,3,0,2,5,89,47,4,9,Monthly,0,0
2102,54,Male,Mumbai,Postpaid,58,81.5,327,17,485,483.48,0,1,9,5,24,8,20,2,Annual,1,0
2103,28,Female,Chennai,Postpaid,12,4.31,662,141,211,844.61,7,2,1,1,61,21,59,10,Monthly,1,0
2104,53,Female,Kolkata,Postpaid,48,10.02,546,56,153,250.11,7,0,8,2,83,1,12,3,Monthly,1,0
2105,30,Male,Delhi,Prepaid,31,5.86,749,66,479,865.28,3,1,4,4,43,26,26,3,Monthly,1,1
2106,60,Female,Delhi,Prepaid,63,34.14,98,123,230,317.47,4,2,5,1,1,15,45,2,Monthly,0,0
2107,20,Female,Kolkata,Postpaid,39,51.42,613,113,101,630.13,0,5,1,2,41,4,36,10,Two-Year,1,0
2108,50,Female,Bangalore,Postpaid,20,53.7,520,12,314,717.11,6,0,7,4,98,11,16,3,Two-Year,1,1
2109,23,Female,Kolkata,Prepaid,48,27.5,51,99,176,914.51,5,2,5,1,32,25,51,9,Two-Year,1,1
2110,67,Female,Mumbai,Postpaid,71,91.25,894,129,180,646.87,2,0,7,1,16,14,7,3,Two-Year,1,1
2111,27,Female,Kolkata,Postpaid,54,37.46,816,57,471,507.91,4,3,7,3,62,2,33,5,Annual,1,0
2112,22,Female,Delhi,Prepaid,71,5.51,935,67,414,615.04,5,3,0,5,21,8,48,7,Two-Year,0,0
2113,40,Male,Kolkata,Postpaid,29,30.72,398,99,231,281.87,3,1,6,4,0,27,2,1,Annual,1,1
2114,27,Male,Chennai,Postpaid,48,53.58,90,85,11,720.17,5,4,1,3,93,38,33,1,Monthly,0,0
2115,61,Female,Mumbai,Postpaid,56,41.41,411,61,185,268.19,3,5,7,1,69,35,14,10,Annual,1,0
2116,19,Male,Kolkata,Prepaid,17,28.11,116,71,248,601.52,4,4,1,1,53,24,20,2,Two-Year,1,0
2117,30,Male,Delhi,Postpaid,9,14.0,120,50,419,682.84,1,2,3,2,13,40,37,1,Monthly,0,0
2118,57,Female,Mumbai,Postpaid,34,82.1,286,98,265,908.72,7,0,1,3,99,27,27,1,Monthly,1,0
2119,19,Male,Delhi,Postpaid,45,99.62,223,142,389,505.17,6,3,6,0,96,46,47,10,Two-Year,0,0
2120,37,Female,Bangalore,Prepaid,9,33.62,752,117,134,797.8,6,4,4,4,52,20,42,4,Monthly,1,1
2121,18,Female,Chennai,Prepaid,7,38.78,827,97,244,250.78,7,3,8,5,5,28,21,10,Monthly,0,0
2122,54,Female,Bangalore,Postpaid,16,62.19,515,144,30,240.58,2,5,4,3,89,24,2,3,Monthly,1,0
2123,26,Male,Chennai,Prepaid,19,72.13,130,53,346,572.32,6,2,7,1,63,29,43,1,Annual,0,0
2124,34,Male,Kolkata,Postpaid,6,39.81,143,27,455,636.71,5,5,1,2,87,38,16,3,Monthly,1,0
2125,26,Male,Mumbai,Prepaid,11,90.59,827,66,258,669.11,6,5,2,4,32,10,19,1,Monthly,0,1
2126,28,Male,Kolkata,Prepaid,61,56.44,729,15,103,771.11,5,2,5,5,71,18,4,3,Annual,1,0
2127,32,Female,Chennai,Postpaid,42,45.59,971,77,430,365.44,4,0,6,4,43,10,10,4,Two-Year,1,0
2128,41,Female,Chennai,Postpaid,13,65.02,380,122,381,660.35,6,5,9,2,33,24,54,8,Annual,0,0
2129,55,Male,Chennai,Postpaid,12,95.33,266,92,468,269.33,4,4,7,1,33,0,22,3,Annual,0,0
2130,52,Female,Delhi,Prepaid,20,79.66,706,93,0,297.1,6,2,2,5,23,31,12,3,Two-Year,0,0
2131,47,Female,Mumbai,Postpaid,50,4.96,807,59,428,160.58,7,2,6,0,1,20,2,9,Two-Year,0,0
2132,48,Male,Kolkata,Prepaid,36,33.9,963,13,437,772.3,3,3,7,2,7,44,2,9,Annual,1,0
2133,66,Female,Kolkata,Prepaid,69,47.58,884,16,433,556.29,0,1,9,0,24,12,41,6,Monthly,0,0
2134,22,Male,Bangalore,Postpaid,37,32.14,189,143,206,314.37,0,5,5,3,93,33,44,10,Two-Year,0,0
2135,61,Female,Chennai,Prepaid,12,70.32,942,117,134,600.61,0,4,3,4,31,16,34,4,Monthly,1,0
2136,67,Male,Chennai,Postpaid,40,82.8,57,12,446,418.82,3,0,5,5,55,46,18,10,Two-Year,0,0
2137,31,Female,Chennai,Prepaid,54,73.4,608,40,270,853.49,0,5,8,1,93,18,16,5,Monthly,0,0
2138,28,Female,Kolkata,Postpaid,2,98.94,906,129,88,575.33,7,0,2,0,6,9,19,9,Annual,0,0
2139,26,Male,Bangalore,Prepaid,50,27.98,28,54,194,126.83,4,3,1,1,47,41,47,1,Annual,1,1
2140,51,Male,Delhi,Prepaid,41,87.62,55,111,413,986.59,1,5,4,3,87,8,25,7,Annual,0,0
2141,29,Male,Mumbai,Postpaid,45,76.9,460,13,121,166.87,1,0,6,0,53,10,30,7,Annual,1,0
2142,52,Male,Delhi,Prepaid,9,36.86,907,71,461,726.36,6,5,2,1,62,37,48,10,Two-Year,1,0
2143,52,Female,Kolkata,Postpaid,62,73.68,65,57,115,493.53,1,2,4,1,72,30,6,1,Annual,1,0
2144,18,Female,Chennai,Prepaid,47,11.3,750,86,195,324.39,0,5,3,3,79,1,27,1,Monthly,1,0
2145,57,Male,Mumbai,Prepaid,5,79.14,666,114,35,708.81,1,4,6,2,1,23,15,9,Annual,1,0
2146,39,Female,Kolkata,Prepaid,1,53.7,101,149,66,213.31,5,5,1,5,34,41,31,7,Annual,1,0
2147,46,Male,Kolkata,Postpaid,44,29.94,91,57,132,872.42,0,0,6,3,97,46,44,4,Annual,0,1
2148,25,Male,Kolkata,Postpaid,22,65.92,746,118,280,325.55,5,4,1,0,21,4,22,9,Annual,0,0
2149,28,Female,Mumbai,Postpaid,38,64.52,88,67,478,425.31,4,0,2,0,82,49,12,5,Two-Year,0,0
2150,58,Female,Mumbai,Postpaid,19,21.74,671,147,10,669.38,5,1,4,4,63,29,10,3,Two-Year,1,0
2151,54,Male,Bangalore,Postpaid,31,4.01,882,23,455,100.93,4,1,6,1,58,38,21,2,Two-Year,0,0
2152,31,Male,Bangalore,Prepaid,67,43.93,292,128,217,525.47,3,4,5,5,48,34,47,9,Monthly,1,0
2153,47,Male,Delhi,Prepaid,42,57.38,320,90,321,904.82,3,1,6,0,51,47,55,4,Monthly,1,0
2154,52,Female,Mumbai,Postpaid,26,87.78,169,74,155,712.37,6,1,5,2,20,16,59,7,Annual,0,0
2155,38,Female,Mumbai,Prepaid,13,92.89,325,51,239,449.11,5,2,0,2,11,30,31,1,Monthly,0,0
2156,54,Female,Mumbai,Prepaid,58,53.35,886,112,59,694.38,2,0,4,3,10,1,36,9,Monthly,0,1
2157,22,Female,Bangalore,Prepaid,18,75.63,988,24,137,942.91,4,1,0,0,53,15,10,9,Monthly,0,1
2158,36,Male,Kolkata,Prepaid,67,44.49,677,41,49,269.02,7,4,6,5,82,20,58,10,Monthly,0,1
2159,31,Male,Chennai,Postpaid,3,74.86,165,134,166,578.63,0,2,3,5,69,29,19,6,Two-Year,1,0
2160,43,Male,Bangalore,Prepaid,55,21.28,897,40,164,311.26,2,1,4,0,13,0,23,6,Two-Year,1,0
2161,21,Male,Mumbai,Postpaid,58,37.74,723,137,318,868.8,4,5,0,4,32,13,46,6,Monthly,1,0
2162,42,Male,Bangalore,Postpaid,63,63.79,477,68,188,748.95,0,4,7,4,76,15,10,5,Monthly,0,0
2163,62,Male,Delhi,Prepaid,52,2.8,930,11,486,820.97,4,0,3,4,25,8,49,1,Two-Year,1,0
2164,59,Female,Mumbai,Postpaid,24,72.52,862,124,468,948.71,4,5,2,0,13,48,54,4,Annual,0,1
2165,42,Female,Delhi,Prepaid,72,83.72,471,26,91,309.08,7,1,0,3,87,7,59,10,Two-Year,1,0
2166,35,Male,Mumbai,Prepaid,9,40.52,863,50,293,143.85,0,4,3,5,47,8,27,1,Monthly,0,0
2167,57,Male,Bangalore,Prepaid,37,45.35,126,114,375,361.81,4,5,2,3,64,33,43,5,Monthly,1,0
2168,25,Female,Kolkata,Postpaid,53,85.28,675,50,288,459.23,7,4,7,3,45,44,50,4,Monthly,1,1
2169,56,Female,Chennai,Postpaid,24,77.79,373,32,74,662.64,4,3,8,3,54,32,2,8,Two-Year,1,0
2170,57,Female,Delhi,Postpaid,21,29.53,852,91,44,817.93,4,5,4,2,93,21,11,1,Monthly,1,1
2171,31,Female,Bangalore,Prepaid,40,33.07,640,39,427,414.82,6,4,8,0,73,29,8,8,Two-Year,0,0
2172,49,Male,Kolkata,Prepaid,62,68.21,720,133,384,526.15,3,5,0,1,73,6,19,8,Annual,1,0
2173,68,Male,Bangalore,Prepaid,70,56.76,922,13,52,806.92,1,3,6,0,91,17,57,1,Monthly,1,0
2174,55,Male,Delhi,Postpaid,69,17.06,475,13,174,302.8,4,0,6,3,67,20,16,9,Monthly,1,1
2175,50,Male,Chennai,Prepaid,14,31.68,784,26,160,295.42,6,0,5,2,77,4,4,9,Annual,1,0
2176,40,Male,Bangalore,Prepaid,42,90.1,193,74,66,630.31,7,2,3,2,11,6,14,6,Two-Year,1,0
2177,32,Female,Mumbai,Postpaid,50,69.13,969,145,473,492.45,0,5,8,0,53,11,22,1,Monthly,0,0
2178,50,Male,Kolkata,Postpaid,61,98.61,669,69,398,954.01,5,3,2,1,63,16,17,7,Monthly,1,0
2179,42,Female,Bangalore,Postpaid,4,76.93,175,144,360,421.33,4,4,0,3,46,23,43,7,Monthly,1,0
2180,34,Male,Kolkata,Prepaid,72,94.26,84,47,269,783.6,6,2,1,2,36,36,58,9,Monthly,1,0
2181,50,Male,Mumbai,Prepaid,17,22.4,757,21,406,624.78,3,5,2,3,73,43,26,1,Annual,0,1
2182,64,Male,Chennai,Prepaid,57,77.38,835,72,123,149.12,6,2,1,3,40,18,35,8,Two-Year,1,1
2183,19,Male,Chennai,Postpaid,48,3.0,281,33,181,175.95,3,5,5,5,26,44,36,8,Annual,0,1
2184,31,Male,Mumbai,Postpaid,44,67.41,700,139,375,282.84,5,0,6,3,41,15,53,7,Two-Year,1,0
2185,57,Female,Kolkata,Postpaid,45,47.46,512,48,391,228.84,4,4,4,4,75,24,45,6,Annual,0,0
2186,57,Female,Bangalore,Postpaid,33,35.33,804,137,181,396.43,2,3,4,5,85,26,49,1,Annual,0,0
2187,68,Female,Mumbai,Prepaid,31,86.38,572,138,35,621.09,5,0,6,3,67,41,30,10,Two-Year,0,0
2188,56,Male,Delhi,Prepaid,47,85.57,596,11,211,642.13,1,2,5,3,28,43,52,8,Monthly,0,1
2189,68,Male,Kolkata,Prepaid,6,3.21,665,58,383,628.99,0,1,7,1,35,6,21,5,Monthly,0,0
2190,23,Female,Chennai,Prepaid,72,61.34,352,50,435,205.85,6,2,8,5,56,45,20,4,Annual,0,0
2191,23,Male,Mumbai,Prepaid,71,37.42,709,142,133,640.2,0,1,1,5,77,41,42,5,Annual,1,0
2192,20,Male,Chennai,Prepaid,34,42.15,644,8,352,468.77,0,5,1,1,11,7,26,5,Annual,1,0
2193,24,Female,Kolkata,Prepaid,53,83.37,853,95,411,912.75,7,0,0,4,44,14,55,10,Monthly,0,1
2194,68,Male,Chennai,Prepaid,14,31.67,260,65,177,920.79,7,5,6,5,19,15,56,3,Two-Year,0,0
2195,25,Female,Mumbai,Postpaid,16,94.36,817,115,165,791.36,0,3,3,4,44,7,12,4,Monthly,1,1
2196,59,Male,Kolkata,Postpaid,43,18.78,844,41,413,732.8,3,4,8,3,22,35,8,4,Annual,0,0
2197,69,Female,Delhi,Prepaid,12,66.61,139,7,493,203.46,6,1,5,2,61,31,35,8,Monthly,1,1
2198,32,Male,Mumbai,Postpaid,70,67.54,773,17,490,176.22,7,4,6,2,85,16,29,5,Monthly,0,1
2199,64,Male,Bangalore,Prepaid,19,25.97,367,92,336,856.75,1,5,6,0,33,35,53,6,Monthly,1,0
2200,46,Female,Mumbai,Prepaid,41,33.15,953,80,328,484.31,4,0,7,2,20,21,42,10,Two-Year,0,0
2201,50,Male,Kolkata,Postpaid,53,83.65,701,12,475,506.23,4,0,3,2,50,31,56,2,Annual,0,1
2202,69,Male,Mumbai,Prepaid,29,76.42,417,87,437,863.01,2,5,2,1,8,10,7,9,Monthly,1,0
2203,47,Female,Delhi,Prepaid,70,33.58,870,13,326,659.29,4,5,2,0,73,44,57,8,Monthly,1,0
2204,56,Male,Delhi,Prepaid,59,53.86,504,82,45,261.47,7,0,9,0,9,5,10,8,Annual,0,0
2205,44,Female,Bangalore,Prepaid,64,7.11,631,128,155,289.91,1,3,7,1,51,21,39,10,Monthly,1,0
2206,53,Male,Chennai,Prepaid,24,21.67,491,46,400,105.74,4,1,2,2,44,13,50,5,Monthly,0,0
2207,46,Male,Kolkata,Prepaid,16,49.1,989,45,487,739.6,3,4,7,2,51,27,20,5,Monthly,0,0
2208,55,Male,Kolkata,Prepaid,52,9.51,859,93,431,537.05,5,2,1,0,29,38,28,3,Monthly,0,0
2209,50,Male,Chennai,Postpaid,6,84.49,87,81,427,954.97,4,5,4,2,63,11,14,2,Annual,0,0
2210,54,Female,Delhi,Postpaid,37,72.08,987,58,235,742.61,0,5,4,0,96,26,12,9,Monthly,1,1
2211,44,Male,Delhi,Prepaid,4,94.42,523,101,315,192.84,0,0,6,2,1,0,8,6,Two-Year,0,0
2212,50,Female,Mumbai,Postpaid,38,69.65,330,102,59,245.39,5,4,4,3,48,9,57,8,Monthly,0,0
2213,21,Male,Bangalore,Prepaid,41,94.1,797,60,4,551.55,0,4,8,1,95,32,7,4,Two-Year,1,0
2214,39,Male,Bangalore,Prepaid,14,55.9,299,104,452,932.39,0,3,2,5,44,15,5,5,Annual,1,1
2215,19,Male,Bangalore,Prepaid,71,60.42,306,149,461,322.53,3,1,8,4,16,38,1,10,Monthly,0,0
2216,27,Male,Mumbai,Prepaid,51,97.72,690,14,453,843.02,3,3,0,3,27,5,47,5,Two-Year,0,0
2217,22,Female,Bangalore,Postpaid,65,64.57,761,48,390,381.05,3,3,2,2,44,24,9,10,Two-Year,0,0
2218,27,Female,Chennai,Postpaid,52,4.05,980,134,180,342.91,7,4,3,4,16,49,44,4,Monthly,0,1
2219,50,Female,Mumbai,Postpaid,30,72.66,484,146,144,911.25,4,1,5,5,58,19,54,2,Monthly,1,1
2220,55,Female,Chennai,Postpaid,57,90.64,32,134,314,142.52,5,1,9,3,13,35,18,6,Annual,0,1
2221,30,Male,Mumbai,Prepaid,30,79.76,815,23,264,694.67,0,1,7,5,9,22,43,4,Annual,1,0
2222,48,Female,Bangalore,Postpaid,42,58.8,181,84,222,138.85,2,0,6,1,97,15,42,4,Monthly,0,0
2223,64,Female,Chennai,Prepaid,11,67.46,844,93,405,820.69,5,1,7,4,77,0,10,10,Annual,1,0
2224,53,Male,Chennai,Prepaid,27,99.03,327,5,300,846.46,2,4,5,5,80,29,50,3,Annual,1,0
2225,62,Male,Chennai,Postpaid,24,9.98,917,134,456,904.02,0,0,5,4,85,26,58,8,Annual,0,0
2226,41,Male,Mumbai,Prepaid,39,67.06,807,31,442,267.48,1,2,5,1,17,1,1,6,Annual,1,0
2227,69,Male,Kolkata,Postpaid,72,29.06,864,6,335,212.05,5,5,2,5,34,47,20,9,Monthly,1,0
2228,32,Female,Bangalore,Postpaid,18,64.37,202,142,483,553.18,7,3,9,3,47,20,58,5,Monthly,1,0
2229,46,Female,Chennai,Postpaid,45,61.15,690,23,481,344.47,4,1,3,4,57,8,43,6,Two-Year,1,1
2230,25,Male,Kolkata,Postpaid,12,16.19,925,145,236,645.67,2,2,5,5,17,46,29,9,Annual,0,0
2231,22,Male,Bangalore,Postpaid,49,21.47,127,118,12,562.37,5,1,6,1,51,23,2,4,Monthly,1,1
2232,46,Male,Bangalore,Prepaid,31,62.54,15,60,338,230.37,5,3,2,5,29,47,26,10,Two-Year,0,0
2233,64,Female,Chennai,Postpaid,22,13.69,852,99,267,765.34,3,4,3,5,36,40,11,7,Annual,1,0
2234,21,Female,Chennai,Postpaid,44,27.25,492,61,419,823.41,1,4,5,3,39,38,25,10,Two-Year,0,0
2235,29,Male,Mumbai,Prepaid,64,83.69,141,106,265,966.74,3,3,0,2,5,41,34,10,Annual,0,1
2236,62,Male,Kolkata,Postpaid,25,33.38,102,74,15,455.98,1,2,6,0,78,6,59,6,Monthly,1,0
2237,19,Female,Kolkata,Postpaid,51,49.32,772,86,91,403.96,1,0,0,2,34,29,41,6,Two-Year,0,1
2238,44,Male,Chennai,Prepaid,7,94.17,531,53,247,273.04,4,5,9,2,25,44,1,6,Monthly,1,0
2239,48,Male,Bangalore,Prepaid,6,23.49,572,95,18,262.78,5,5,8,0,90,1,55,4,Annual,0,1
2240,68,Female,Chennai,Postpaid,24,39.57,870,9,359,388.95,3,5,9,5,29,11,31,10,Annual,1,0
2241,68,Male,Bangalore,Prepaid,19,61.04,303,61,389,983.64,7,0,8,2,74,12,38,6,Annual,1,0
2242,53,Female,Bangalore,Postpaid,9,75.78,650,96,387,183.03,3,1,8,2,23,2,22,7,Two-Year,0,1
2243,53,Male,Chennai,Prepaid,36,90.26,401,40,413,333.43,2,3,3,1,54,42,2,2,Two-Year,0,1
2244,43,Male,Delhi,Postpaid,40,91.63,258,142,102,177.38,5,3,1,1,77,39,47,9,Two-Year,1,1
2245,60,Female,Kolkata,Postpaid,24,77.89,623,116,94,346.27,0,0,6,3,86,42,1,7,Monthly,1,0
2246,44,Female,Bangalore,Postpaid,48,23.6,858,17,429,183.16,0,2,3,4,8,17,58,3,Two-Year,1,0
2247,22,Male,Bangalore,Prepaid,63,3.46,604,126,282,557.48,2,5,4,5,61,38,56,10,Annual,1,1
2248,37,Female,Delhi,Postpaid,69,38.99,712,113,428,494.52,1,3,0,3,17,43,24,10,Monthly,0,0
2249,28,Male,Mumbai,Prepaid,53,15.01,426,96,212,256.65,7,4,9,1,50,5,50,7,Annual,0,0
2250,27,Male,Delhi,Postpaid,54,71.33,152,106,36,257.33,2,4,5,1,18,41,36,10,Annual,0,0
2251,57,Female,Delhi,Postpaid,42,66.45,246,60,392,663.5,2,3,6,0,68,26,45,10,Two-Year,0,0
2252,55,Male,Bangalore,Postpaid,45,5.35,296,49,60,448.41,3,5,2,0,81,14,36,5,Two-Year,1,0
2253,23,Male,Kolkata,Postpaid,14,83.82,286,64,290,150.58,2,5,9,1,32,14,47,9,Two-Year,1,0
2254,25,Female,Delhi,Postpaid,29,25.63,396,58,361,928.17,6,5,1,2,37,18,34,6,Annual,0,0
2255,40,Female,Mumbai,Prepaid,6,43.79,391,41,302,464.46,7,2,9,3,12,37,59,7,Monthly,1,0
2256,64,Male,Chennai,Prepaid,7,67.13,459,41,243,631.94,1,4,6,1,48,46,9,4,Two-Year,1,0
2257,43,Female,Delhi,Prepaid,37,43.51,300,18,404,896.87,0,2,0,5,72,19,12,2,Two-Year,0,0
2258,63,Female,Delhi,Postpaid,53,44.69,178,99,400,461.94,4,0,1,1,89,19,46,4,Monthly,0,0
2259,60,Female,Mumbai,Postpaid,18,7.5,452,106,310,838.59,7,1,2,0,52,17,20,9,Annual,0,1
2260,29,Female,Kolkata,Prepaid,38,40.74,665,46,343,923.28,7,5,3,3,0,33,4,3,Annual,0,0
2261,43,Male,Delhi,Postpaid,59,76.72,193,5,350,256.66,5,0,4,3,11,38,15,7,Monthly,0,0
2262,30,Male,Delhi,Postpaid,1,91.6,54,27,5,903.24,2,1,3,4,23,36,4,4,Two-Year,0,0
2263,57,Male,Kolkata,Postpaid,68,41.94,764,32,376,207.85,5,4,9,1,0,34,5,3,Monthly,0,0
2264,35,Female,Mumbai,Prepaid,44,42.93,836,136,418,347.61,2,1,2,4,67,37,10,5,Two-Year,1,0
2265,42,Female,Delhi,Prepaid,47,70.56,955,22,305,827.39,6,1,0,0,6,37,44,2,Monthly,1,0
2266,50,Female,Kolkata,Prepaid,35,94.33,990,53,164,910.62,5,3,6,4,91,0,44,10,Annual,1,1
2267,64,Female,Delhi,Prepaid,60,27.44,277,51,12,715.72,3,1,9,2,68,11,40,4,Annual,0,1
2268,57,Female,Chennai,Prepaid,52,44.57,485,119,24,194.34,3,3,5,1,38,4,36,7,Annual,0,0
2269,60,Female,Bangalore,Postpaid,8,79.8,262,43,223,570.69,5,1,1,1,31,26,35,2,Annual,0,0
2270,29,Female,Chennai,Postpaid,41,61.36,405,10,122,615.37,2,3,1,3,48,38,59,10,Monthly,1,0
2271,61,Male,Delhi,Postpaid,3,11.95,298,57,128,353.67,6,4,2,4,30,19,1,6,Monthly,0,1
2272,53,Male,Mumbai,Postpaid,69,63.15,221,29,304,992.17,6,4,7,3,78,39,18,5,Two-Year,1,0
2273,65,Female,Bangalore,Prepaid,14,19.49,698,103,121,402.07,2,1,7,5,2,18,52,3,Monthly,0,0
2274,21,Female,Chennai,Prepaid,26,51.51,30,69,34,289.23,1,2,9,4,46,37,57,5,Two-Year,1,0
2275,22,Female,Kolkata,Postpaid,70,53.38,325,137,82,199.12,0,4,9,4,14,14,31,10,Monthly,1,1
2276,54,Male,Mumbai,Prepaid,58,87.74,573,12,308,440.65,7,0,9,0,50,5,46,7,Monthly,0,0
2277,25,Male,Chennai,Postpaid,40,46.79,447,43,435,723.36,7,0,9,4,81,8,49,3,Monthly,0,0
2278,59,Female,Kolkata,Postpaid,51,28.66,432,115,181,308.28,0,3,7,3,84,35,6,8,Monthly,1,0
2279,66,Female,Delhi,Postpaid,5,23.87,242,47,75,792.59,6,2,6,5,73,47,6,7,Annual,1,0
2280,45,Male,Kolkata,Postpaid,32,87.55,954,86,103,221.86,4,5,1,4,20,22,42,4,Monthly,0,0
2281,48,Male,Chennai,Prepaid,1,17.93,132,127,231,496.42,0,3,0,4,89,9,19,5,Two-Year,0,0
2282,26,Male,Chennai,Postpaid,54,43.16,883,137,302,732.14,4,1,5,1,40,0,32,10,Annual,0,1
2283,68,Male,Delhi,Prepaid,11,19.53,969,8,42,221.78,3,4,7,1,2,10,42,4,Monthly,0,1
2284,46,Female,Kolkata,Postpaid,53,77.56,621,112,403,638.06,7,2,0,5,0,48,57,2,Monthly,1,1
2285,31,Male,Kolkata,Postpaid,8,47.96,223,97,416,819.06,4,3,2,1,20,49,30,9,Two-Year,0,0
2286,57,Male,Delhi,Postpaid,25,35.76,931,133,92,635.99,4,3,0,2,74,19,26,1,Annual,1,0
2287,58,Female,Kolkata,Postpaid,40,36.75,848,98,143,560.32,0,0,9,1,79,27,3,8,Annual,0,0
2288,39,Male,Delhi,Prepaid,32,85.37,656,60,253,854.47,6,1,8,2,98,21,33,4,Annual,1,0
2289,28,Male,Mumbai,Postpaid,28,55.82,977,7,77,986.88,2,3,6,5,20,19,50,9,Annual,0,1
2290,40,Male,Chennai,Prepaid,3,72.07,839,26,262,263.18,6,0,7,2,74,46,31,3,Two-Year,1,1
2291,18,Female,Mumbai,Postpaid,62,89.81,739,60,69,722.21,3,2,8,5,94,37,47,7,Monthly,0,0
2292,63,Male,Bangalore,Postpaid,27,90.27,609,22,148,172.59,1,3,2,3,48,15,20,3,Monthly,0,0
2293,54,Female,Bangalore,Postpaid,45,33.52,801,120,291,138.56,4,5,9,1,64,1,4,10,Annual,0,1
2294,38,Female,Bangalore,Prepaid,25,95.29,49,88,213,352.74,4,5,1,4,40,24,32,7,Two-Year,0,1
2295,43,Male,Delhi,Postpaid,61,3.46,761,34,359,973.83,5,0,5,0,95,26,18,2,Monthly,1,0
2296,63,Male,Kolkata,Postpaid,44,38.31,341,84,309,596.98,4,5,4,4,66,2,10,3,Annual,0,0
2297,53,Male,Mumbai,Postpaid,46,89.68,952,70,146,341.44,6,1,3,1,95,22,22,8,Annual,0,0
2298,40,Male,Mumbai,Postpaid,14,28.19,657,14,24,219.33,2,4,5,4,41,31,54,7,Two-Year,0,0
2299,18,Female,Mumbai,Postpaid,8,28.04,191,63,322,928.17,1,5,5,1,68,16,51,3,Two-Year,0,1
2300,68,Male,Mumbai,Prepaid,48,30.96,274,55,483,426.13,6,2,2,1,56,39,17,8,Two-Year,1,0
2301,57,Male,Bangalore,Prepaid,14,61.62,780,127,108,376.03,5,3,1,4,42,19,42,9,Annual,0,0
2302,32,Male,Mumbai,Postpaid,65,44.39,703,141,180,872.17,6,0,8,2,11,29,57,2,Two-Year,1,1
2303,38,Female,Kolkata,Postpaid,7,72.95,542,58,250,643.96,0,3,7,3,77,27,4,2,Annual,0,0
2304,64,Male,Bangalore,Prepaid,49,89.6,872,85,481,251.77,3,4,3,3,63,46,57,7,Monthly,0,0
2305,26,Male,Mumbai,Postpaid,55,67.75,441,141,202,479.36,2,3,5,3,50,44,37,8,Annual,1,0
2306,26,Female,Delhi,Prepaid,13,21.24,952,13,303,935.41,1,3,2,3,72,22,7,5,Annual,0,0
2307,27,Female,Chennai,Postpaid,56,93.34,993,105,169,911.08,3,0,7,0,59,18,51,2,Monthly,0,0
2308,69,Male,Chennai,Postpaid,56,27.18,205,43,174,163.1,0,4,2,5,70,24,51,10,Two-Year,0,0
2309,43,Male,Chennai,Prepaid,15,15.84,733,140,346,341.75,3,2,1,1,79,23,8,5,Two-Year,0,1
2310,58,Male,Bangalore,Postpaid,57,9.91,518,114,169,239.09,5,0,6,0,27,0,1,3,Annual,0,0
2311,52,Male,Mumbai,Prepaid,58,56.77,456,70,1,580.43,4,4,2,3,70,27,56,9,Annual,1,1
2312,69,Male,Bangalore,Prepaid,35,12.26,537,14,133,774.98,4,4,8,3,13,28,8,2,Monthly,0,0
2313,42,Female,Kolkata,Prepaid,16,14.74,211,121,126,365.99,2,3,2,4,31,43,19,9,Two-Year,0,0
2314,43,Female,Delhi,Postpaid,8,30.7,884,87,45,782.2,3,1,7,3,7,49,17,2,Monthly,0,0
2315,28,Male,Delhi,Prepaid,45,28.88,739,143,193,701.84,6,1,1,1,26,49,41,1,Annual,1,0
2316,55,Male,Chennai,Prepaid,40,60.82,614,138,361,755.4,4,2,8,3,49,34,52,10,Annual,1,0
2317,19,Female,Chennai,Postpaid,54,81.86,142,74,208,953.42,2,3,0,3,58,49,55,6,Monthly,1,0
2318,24,Male,Chennai,Postpaid,14,76.37,148,43,295,482.15,2,1,2,0,56,16,48,6,Monthly,0,0
2319,35,Male,Mumbai,Postpaid,59,26.99,678,17,57,408.31,5,0,1,1,2,10,9,4,Two-Year,0,0
2320,44,Male,Kolkata,Postpaid,53,25.29,502,63,495,715.46,2,2,6,2,26,36,51,2,Monthly,0,0
2321,51,Male,Kolkata,Postpaid,27,96.61,856,71,77,826.8,0,3,4,4,93,6,16,10,Two-Year,0,0
2322,44,Male,Kolkata,Postpaid,47,1.82,79,45,201,272.3,6,5,7,2,33,25,53,3,Two-Year,0,1
2323,34,Female,Kolkata,Prepaid,6,88.09,825,39,492,862.12,4,0,1,5,25,22,58,6,Monthly,1,0
2324,60,Male,Chennai,Postpaid,55,20.77,24,85,288,152.07,4,1,7,0,39,17,59,4,Monthly,0,0
2325,61,Male,Delhi,Prepaid,44,94.78,756,38,489,105.75,1,1,6,3,85,28,45,5,Two-Year,1,0
2326,68,Male,Chennai,Postpaid,18,34.89,221,80,61,242.58,0,1,4,4,31,38,51,9,Monthly,1,1
2327,41,Female,Kolkata,Prepaid,16,44.59,811,74,267,980.8,4,1,1,5,40,49,37,5,Two-Year,1,1
2328,42,Female,Chennai,Prepaid,12,71.0,69,15,125,571.21,5,4,9,5,1,33,27,10,Two-Year,0,0
2329,24,Female,Kolkata,Postpaid,20,59.18,261,116,479,141.91,4,5,6,1,71,37,2,8,Annual,0,0
2330,69,Female,Bangalore,Postpaid,45,32.48,455,31,48,997.46,1,2,9,4,6,7,36,2,Two-Year,1,1
2331,23,Male,Delhi,Prepaid,64,55.83,11,52,87,770.42,7,2,3,5,18,20,12,6,Annual,1,1
2332,41,Female,Bangalore,Postpaid,59,73.34,757,28,333,854.2,3,1,3,0,32,20,50,6,Monthly,1,0
2333,50,Male,Mumbai,Postpaid,22,5.19,345,22,260,291.65,3,2,7,3,1,48,35,5,Two-Year,1,0
2334,66,Male,Chennai,Prepaid,47,2.11,28,31,178,194.9,0,5,5,0,66,35,31,6,Two-Year,1,0
2335,46,Female,Mumbai,Prepaid,29,46.35,570,58,68,563.58,2,0,8,5,91,16,53,5,Monthly,0,0
2336,60,Female,Chennai,Prepaid,45,14.05,87,59,366,794.96,1,0,1,1,77,15,57,2,Monthly,1,1
2337,39,Female,Bangalore,Postpaid,9,66.77,481,124,415,674.0,7,2,4,2,14,14,19,5,Monthly,1,0
2338,43,Female,Kolkata,Postpaid,24,22.19,37,25,492,667.95,1,1,5,3,20,14,26,1,Two-Year,0,0
2339,45,Female,Kolkata,Postpaid,15,43.85,569,119,432,781.39,7,3,7,3,77,39,54,3,Monthly,1,0
2340,67,Male,Chennai,Postpaid,36,20.57,617,124,480,304.32,7,5,3,0,58,16,36,7,Monthly,1,0
2341,38,Female,Kolkata,Prepaid,13,55.3,174,62,59,695.37,4,1,6,0,81,0,4,4,Annual,1,0
2342,66,Female,Bangalore,Postpaid,44,12.49,467,58,301,452.9,5,4,6,0,38,12,48,8,Annual,1,1
2343,24,Female,Kolkata,Prepaid,71,3.29,954,7,451,162.78,4,3,3,5,19,37,43,3,Two-Year,0,0
2344,34,Male,Bangalore,Postpaid,72,6.06,886,133,248,281.93,5,5,0,3,0,9,31,7,Monthly,0,0
2345,37,Female,Mumbai,Postpaid,36,95.47,185,10,477,814.6,1,4,2,0,72,32,58,2,Monthly,1,0
2346,58,Male,Bangalore,Prepaid,61,15.09,594,23,168,906.34,2,2,1,4,8,25,58,8,Annual,1,0
2347,66,Female,Delhi,Postpaid,40,71.14,993,90,464,354.54,3,4,2,5,50,11,13,3,Two-Year,1,0
2348,37,Female,Delhi,Postpaid,27,7.72,877,119,450,271.32,0,2,4,5,37,18,53,6,Monthly,1,1
2349,39,Male,Delhi,Prepaid,1,11.71,38,127,268,124.05,6,4,0,4,92,14,43,2,Two-Year,0,1
2350,45,Female,Chennai,Postpaid,34,51.38,965,140,363,952.93,5,3,4,4,14,4,39,7,Annual,0,0
2351,57,Male,Chennai,Prepaid,68,47.02,678,77,111,715.47,3,4,1,5,83,1,59,4,Monthly,0,0
2352,66,Male,Chennai,Prepaid,21,95.21,835,51,99,961.33,0,1,3,3,40,13,46,6,Annual,1,0
2353,24,Male,Bangalore,Prepaid,33,94.54,825,89,401,877.46,2,2,5,0,93,28,4,2,Annual,0,0
2354,18,Female,Chennai,Prepaid,7,78.18,288,32,214,406.42,1,0,8,1,46,40,40,3,Annual,1,0
2355,49,Female,Mumbai,Postpaid,65,60.61,292,50,482,201.41,2,4,9,0,25,0,44,3,Monthly,1,0
2356,30,Female,Delhi,Postpaid,3,46.04,488,136,112,549.15,5,2,5,3,53,12,13,4,Two-Year,0,0
2357,47,Male,Bangalore,Postpaid,51,36.26,528,124,96,124.13,1,0,9,4,69,48,57,1,Monthly,1,0
2358,40,Female,Delhi,Prepaid,54,94.76,314,140,306,234.92,7,2,1,3,38,31,41,6,Annual,0,0
2359,68,Male,Chennai,Postpaid,59,60.69,703,120,117,310.09,4,2,7,0,16,33,9,6,Two-Year,0,0
2360,36,Female,Bangalore,Postpaid,6,58.33,118,65,35,699.08,7,0,4,3,69,13,2,4,Annual,1,0
2361,49,Male,Kolkata,Postpaid,29,23.96,333,21,336,558.89,0,0,8,1,91,37,35,8,Monthly,0,0
2362,47,Male,Mumbai,Postpaid,17,5.62,215,38,358,372.18,4,3,9,3,8,37,53,5,Two-Year,1,0
2363,46,Male,Chennai,Prepaid,60,94.57,243,24,289,608.29,1,5,8,2,90,49,12,10,Monthly,1,0
2364,66,Female,Chennai,Prepaid,22,32.06,947,47,395,212.68,6,4,3,3,98,40,17,4,Two-Year,0,0
2365,62,Male,Mumbai,Postpaid,24,44.82,467,14,388,780.14,0,4,0,0,45,14,4,7,Annual,0,0
2366,46,Male,Mumbai,Prepaid,51,12.35,196,98,303,740.83,0,2,8,2,5,38,59,10,Annual,0,0
2367,47,Male,Kolkata,Postpaid,50,83.86,949,119,359,294.85,4,1,8,4,67,5,14,10,Annual,0,1
2368,33,Male,Chennai,Postpaid,11,3.74,491,131,346,645.75,0,1,7,0,15,28,21,8,Monthly,0,1
2369,57,Male,Chennai,Postpaid,56,83.57,931,114,123,552.97,1,5,4,5,86,36,41,2,Monthly,1,1
2370,36,Male,Delhi,Prepaid,71,14.89,416,111,39,154.73,7,2,4,1,86,18,8,1,Annual,1,0
2371,35,Female,Bangalore,Postpaid,42,88.77,850,109,140,350.34,6,3,9,3,28,0,33,6,Annual,0,1
2372,18,Female,Bangalore,Prepaid,39,73.25,518,75,25,999.53,5,0,5,3,40,20,45,2,Two-Year,0,0
2373,31,Male,Delhi,Prepaid,69,17.3,878,88,141,189.58,5,2,0,0,67,38,28,8,Two-Year,0,0
2374,68,Female,Bangalore,Postpaid,48,57.02,529,7,351,555.77,1,4,8,3,61,17,3,5,Monthly,1,0
2375,64,Female,Mumbai,Prepaid,57,31.95,62,50,394,864.4,4,1,4,3,39,26,14,2,Two-Year,1,0
2376,67,Male,Bangalore,Prepaid,21,18.65,407,30,421,370.59,2,1,6,4,61,27,19,5,Monthly,1,0
2377,19,Male,Bangalore,Postpaid,20,86.06,208,142,335,334.64,1,1,7,3,23,7,59,2,Monthly,0,1
2378,45,Male,Delhi,Prepaid,15,40.95,400,12,56,901.71,5,3,4,3,5,30,6,6,Two-Year,1,0
2379,66,Female,Kolkata,Prepaid,69,40.46,658,59,149,374.35,1,4,2,4,39,11,36,8,Two-Year,0,0
2380,67,Male,Bangalore,Postpaid,51,17.82,780,95,366,686.34,0,3,5,5,69,41,20,2,Two-Year,0,0
2381,47,Female,Bangalore,Postpaid,62,38.92,855,142,399,766.28,0,0,6,3,57,5,1,6,Annual,0,1
2382,55,Male,Kolkata,Prepaid,37,87.29,922,118,204,809.76,1,2,3,5,13,25,10,6,Annual,1,0
2383,68,Female,Delhi,Postpaid,6,36.95,507,83,75,995.28,4,2,8,4,77,15,13,1,Two-Year,1,1
2384,21,Male,Kolkata,Postpaid,71,95.21,181,105,465,822.87,2,1,3,1,44,29,12,9,Annual,0,0
2385,18,Male,Delhi,Prepaid,26,94.68,95,90,284,691.31,0,1,9,3,98,18,11,8,Monthly,0,0
2386,25,Female,Mumbai,Prepaid,8,15.34,567,49,209,905.92,5,0,1,0,5,17,36,4,Annual,0,0
2387,46,Female,Delhi,Postpaid,4,18.55,867,54,493,915.17,6,3,8,2,22,23,17,7,Annual,1,0
2388,56,Female,Mumbai,Prepaid,21,86.4,195,68,385,975.85,0,5,3,1,61,44,47,4,Annual,1,1
2389,20,Female,Mumbai,Postpaid,31,39.88,165,99,437,798.82,5,5,3,3,83,19,53,8,Monthly,0,0
2390,49,Female,Delhi,Postpaid,21,1.43,502,6,257,275.43,7,5,9,0,16,6,29,10,Monthly,0,0
2391,27,Female,Chennai,Prepaid,25,28.11,919,99,258,738.83,7,4,0,2,83,6,3,2,Two-Year,0,0
2392,27,Male,Delhi,Prepaid,15,60.17,530,66,476,167.62,6,0,1,4,69,15,29,2,Annual,0,0
2393,36,Female,Bangalore,Postpaid,35,80.13,636,146,183,386.17,2,2,2,3,27,41,10,3,Annual,1,0
2394,63,Male,Bangalore,Postpaid,49,14.21,675,78,327,204.23,6,2,6,5,12,46,53,4,Monthly,1,0
2395,51,Male,Chennai,Postpaid,43,11.94,139,104,10,954.95,0,3,8,5,28,13,46,6,Annual,1,1
2396,50,Female,Mumbai,Postpaid,41,92.29,852,115,459,404.88,6,0,4,4,44,11,19,5,Monthly,0,1
2397,40,Male,Chennai,Prepaid,37,75.36,90,108,159,741.89,4,4,3,1,19,28,53,10,Annual,1,1
2398,45,Female,Bangalore,Postpaid,57,59.39,393,19,259,614.19,5,0,1,5,57,14,4,10,Two-Year,1,0
2399,49,Female,Chennai,Prepaid,42,77.15,811,18,392,196.76,0,0,6,2,80,7,57,7,Monthly,1,0
2400,67,Male,Delhi,Prepaid,47,43.46,668,31,87,605.21,0,3,5,5,53,38,46,6,Monthly,0,0
2401,24,Male,Chennai,Postpaid,61,76.09,304,89,368,694.92,1,4,6,2,98,8,38,4,Monthly,1,0
2402,46,Female,Mumbai,Prepaid,14,37.81,987,13,183,893.37,7,5,7,5,63,45,12,10,Annual,1,0
2403,25,Female,Delhi,Prepaid,68,25.17,278,24,15,163.08,4,2,8,4,51,27,31,9,Two-Year,0,0
2404,18,Male,Kolkata,Postpaid,53,73.17,654,83,464,366.07,4,1,9,4,42,26,58,7,Monthly,0,1
2405,20,Male,Bangalore,Prepaid,34,42.55,571,61,494,723.11,1,5,4,5,86,6,2,1,Two-Year,0,0
2406,41,Male,Bangalore,Prepaid,24,98.16,544,148,243,130.9,6,4,4,1,17,43,49,8,Monthly,0,1
2407,40,Male,Chennai,Postpaid,20,35.6,387,104,85,283.2,5,2,3,0,99,13,1,4,Two-Year,1,0
2408,25,Female,Delhi,Postpaid,69,92.25,385,79,198,296.8,3,5,2,5,83,10,17,7,Annual,0,0
2409,64,Female,Kolkata,Postpaid,30,93.36,97,140,9,702.39,2,3,6,3,53,31,25,2,Annual,1,1
2410,54,Female,Delhi,Postpaid,7,24.94,934,71,476,357.36,7,4,4,0,59,27,5,3,Two-Year,0,0
2411,20,Female,Bangalore,Postpaid,36,80.02,633,23,163,639.64,4,4,6,5,70,5,48,1,Two-Year,0,0
2412,68,Male,Delhi,Postpaid,38,43.87,120,109,23,968.81,7,2,1,2,99,34,14,2,Annual,1,1
2413,50,Male,Kolkata,Postpaid,52,91.83,593,15,63,813.92,3,2,8,3,0,5,52,5,Two-Year,0,0
2414,45,Female,Chennai,Prepaid,15,45.56,163,55,311,399.61,5,0,8,1,36,23,10,2,Two-Year,0,1
2415,64,Female,Mumbai,Prepaid,46,74.69,472,130,237,525.16,2,0,8,0,48,8,21,6,Two-Year,1,0
2416,25,Female,Delhi,Postpaid,23,47.23,578,84,461,280.61,4,4,4,0,34,1,25,6,Monthly,1,1
2417,51,Female,Mumbai,Prepaid,12,23.55,778,58,461,114.15,0,1,9,3,66,37,35,6,Two-Year,0,0
2418,52,Female,Bangalore,Prepaid,44,20.74,165,21,344,360.74,4,3,8,1,34,13,3,3,Monthly,0,0
2419,49,Female,Chennai,Postpaid,15,43.12,634,28,237,432.47,2,2,0,5,92,30,18,3,Annual,0,0
2420,41,Female,Chennai,Prepaid,49,75.79,327,149,21,607.93,6,0,1,1,8,29,56,10,Annual,1,0
2421,31,Female,Delhi,Postpaid,21,60.9,568,52,179,949.66,3,3,9,5,36,26,55,7,Annual,1,0
2422,49,Female,Chennai,Prepaid,15,69.17,247,88,305,953.07,7,5,4,0,59,35,50,4,Two-Year,0,1
2423,63,Male,Delhi,Postpaid,14,28.95,343,11,46,163.09,6,5,4,5,55,45,36,6,Annual,1,1
2424,60,Female,Delhi,Prepaid,42,48.66,115,146,278,653.18,0,4,5,0,88,30,39,8,Monthly,1,0
2425,33,Male,Mumbai,Prepaid,15,5.4,491,15,223,138.12,2,2,7,4,11,41,33,3,Monthly,0,0
2426,21,Male,Chennai,Prepaid,63,81.94,708,16,217,683.27,5,5,0,3,70,5,48,9,Two-Year,0,0
2427,69,Female,Delhi,Postpaid,68,99.0,680,114,498,205.93,6,2,9,1,70,42,17,9,Monthly,0,0
2428,54,Female,Mumbai,Prepaid,27,41.28,719,137,474,951.76,2,0,8,2,3,44,40,3,Monthly,0,0
2429,38,Male,Kolkata,Prepaid,53,2.09,391,137,236,877.9,4,5,3,3,60,17,6,6,Annual,1,0
2430,31,Male,Mumbai,Postpaid,52,17.81,698,132,203,120.1,7,1,7,5,44,13,34,5,Monthly,0,1
2431,48,Female,Mumbai,Postpaid,63,65.6,270,58,338,803.92,5,5,4,4,94,19,26,4,Annual,0,0
2432,65,Male,Delhi,Prepaid,53,61.6,808,59,18,672.31,1,2,0,3,49,10,42,8,Annual,1,0
2433,35,Female,Bangalore,Prepaid,57,79.0,302,83,179,545.83,1,1,8,0,49,36,31,10,Monthly,1,1
2434,24,Female,Bangalore,Prepaid,52,26.13,344,94,161,642.37,6,3,7,3,73,39,49,9,Monthly,1,0
2435,27,Female,Bangalore,Prepaid,43,76.6,664,101,479,710.43,0,5,4,5,47,3,51,9,Two-Year,1,0
2436,24,Male,Mumbai,Postpaid,7,69.11,829,131,284,896.01,2,2,3,3,22,43,28,5,Two-Year,1,0
2437,50,Male,Delhi,Prepaid,42,32.96,718,34,60,790.62,3,5,7,3,89,5,36,5,Monthly,1,0
2438,40,Female,Chennai,Prepaid,4,55.0,485,28,84,617.84,0,5,8,5,86,22,13,3,Annual,1,0
2439,38,Male,Mumbai,Postpaid,69,15.58,234,135,34,842.15,5,2,6,2,92,7,21,9,Annual,0,0
2440,36,Male,Mumbai,Prepaid,5,45.8,916,126,489,988.23,6,1,3,4,7,29,59,1,Two-Year,0,0
2441,65,Male,Delhi,Prepaid,41,88.24,564,104,4,370.16,0,0,6,3,82,35,26,3,Annual,1,0
2442,36,Male,Kolkata,Prepaid,4,42.7,463,75,75,206.58,6,5,5,3,28,41,51,7,Two-Year,0,0
2443,53,Male,Mumbai,Postpaid,2,84.12,672,18,252,758.3,4,4,2,2,42,10,31,7,Annual,1,1
2444,46,Male,Kolkata,Postpaid,67,59.44,305,52,6,980.74,5,3,9,1,52,46,16,5,Monthly,0,0
2445,35,Male,Kolkata,Prepaid,21,20.0,584,33,168,205.04,7,2,2,3,5,4,31,6,Monthly,1,0
2446,19,Female,Bangalore,Prepaid,70,58.53,651,54,129,488.54,3,5,0,5,92,2,13,4,Annual,1,0
2447,18,Male,Delhi,Postpaid,43,51.09,776,142,472,156.04,2,0,4,5,23,14,30,8,Two-Year,1,0
2448,64,Male,Kolkata,Prepaid,69,40.47,472,31,137,798.88,5,2,7,3,73,1,32,4,Monthly,1,0
2449,22,Male,Delhi,Prepaid,9,12.84,864,83,357,953.84,2,5,5,1,13,1,5,10,Two-Year,1,1
2450,37,Male,Bangalore,Postpaid,28,42.25,223,100,299,549.09,2,3,7,5,51,7,12,6,Monthly,1,0
2451,28,Male,Delhi,Postpaid,26,8.2,594,141,325,468.57,0,4,6,3,69,45,39,5,Annual,0,0
2452,59,Male,Mumbai,Postpaid,3,10.78,952,75,90,916.95,4,2,1,3,3,29,59,10,Monthly,0,0
2453,19,Male,Kolkata,Prepaid,49,42.18,625,84,162,220.05,0,5,7,3,57,40,41,6,Annual,0,0
2454,20,Male,Delhi,Prepaid,17,31.23,167,85,317,902.43,1,1,3,4,78,4,37,3,Two-Year,0,0
2455,40,Female,Chennai,Prepaid,63,92.63,281,91,457,452.91,1,0,4,5,36,29,4,3,Monthly,0,0
2456,29,Male,Delhi,Prepaid,55,38.19,836,12,252,603.47,2,4,7,0,47,43,42,10,Two-Year,0,1
2457,37,Male,Kolkata,Postpaid,23,76.03,247,6,200,575.46,4,2,4,4,38,9,48,7,Two-Year,1,0
2458,22,Male,Bangalore,Prepaid,34,53.49,312,127,19,654.38,5,5,4,1,91,32,43,1,Annual,1,0
2459,54,Male,Bangalore,Prepaid,69,70.7,893,125,228,947.91,2,4,5,4,65,23,29,1,Two-Year,0,0
2460,55,Female,Kolkata,Postpaid,15,26.75,679,100,162,956.01,5,1,6,4,12,18,41,1,Monthly,1,1
2461,47,Female,Mumbai,Postpaid,47,94.25,630,97,164,848.03,2,2,8,2,65,29,56,6,Annual,0,0
2462,26,Female,Mumbai,Prepaid,3,53.48,530,7,231,272.39,7,4,6,1,59,24,5,4,Annual,0,1
2463,51,Female,Bangalore,Postpaid,28,83.3,330,140,327,400.16,0,2,5,1,40,10,57,6,Annual,1,1
2464,61,Female,Bangalore,Postpaid,3,37.14,68,6,237,539.04,7,2,9,1,31,48,11,1,Two-Year,1,0
2465,52,Female,Kolkata,Prepaid,4,10.92,367,119,119,914.91,2,4,3,4,51,34,30,4,Monthly,0,0
2466,69,Female,Mumbai,Prepaid,31,67.7,713,53,437,568.78,2,2,9,1,4,0,9,4,Monthly,1,0
2467,39,Female,Bangalore,Prepaid,45,1.77,657,105,350,979.69,4,1,1,5,66,16,49,2,Monthly,1,0
2468,61,Female,Mumbai,Prepaid,59,48.05,260,33,382,985.46,4,4,8,2,65,30,28,1,Annual,0,0
2469,41,Female,Bangalore,Postpaid,45,20.09,900,149,368,638.73,6,5,9,3,77,5,22,8,Annual,0,1
2470,34,Female,Delhi,Postpaid,37,63.11,445,78,106,889.75,5,4,4,4,51,12,11,6,Monthly,0,0
2471,27,Female,Chennai,Prepaid,65,97.96,155,109,249,999.3,4,1,4,3,48,25,21,4,Two-Year,0,1
2472,47,Female,Delhi,Prepaid,9,46.98,868,10,335,864.74,2,1,2,3,28,35,6,2,Annual,1,0
2473,63,Female,Bangalore,Postpaid,17,81.93,987,66,283,691.22,4,1,2,4,37,4,26,5,Monthly,0,0
2474,40,Female,Chennai,Prepaid,65,51.27,361,35,197,860.62,4,5,0,5,69,46,16,9,Two-Year,1,1
2475,49,Female,Chennai,Prepaid,3,50.09,579,123,415,174.39,3,5,4,4,97,13,51,7,Annual,1,1
2476,34,Male,Bangalore,Prepaid,26,93.11,698,16,219,671.34,3,2,2,1,7,14,14,4,Annual,0,0
2477,67,Female,Bangalore,Prepaid,53,89.11,809,16,394,294.87,1,2,1,2,58,11,35,5,Annual,1,1
2478,68,Male,Mumbai,Postpaid,31,78.79,254,148,425,204.46,0,3,8,4,54,49,42,8,Monthly,0,0
2479,34,Female,Bangalore,Prepaid,26,30.33,569,29,150,903.58,6,2,9,3,1,45,53,5,Annual,1,0
2480,31,Female,Kolkata,Postpaid,23,54.96,310,95,285,675.68,6,1,5,4,25,41,55,6,Annual,1,0
2481,26,Male,Bangalore,Prepaid,30,23.17,447,92,264,319.19,0,3,2,2,62,7,36,10,Two-Year,1,1
2482,57,Female,Kolkata,Prepaid,10,44.95,877,80,219,448.1,4,1,6,0,16,30,22,6,Monthly,0,0
2483,19,Male,Bangalore,Postpaid,72,48.94,109,22,215,975.95,1,0,8,5,58,25,53,8,Two-Year,1,0
2484,62,Male,Mumbai,Prepaid,64,83.33,734,49,314,875.96,1,5,8,3,87,28,2,5,Annual,0,0
2485,42,Male,Kolkata,Postpaid,22,89.71,823,115,155,114.02,5,4,0,0,94,3,13,1,Monthly,1,0
2486,56,Female,Delhi,Prepaid,15,42.05,489,84,215,981.82,6,0,1,0,15,49,11,4,Monthly,0,0
2487,26,Female,Kolkata,Prepaid,56,2.75,424,72,334,431.68,3,5,7,2,57,27,12,3,Annual,1,0
2488,39,Female,Mumbai,Prepaid,20,86.32,174,144,358,725.88,1,5,0,5,63,24,33,2,Monthly,1,1
2489,60,Male,Kolkata,Prepaid,47,18.25,921,22,113,741.41,2,1,2,4,49,39,22,7,Monthly,1,1
2490,63,Male,Bangalore,Prepaid,53,62.57,951,58,160,920.52,5,2,6,0,84,31,53,7,Two-Year,0,0
2491,21,Female,Bangalore,Postpaid,53,3.47,647,116,302,896.55,6,4,7,1,25,35,9,8,Monthly,1,0
2492,43,Female,Mumbai,Postpaid,1,40.55,311,101,97,353.56,4,2,4,4,16,10,44,10,Monthly,0,1
2493,46,Female,Chennai,Prepaid,2,98.61,983,31,405,679.18,2,2,1,5,45,36,7,5,Two-Year,1,1
2494,62,Female,Bangalore,Prepaid,58,10.97,130,82,156,454.33,0,4,2,3,67,9,17,1,Annual,0,0
2495,51,Female,Delhi,Postpaid,19,42.95,97,92,161,572.99,6,4,8,4,49,37,10,6,Two-Year,1,0
2496,40,Male,Mumbai,Postpaid,62,31.41,226,58,41,599.21,3,0,9,2,42,35,38,6,Annual,1,1
2497,54,Male,Kolkata,Prepaid,72,90.6,582,91,179,456.71,2,1,6,2,47,49,59,8,Annual,1,0
2498,28,Male,Kolkata,Prepaid,12,87.06,823,9,302,517.5,4,2,0,3,67,26,39,10,Annual,0,1
2499,23,Female,Delhi,Postpaid,26,24.53,188,127,329,287.51,7,1,2,3,18,16,51,2,Two-Year,0,1
2500,35,Male,Bangalore,Prepaid,27,9.04,711,58,50,646.88,2,1,8,3,24,6,46,9,Annual,1,0
2501,38,Male,Mumbai,Postpaid,29,63.09,172,43,251,783.06,2,3,6,2,71,8,25,6,Two-Year,0,1
2502,59,Male,Delhi,Prepaid,15,34.3,602,113,428,486.77,1,0,1,5,17,34,27,1,Two-Year,0,0
2503,53,Male,Bangalore,Postpaid,46,67.54,179,136,349,979.91,3,2,5,5,50,8,30,9,Annual,1,0
2504,58,Male,Mumbai,Postpaid,1,4.18,310,78,119,151.5,0,5,8,4,17,35,30,8,Annual,1,0
2505,55,Female,Kolkata,Prepaid,60,14.21,383,69,74,630.24,7,4,3,0,57,29,43,10,Two-Year,1,0
2506,51,Male,Mumbai,Postpaid,57,68.95,717,41,161,625.24,4,4,9,0,63,30,34,1,Two-Year,1,0
2507,34,Female,Chennai,Prepaid,3,22.02,212,71,148,132.67,5,1,1,1,70,18,33,8,Annual,0,0
2508,54,Female,Mumbai,Prepaid,18,85.9,56,115,122,302.11,5,0,2,2,56,40,32,7,Annual,0,0
2509,42,Female,Chennai,Prepaid,52,6.8,472,129,140,914.99,4,0,6,3,16,22,58,5,Annual,1,0
2510,55,Female,Mumbai,Prepaid,60,22.33,679,91,181,590.06,0,2,3,5,58,19,42,6,Two-Year,0,1
2511,29,Female,Chennai,Postpaid,34,99.86,417,51,408,492.75,4,2,6,4,66,5,12,4,Two-Year,0,0
2512,40,Male,Kolkata,Prepaid,60,43.87,203,17,377,473.95,1,1,4,5,85,42,41,9,Two-Year,0,1
2513,59,Male,Bangalore,Prepaid,26,70.59,436,48,276,899.34,7,1,7,2,14,23,23,9,Annual,1,0
2514,39,Female,Chennai,Prepaid,72,19.08,939,129,256,430.33,5,1,7,1,94,46,58,10,Monthly,1,0
2515,38,Female,Chennai,Prepaid,19,61.38,800,123,441,873.25,6,3,4,5,99,21,29,1,Monthly,1,0
2516,44,Female,Kolkata,Postpaid,22,72.88,326,135,324,378.27,5,0,6,0,25,5,43,9,Monthly,1,0
2517,48,Male,Chennai,Prepaid,33,32.13,488,130,244,578.35,6,1,5,4,47,23,1,3,Monthly,1,0
2518,23,Female,Delhi,Postpaid,38,83.06,430,142,85,229.44,2,0,7,0,13,41,20,2,Monthly,0,0
2519,44,Male,Kolkata,Postpaid,35,60.74,278,53,70,842.53,1,5,8,4,80,21,10,4,Two-Year,1,0
2520,57,Female,Delhi,Postpaid,67,39.52,490,128,268,762.38,5,4,4,3,8,17,19,4,Annual,1,0
2521,51,Male,Kolkata,Prepaid,10,56.21,720,82,492,577.08,1,4,6,4,6,15,59,9,Annual,0,0
2522,29,Female,Chennai,Prepaid,15,58.1,745,134,179,123.31,7,0,0,3,90,35,23,4,Annual,1,1
2523,62,Male,Delhi,Prepaid,11,17.39,272,107,278,533.13,1,5,7,2,91,12,21,5,Annual,0,0
2524,24,Female,Chennai,Prepaid,24,40.87,435,109,148,302.68,0,4,2,0,54,36,57,6,Annual,0,0
2525,27,Male,Kolkata,Postpaid,4,35.0,175,124,5,472.04,5,4,0,4,11,23,43,4,Monthly,1,0
2526,62,Male,Chennai,Postpaid,13,40.69,701,35,147,870.78,6,4,5,4,16,18,35,1,Annual,0,1
2527,34,Male,Delhi,Prepaid,57,76.35,437,72,331,792.64,3,2,7,1,72,49,59,2,Annual,0,0
2528,43,Male,Delhi,Prepaid,37,48.77,713,41,167,317.76,7,5,2,0,7,19,48,3,Monthly,0,0
2529,38,Male,Chennai,Prepaid,48,94.09,406,28,8,986.46,6,2,0,2,90,26,32,4,Annual,1,0
2530,45,Male,Mumbai,Prepaid,71,30.07,225,48,177,912.89,7,0,2,3,41,16,54,5,Monthly,0,0
2531,63,Male,Kolkata,Prepaid,1,42.15,805,87,283,575.81,7,0,4,2,75,15,10,10,Monthly,0,1
2532,19,Female,Kolkata,Prepaid,60,78.91,873,45,394,577.14,0,3,7,1,36,0,2,10,Two-Year,0,0
2533,60,Female,Chennai,Prepaid,12,55.06,116,46,115,911.14,0,2,8,2,19,20,51,3,Annual,0,0
2534,18,Female,Mumbai,Postpaid,21,55.16,987,112,95,672.53,7,0,8,3,0,26,36,1,Annual,0,1
2535,68,Female,Delhi,Postpaid,11,6.28,107,44,330,583.02,1,2,3,0,8,0,48,8,Annual,1,0
2536,53,Female,Bangalore,Postpaid,44,40.46,889,52,343,774.23,3,3,7,5,23,29,6,8,Monthly,0,1
2537,68,Male,Bangalore,Postpaid,58,27.8,491,117,55,311.59,0,0,4,1,33,19,43,4,Two-Year,0,0
2538,43,Male,Chennai,Prepaid,44,99.93,508,88,206,890.54,3,0,2,4,35,23,17,7,Annual,1,1
2539,46,Male,Mumbai,Prepaid,34,31.53,239,8,104,578.27,5,0,4,4,3,45,15,4,Monthly,0,0
2540,38,Male,Mumbai,Prepaid,25,88.57,266,112,34,643.15,1,0,1,0,28,1,54,3,Monthly,0,0
2541,28,Male,Kolkata,Prepaid,4,67.95,52,64,208,180.95,0,1,5,5,86,14,36,7,Monthly,0,0
2542,57,Female,Delhi,Prepaid,64,34.75,251,118,280,378.56,3,5,0,2,98,28,24,6,Monthly,1,0
2543,28,Female,Mumbai,Postpaid,16,54.81,563,9,368,484.06,4,5,5,4,15,34,57,1,Two-Year,1,0
2544,53,Female,Bangalore,Prepaid,10,84.21,104,110,354,472.52,6,2,4,1,7,12,40,9,Two-Year,1,0
2545,66,Female,Delhi,Postpaid,66,88.45,955,10,146,800.46,0,2,8,5,90,18,56,2,Monthly,0,0
2546,56,Male,Delhi,Prepaid,35,16.88,775,18,488,354.09,0,2,6,3,38,0,29,3,Annual,0,0
2547,57,Male,Chennai,Postpaid,6,34.62,197,130,286,263.9,0,3,5,2,57,44,50,5,Two-Year,1,0
2548,52,Male,Mumbai,Prepaid,19,34.19,394,144,80,624.36,3,1,6,5,11,46,14,3,Annual,1,0
2549,51,Female,Chennai,Postpaid,59,5.16,828,66,49,653.51,2,2,9,3,43,15,58,3,Annual,1,1
2550,64,Male,Mumbai,Prepaid,53,60.23,409,31,86,209.42,7,2,4,5,3,42,2,8,Two-Year,1,0
2551,41,Female,Kolkata,Prepaid,8,85.63,515,58,190,102.22,5,0,0,5,24,2,48,4,Annual,1,0
2552,39,Male,Chennai,Prepaid,10,38.78,176,94,302,925.88,6,0,8,2,69,39,22,10,Two-Year,0,0
2553,22,Male,Chennai,Prepaid,67,74.26,792,16,0,171.67,0,0,4,1,66,5,47,2,Two-Year,0,0
2554,50,Female,Bangalore,Postpaid,38,63.14,134,140,380,908.08,4,2,3,3,38,30,53,5,Annual,0,1
2555,53,Male,Chennai,Prepaid,29,38.19,682,78,441,459.29,4,0,5,1,23,4,6,2,Annual,0,0
2556,64,Male,Mumbai,Postpaid,15,14.96,96,148,137,687.75,7,2,4,3,84,25,9,10,Monthly,0,0
2557,37,Female,Bangalore,Prepaid,23,71.22,830,30,135,267.05,1,3,0,2,5,27,12,8,Two-Year,0,1
2558,36,Male,Chennai,Postpaid,46,85.6,498,140,361,841.53,2,3,1,1,96,14,42,3,Annual,0,0
2559,52,Female,Chennai,Prepaid,28,68.9,235,49,380,262.17,2,4,3,2,71,8,39,2,Two-Year,0,0
2560,69,Male,Kolkata,Prepaid,26,2.77,666,88,153,447.86,3,1,7,5,32,21,5,3,Monthly,0,0
2561,60,Male,Chennai,Postpaid,10,22.41,354,149,161,314.22,1,0,4,5,47,36,58,3,Monthly,1,0
2562,34,Male,Delhi,Prepaid,47,7.88,769,107,18,853.76,6,5,6,2,66,20,55,1,Monthly,0,1
2563,62,Male,Bangalore,Prepaid,4,57.47,883,128,461,872.5,3,0,1,3,1,41,40,3,Monthly,0,1
2564,60,Male,Delhi,Postpaid,55,75.89,527,127,327,434.83,1,1,7,5,37,28,59,3,Monthly,0,1
2565,51,Male,Bangalore,Prepaid,66,11.95,40,120,242,376.64,5,1,4,3,39,25,44,4,Monthly,1,0
2566,26,Male,Kolkata,Postpaid,67,84.0,718,18,128,796.21,2,4,3,1,55,5,1,8,Monthly,1,1
2567,43,Male,Chennai,Prepaid,7,56.0,753,21,175,890.66,6,1,8,4,87,10,10,9,Monthly,0,1
2568,19,Female,Chennai,Postpaid,55,69.31,305,17,408,661.62,5,2,5,5,20,35,11,1,Two-Year,0,0
2569,26,Female,Chennai,Postpaid,31,97.17,423,97,279,934.66,6,0,3,5,81,19,27,1,Annual,0,0
2570,26,Male,Bangalore,Postpaid,19,9.28,846,67,430,444.74,3,1,7,0,34,43,23,6,Two-Year,0,0
2571,57,Male,Chennai,Postpaid,28,90.22,981,37,83,236.7,1,2,2,3,74,19,20,1,Two-Year,1,0
2572,34,Female,Delhi,Prepaid,28,13.48,144,33,375,261.68,2,1,9,2,74,26,5,5,Annual,1,0
2573,18,Male,Chennai,Prepaid,19,39.9,534,41,221,702.85,2,5,1,0,66,5,13,1,Annual,0,0
2574,42,Male,Kolkata,Postpaid,20,85.29,13,107,324,466.77,7,2,6,1,59,32,50,8,Monthly,1,0
2575,60,Female,Delhi,Prepaid,13,90.72,187,28,450,240.68,6,3,3,0,22,29,10,5,Annual,1,0
2576,57,Male,Chennai,Prepaid,43,51.13,755,146,415,363.0,6,2,3,0,64,49,53,6,Two-Year,1,0
2577,59,Male,Chennai,Prepaid,11,59.82,268,137,144,577.54,6,4,9,4,62,33,57,4,Monthly,1,0
2578,42,Female,Mumbai,Postpaid,48,71.11,661,129,444,209.3,0,2,8,4,22,4,49,8,Two-Year,0,0
2579,56,Male,Bangalore,Prepaid,15,83.44,74,57,105,103.1,7,1,1,0,85,15,51,9,Annual,1,0
2580,52,Male,Delhi,Prepaid,17,13.03,804,92,324,925.57,3,3,0,4,41,11,36,9,Two-Year,1,0
2581,20,Female,Mumbai,Postpaid,54,81.2,372,102,10,374.38,0,3,6,4,93,11,41,1,Two-Year,0,1
2582,67,Male,Kolkata,Prepaid,50,48.65,827,118,165,299.35,7,2,7,0,63,10,50,7,Monthly,0,0
2583,54,Female,Bangalore,Postpaid,28,45.61,726,99,195,728.63,6,1,2,3,65,20,16,4,Monthly,0,0
2584,61,Male,Delhi,Postpaid,4,42.97,26,124,230,868.06,6,3,1,4,80,6,7,10,Two-Year,0,1
2585,61,Male,Chennai,Postpaid,22,51.41,209,77,146,669.05,2,5,3,0,40,33,32,8,Annual,1,0
2586,68,Female,Delhi,Prepaid,39,94.56,553,110,358,329.03,3,2,1,3,19,28,25,7,Monthly,0,0
2587,47,Female,Chennai,Prepaid,34,55.27,221,30,237,875.47,3,2,1,5,8,5,44,1,Two-Year,1,0
2588,55,Male,Bangalore,Postpaid,44,95.36,444,22,496,559.38,5,2,4,4,56,35,26,1,Monthly,0,0
2589,51,Female,Chennai,Postpaid,42,18.85,282,140,470,443.07,4,3,9,0,74,33,36,1,Monthly,1,1
2590,29,Female,Kolkata,Postpaid,40,72.69,299,62,400,644.25,7,0,4,4,16,48,53,2,Annual,0,0
2591,36,Male,Chennai,Postpaid,12,81.41,812,97,12,730.55,1,1,7,3,77,7,28,10,Two-Year,0,0
2592,54,Male,Kolkata,Postpaid,2,68.23,492,53,218,634.45,4,4,8,0,81,36,44,2,Two-Year,1,0
2593,61,Male,Bangalore,Postpaid,28,61.09,243,75,256,928.22,4,4,1,3,17,9,12,9,Two-Year,0,1
2594,66,Female,Bangalore,Prepaid,67,56.92,417,69,1,665.22,6,1,0,5,62,15,26,5,Two-Year,0,0
2595,34,Female,Delhi,Postpaid,71,86.23,703,37,209,890.72,2,0,2,2,71,1,4,1,Two-Year,0,0
2596,27,Female,Kolkata,Postpaid,72,82.34,155,54,483,628.26,5,1,5,1,92,18,44,7,Monthly,0,0
2597,66,Female,Kolkata,Postpaid,10,13.11,571,8,364,396.71,1,2,4,2,71,6,23,10,Monthly,0,1
2598,64,Male,Mumbai,Prepaid,57,85.01,439,123,224,579.07,6,5,7,4,25,1,40,2,Monthly,0,1
2599,29,Female,Mumbai,Prepaid,37,41.99,441,88,483,177.7,6,1,7,3,91,44,24,3,Monthly,0,1
2600,33,Male,Mumbai,Prepaid,64,26.12,624,121,193,307.16,4,1,1,0,71,22,31,4,Annual,0,0
2601,41,Female,Chennai,Prepaid,40,87.11,554,106,195,789.61,4,5,8,3,83,30,30,3,Annual,0,0
2602,36,Male,Mumbai,Postpaid,60,43.77,506,135,399,695.33,3,3,3,4,71,3,3,3,Two-Year,0,1
2603,25,Male,Kolkata,Prepaid,48,81.03,992,10,259,249.87,2,4,0,0,77,15,16,9,Annual,1,1
2604,48,Male,Chennai,Postpaid,19,27.08,98,27,56,494.21,4,4,1,2,12,9,34,4,Monthly,1,0
2605,38,Female,Bangalore,Postpaid,72,1.39,420,139,456,227.79,1,2,5,3,16,48,38,8,Monthly,1,0
2606,34,Male,Delhi,Postpaid,33,50.05,906,124,112,870.24,0,5,4,1,25,20,28,1,Monthly,1,0
2607,40,Male,Mumbai,Postpaid,44,10.92,862,65,212,198.25,6,2,6,5,5,27,49,6,Monthly,0,0
2608,54,Female,Bangalore,Postpaid,37,75.68,836,104,278,688.81,0,3,8,5,80,45,44,1,Monthly,1,1
2609,33,Male,Kolkata,Postpaid,36,28.33,250,69,243,646.3,2,2,5,4,3,11,41,5,Two-Year,0,0
2610,23,Female,Delhi,Prepaid,21,44.92,787,138,379,525.5,0,5,5,4,88,12,48,7,Two-Year,0,0
2611,25,Female,Bangalore,Prepaid,2,9.62,232,28,116,350.41,3,5,1,3,6,39,7,1,Monthly,1,0
2612,42,Male,Delhi,Prepaid,31,29.38,757,41,385,463.56,3,0,6,2,16,16,8,9,Two-Year,0,0
2613,35,Male,Mumbai,Prepaid,30,78.37,674,49,450,825.75,1,3,1,2,85,17,7,9,Annual,1,0
2614,42,Female,Kolkata,Prepaid,44,16.01,477,104,86,785.4,5,5,6,1,91,9,53,6,Annual,1,0
2615,29,Male,Delhi,Postpaid,12,65.07,578,106,409,764.93,2,5,7,1,49,27,37,2,Monthly,1,1
2616,32,Female,Bangalore,Prepaid,51,91.83,331,67,380,774.84,2,3,0,3,5,12,55,2,Two-Year,1,0
2617,43,Female,Mumbai,Prepaid,49,68.3,384,33,366,229.5,6,1,8,0,29,33,7,9,Monthly,0,0
2618,58,Female,Mumbai,Prepaid,24,81.29,121,105,262,189.19,0,1,7,2,73,48,50,4,Two-Year,1,0
2619,62,Male,Bangalore,Postpaid,24,11.79,536,113,483,875.35,4,0,8,0,55,5,18,6,Monthly,1,0
2620,43,Female,Bangalore,Postpaid,60,25.82,421,100,299,853.46,4,5,4,0,38,11,48,10,Monthly,0,0
2621,64,Male,Delhi,Postpaid,11,89.56,278,14,416,713.19,5,3,3,3,13,28,39,2,Monthly,1,0
2622,49,Male,Chennai,Prepaid,13,71.8,635,39,112,645.32,6,3,0,1,53,12,21,4,Annual,0,0
2623,27,Male,Mumbai,Prepaid,72,64.32,261,59,447,430.18,4,1,8,0,21,25,34,2,Two-Year,1,0
2624,33,Male,Delhi,Prepaid,72,66.71,383,100,163,301.67,5,4,3,3,56,3,49,3,Two-Year,1,0
2625,24,Female,Bangalore,Prepaid,64,42.01,663,127,3,700.89,7,4,3,1,40,14,57,2,Annual,0,0
2626,34,Male,Delhi,Prepaid,20,5.41,635,16,117,921.73,6,5,3,0,89,15,27,8,Annual,0,0
2627,40,Female,Bangalore,Postpaid,72,78.66,459,8,22,493.3,7,1,1,0,9,18,8,5,Two-Year,0,1
2628,43,Female,Kolkata,Prepaid,71,68.19,811,110,408,372.89,1,5,3,1,1,46,34,5,Two-Year,1,0
2629,38,Male,Bangalore,Postpaid,28,47.81,878,94,232,343.67,2,2,1,5,66,25,18,8,Monthly,1,0
2630,39,Female,Bangalore,Prepaid,2,90.08,546,71,89,121.33,0,3,7,1,47,31,51,8,Monthly,1,0
2631,24,Female,Bangalore,Postpaid,43,34.28,377,149,475,568.29,1,5,6,4,41,5,52,7,Two-Year,0,0
2632,31,Male,Chennai,Postpaid,8,30.14,831,69,254,989.41,3,0,9,4,10,5,41,5,Two-Year,0,0
2633,32,Female,Bangalore,Postpaid,13,87.41,264,86,91,833.71,3,4,1,3,73,4,12,7,Monthly,1,1
2634,24,Female,Mumbai,Postpaid,35,79.9,472,109,468,907.73,3,5,1,3,11,1,22,1,Annual,0,0
2635,26,Female,Mumbai,Prepaid,23,51.98,277,88,457,659.05,5,2,1,2,13,1,51,3,Two-Year,1,0
2636,68,Female,Delhi,Prepaid,46,13.94,135,109,154,533.3,5,3,0,4,29,36,40,3,Two-Year,1,0
2637,65,Male,Chennai,Prepaid,15,22.29,402,119,306,991.41,6,2,5,1,59,2,22,2,Annual,0,0
2638,25,Female,Delhi,Postpaid,2,65.97,771,32,114,502.45,2,5,5,4,76,5,8,6,Annual,0,1
2639,67,Female,Mumbai,Prepaid,61,39.12,808,20,206,925.15,3,3,0,5,29,30,42,3,Annual,1,0
2640,40,Female,Mumbai,Prepaid,64,83.81,343,25,80,785.66,5,3,0,3,37,42,28,4,Two-Year,0,0
2641,46,Female,Kolkata,Prepaid,52,95.05,998,81,102,397.88,6,1,5,5,74,4,50,3,Two-Year,1,0
2642,35,Male,Bangalore,Prepaid,36,80.76,574,46,482,552.76,5,1,5,3,64,49,47,7,Two-Year,0,1
2643,48,Female,Mumbai,Postpaid,67,38.38,377,58,452,445.9,4,0,3,5,90,45,56,4,Monthly,0,1
2644,47,Male,Delhi,Postpaid,69,79.08,564,36,79,222.6,5,0,2,3,46,9,32,5,Annual,0,0
2645,69,Female,Delhi,Prepaid,67,35.79,687,118,406,421.09,3,2,8,1,38,26,11,7,Annual,1,0
2646,56,Male,Bangalore,Prepaid,47,17.54,563,42,102,900.08,1,1,5,5,48,23,21,4,Monthly,1,0
2647,52,Male,Bangalore,Prepaid,2,4.31,901,118,239,777.37,3,3,0,0,72,21,26,6,Monthly,1,0
2648,35,Male,Kolkata,Postpaid,44,39.19,465,114,264,349.82,6,1,2,3,57,24,14,9,Monthly,1,0
2649,59,Male,Chennai,Postpaid,64,90.45,697,107,32,431.12,6,3,0,4,89,2,15,6,Monthly,0,0
2650,56,Male,Delhi,Postpaid,28,24.66,76,81,34,654.79,6,1,2,0,88,15,14,5,Annual,0,1
2651,34,Female,Bangalore,Prepaid,54,21.44,75,144,248,474.53,4,3,1,4,16,29,12,1,Monthly,1,0
2652,31,Female,Delhi,Postpaid,67,97.01,921,57,487,552.74,3,2,4,3,5,47,36,8,Monthly,1,1
2653,48,Female,Bangalore,Postpaid,36,3.48,604,125,49,728.35,0,1,2,1,14,42,3,5,Annual,1,0
2654,41,Male,Mumbai,Postpaid,63,78.79,871,7,279,520.53,4,4,6,0,66,3,44,5,Annual,0,0
2655,52,Female,Delhi,Postpaid,25,32.82,626,58,471,271.87,2,4,7,0,94,42,57,3,Annual,0,0
2656,61,Male,Mumbai,Postpaid,48,4.71,409,44,241,568.52,3,3,6,3,27,39,58,10,Annual,0,1
2657,62,Male,Delhi,Prepaid,39,91.86,296,72,151,420.51,5,2,1,5,72,15,7,2,Two-Year,1,0
2658,51,Female,Chennai,Prepaid,47,14.82,895,118,146,361.66,1,3,9,3,43,39,39,1,Two-Year,1,0
2659,20,Female,Kolkata,Prepaid,21,55.63,195,134,38,395.3,3,2,9,3,17,40,54,9,Two-Year,0,0
2660,54,Male,Mumbai,Prepaid,30,28.13,293,46,188,495.1,1,0,6,2,31,45,57,5,Two-Year,1,0
2661,60,Male,Bangalore,Postpaid,31,7.45,525,98,24,897.95,6,1,9,1,82,7,51,10,Annual,1,0
2662,57,Female,Chennai,Prepaid,26,5.94,659,105,243,760.65,6,2,2,5,68,23,46,4,Two-Year,0,0
2663,43,Female,Delhi,Prepaid,22,12.44,700,128,222,701.09,0,3,6,1,43,15,1,7,Monthly,1,0
2664,40,Female,Mumbai,Prepaid,21,8.07,246,6,229,524.13,2,0,0,3,69,26,39,4,Monthly,0,0
2665,61,Female,Delhi,Postpaid,1,76.3,27,95,152,101.65,5,3,1,2,62,1,25,2,Monthly,1,0
2666,56,Male,Delhi,Prepaid,37,49.07,824,63,410,406.5,4,4,9,3,75,19,31,9,Two-Year,1,0
2667,32,Female,Delhi,Postpaid,46,34.95,937,102,287,831.87,7,4,0,3,57,19,22,8,Two-Year,1,0
2668,66,Female,Kolkata,Postpaid,9,42.42,423,20,394,449.35,7,1,8,1,46,19,10,4,Monthly,0,1
2669,21,Female,Kolkata,Postpaid,17,92.97,941,20,452,607.44,4,5,1,2,16,18,18,8,Two-Year,0,1
2670,46,Male,Bangalore,Prepaid,47,91.16,18,112,107,284.27,2,1,1,1,38,17,13,9,Annual,1,0
2671,39,Male,Mumbai,Postpaid,59,71.85,429,27,32,924.27,0,0,5,3,58,12,8,2,Two-Year,1,1
2672,42,Male,Chennai,Prepaid,54,88.58,38,46,402,930.85,0,4,6,4,6,16,9,4,Monthly,0,0
2673,30,Male,Chennai,Prepaid,12,32.65,665,41,362,231.46,6,2,1,0,62,32,58,6,Monthly,1,0
2674,35,Female,Chennai,Prepaid,64,38.73,357,76,110,751.74,3,4,3,5,56,27,15,7,Two-Year,1,0
2675,50,Male,Delhi,Postpaid,6,61.76,670,138,120,167.71,0,5,2,3,74,4,8,5,Two-Year,0,1
2676,33,Female,Kolkata,Postpaid,53,62.74,585,120,15,638.69,3,1,4,5,33,27,57,10,Monthly,1,1
2677,62,Female,Mumbai,Prepaid,16,48.69,888,10,226,260.79,1,3,8,2,52,24,33,10,Monthly,1,1
2678,59,Female,Delhi,Postpaid,5,40.67,459,36,10,231.13,2,0,1,4,65,19,35,7,Two-Year,1,0
2679,61,Female,Kolkata,Postpaid,46,98.63,389,149,202,103.71,1,5,4,5,77,20,19,4,Two-Year,1,0
2680,19,Male,Kolkata,Postpaid,14,82.29,708,42,201,946.77,7,4,7,5,81,12,30,8,Monthly,0,0
2681,52,Male,Mumbai,Prepaid,44,44.06,375,149,97,846.33,1,2,5,2,47,5,9,3,Monthly,0,0
2682,59,Male,Mumbai,Postpaid,63,73.0,236,41,115,169.73,1,5,3,3,59,28,19,3,Monthly,0,0
2683,51,Female,Mumbai,Postpaid,52,27.69,127,65,452,639.44,1,2,9,3,42,41,47,5,Monthly,1,0
2684,47,Female,Delhi,Prepaid,26,10.92,421,81,470,309.61,4,2,7,0,72,8,46,6,Monthly,0,0
2685,30,Female,Bangalore,Postpaid,53,35.89,960,131,438,337.61,0,0,2,2,3,28,26,3,Monthly,1,0
2686,30,Female,Mumbai,Prepaid,29,40.89,365,90,280,886.75,2,2,3,4,77,37,1,10,Monthly,1,0
2687,35,Female,Bangalore,Postpaid,19,2.64,263,11,348,202.89,7,2,8,0,74,0,3,2,Two-Year,1,1
2688,49,Male,Delhi,Postpaid,47,81.66,552,89,231,641.34,7,4,4,2,93,29,34,5,Annual,0,0
2689,49,Female,Bangalore,Postpaid,8,36.56,682,10,460,461.13,2,0,5,3,90,49,25,10,Annual,1,0
2690,52,Male,Chennai,Postpaid,23,58.46,736,146,110,271.72,7,3,1,0,92,31,30,6,Two-Year,1,0
2691,56,Female,Bangalore,Postpaid,35,8.32,453,148,351,506.73,7,3,8,3,51,22,1,3,Annual,1,0
2692,63,Female,Mumbai,Postpaid,53,18.32,690,7,417,946.44,5,2,7,1,31,38,59,7,Two-Year,0,0
2693,69,Male,Delhi,Prepaid,58,89.08,90,141,11,803.45,1,5,6,1,93,9,18,3,Two-Year,1,0
2694,46,Male,Mumbai,Postpaid,5,61.26,55,51,471,218.9,7,1,8,0,89,43,33,2,Two-Year,0,0
2695,66,Female,Chennai,Postpaid,16,95.08,58,89,487,864.49,2,0,4,0,93,20,9,10,Two-Year,0,0
2696,46,Female,Mumbai,Postpaid,17,99.88,458,98,20,943.7,6,1,4,2,50,25,7,4,Annual,1,1
2697,61,Female,Mumbai,Prepaid,32,37.81,819,27,126,349.27,3,0,8,4,9,14,30,3,Two-Year,1,1
2698,33,Female,Mumbai,Prepaid,52,30.58,416,7,284,400.08,2,0,4,4,11,16,13,7,Monthly,0,0
2699,61,Male,Kolkata,Prepaid,20,85.98,889,133,434,213.68,6,4,8,1,96,34,17,8,Two-Year,0,1
2700,64,Female,Chennai,Postpaid,66,99.86,292,71,120,410.45,1,2,0,1,97,24,13,3,Annual,0,1
2701,27,Male,Mumbai,Postpaid,1,63.33,482,75,123,705.83,2,4,9,1,81,14,13,6,Annual,0,0
2702,47,Female,Mumbai,Prepaid,58,79.72,425,135,406,344.94,0,5,9,3,38,32,42,1,Annual,1,0
2703,42,Male,Mumbai,Prepaid,44,78.39,988,71,32,106.14,1,1,7,4,79,10,38,5,Annual,1,0
2704,56,Male,Delhi,Prepaid,6,36.18,609,59,391,404.69,4,1,2,0,67,23,37,2,Monthly,0,1
2705,37,Female,Kolkata,Postpaid,50,57.85,130,136,169,507.86,7,3,7,1,9,5,10,1,Two-Year,0,0
2706,22,Male,Delhi,Prepaid,72,83.47,12,35,76,609.72,6,5,4,5,91,27,14,7,Monthly,0,0
2707,18,Female,Kolkata,Postpaid,20,69.12,325,70,452,715.44,0,5,1,2,81,28,43,10,Two-Year,1,0
2708,47,Male,Mumbai,Postpaid,14,3.1,469,105,296,155.61,2,4,8,0,72,47,5,4,Two-Year,0,0
2709,66,Female,Chennai,Postpaid,5,34.33,236,68,329,522.78,4,4,3,0,85,20,36,5,Monthly,0,1
2710,20,Male,Bangalore,Prepaid,41,15.3,88,35,62,339.73,5,5,6,0,9,11,35,2,Monthly,0,1
2711,62,Female,Bangalore,Postpaid,40,24.06,666,121,269,953.17,7,4,7,4,22,21,46,8,Annual,0,0
2712,31,Female,Mumbai,Prepaid,34,90.64,763,70,215,423.91,0,3,6,1,76,26,45,10,Two-Year,0,0
2713,47,Male,Delhi,Prepaid,45,4.65,553,51,189,190.11,5,4,5,2,87,20,56,3,Two-Year,0,0
2714,67,Male,Chennai,Prepaid,71,22.76,784,26,74,137.34,3,4,6,3,12,14,23,7,Two-Year,0,0
2715,21,Male,Kolkata,Prepaid,71,31.65,732,98,173,338.87,0,5,3,2,47,17,5,1,Two-Year,0,0
2716,35,Male,Mumbai,Postpaid,27,62.07,80,87,66,260.99,4,5,9,2,88,9,44,10,Two-Year,1,1
2717,54,Female,Chennai,Postpaid,44,53.88,905,50,92,684.82,5,4,0,5,43,21,57,1,Two-Year,1,0
2718,42,Male,Chennai,Postpaid,33,22.61,206,93,52,862.27,3,4,4,2,92,43,28,7,Annual,1,0
2719,65,Female,Kolkata,Postpaid,33,17.26,67,123,495,381.3,7,5,7,3,79,19,23,1,Two-Year,0,0
2720,18,Male,Chennai,Prepaid,44,24.44,433,50,435,620.01,5,1,9,2,63,18,42,9,Annual,1,0
2721,63,Female,Delhi,Prepaid,20,50.75,478,5,93,757.27,2,2,5,5,39,27,34,9,Two-Year,0,0
2722,32,Female,Delhi,Prepaid,36,27.85,633,100,112,458.64,1,1,4,2,5,36,31,8,Two-Year,1,0
2723,26,Female,Delhi,Prepaid,7,94.81,57,65,228,159.69,7,4,1,1,71,49,7,8,Monthly,0,0
2724,32,Female,Chennai,Postpaid,32,46.92,444,109,249,306.27,5,0,9,5,97,43,7,4,Two-Year,1,1
2725,66,Male,Delhi,Prepaid,67,6.82,194,85,390,894.76,2,0,4,1,81,0,4,4,Monthly,1,0
2726,41,Male,Kolkata,Postpaid,39,73.2,888,18,208,842.03,1,3,9,1,42,33,44,5,Monthly,0,0
2727,21,Female,Chennai,Prepaid,24,33.56,848,49,467,177.88,1,1,2,0,31,34,32,9,Monthly,1,1
2728,29,Male,Bangalore,Prepaid,70,65.7,174,81,181,301.55,4,5,1,5,48,25,28,3,Annual,1,0
2729,54,Male,Chennai,Prepaid,54,28.68,736,70,266,792.25,6,3,2,2,73,29,56,4,Monthly,1,0
2730,54,Female,Kolkata,Prepaid,38,57.5,340,36,491,537.31,3,3,3,4,97,11,4,10,Monthly,1,0
2731,60,Male,Bangalore,Postpaid,32,77.44,339,100,280,783.97,6,0,1,4,86,13,39,5,Monthly,0,1
2732,23,Male,Chennai,Postpaid,45,92.87,130,62,442,289.98,7,1,3,4,18,38,52,7,Two-Year,0,0
2733,56,Male,Delhi,Postpaid,61,26.85,222,108,471,957.43,3,2,3,3,83,3,45,5,Annual,0,0
2734,63,Female,Mumbai,Postpaid,70,34.15,832,60,449,805.25,0,5,5,1,51,11,8,9,Annual,0,0
2735,41,Male,Mumbai,Prepaid,53,46.96,516,138,154,277.71,2,1,4,1,51,23,14,6,Annual,0,0
2736,28,Female,Delhi,Prepaid,51,92.79,562,71,82,602.6,4,3,6,1,33,39,30,3,Annual,1,0
2737,30,Male,Mumbai,Postpaid,56,90.24,874,122,185,201.79,5,4,6,5,58,30,3,6,Two-Year,0,0
2738,51,Male,Mumbai,Postpaid,27,9.9,925,42,348,425.29,2,3,2,3,80,0,2,6,Monthly,0,0
2739,42,Male,Delhi,Prepaid,38,14.06,810,135,484,693.66,5,1,8,2,4,36,10,10,Two-Year,0,0
2740,24,Female,Delhi,Prepaid,62,50.06,177,116,138,397.11,6,0,6,0,65,0,6,1,Annual,0,0
2741,69,Female,Chennai,Postpaid,18,11.56,555,137,54,691.08,7,1,6,5,40,14,55,7,Two-Year,0,0
2742,21,Male,Chennai,Postpaid,64,35.21,839,58,18,320.3,5,2,1,1,33,12,7,3,Two-Year,0,0
2743,25,Female,Delhi,Postpaid,30,15.69,996,38,347,749.09,6,5,9,2,53,28,16,1,Annual,1,0
2744,37,Male,Kolkata,Prepaid,49,63.97,796,43,422,423.63,6,5,2,4,19,44,6,1,Monthly,1,1
2745,46,Female,Mumbai,Postpaid,41,95.0,436,116,468,811.43,5,4,2,0,53,3,16,5,Two-Year,0,1
2746,68,Female,Chennai,Postpaid,13,99.68,718,92,345,223.02,0,4,5,4,65,14,27,10,Annual,0,0
2747,62,Male,Mumbai,Postpaid,34,38.15,712,52,469,425.78,6,3,3,2,91,43,56,10,Two-Year,0,0
2748,63,Male,Bangalore,Postpaid,25,60.3,230,53,453,517.54,0,1,3,2,17,39,12,2,Two-Year,1,0
2749,27,Male,Delhi,Postpaid,66,85.77,19,38,266,481.46,4,5,0,4,43,47,22,2,Two-Year,0,1
2750,60,Male,Kolkata,Prepaid,18,12.63,129,104,141,489.79,0,0,5,5,47,11,15,4,Monthly,1,1
2751,51,Female,Bangalore,Postpaid,5,69.27,644,139,315,500.32,4,2,7,0,34,24,22,10,Two-Year,1,0
2752,43,Female,Bangalore,Prepaid,19,41.48,256,22,163,989.92,0,3,7,4,78,26,35,7,Two-Year,0,0
2753,58,Female,Bangalore,Postpaid,42,21.41,369,74,251,273.84,3,1,7,4,38,5,48,8,Monthly,1,0
2754,66,Male,Delhi,Postpaid,18,40.87,918,118,231,791.8,4,0,4,5,2,22,50,10,Two-Year,1,0
2755,20,Male,Chennai,Postpaid,32,8.52,230,38,296,596.61,3,1,9,4,18,14,15,7,Two-Year,0,1
2756,23,Female,Delhi,Prepaid,21,69.85,782,55,385,472.27,6,0,5,0,86,38,23,9,Monthly,1,1
2757,22,Male,Chennai,Prepaid,10,26.02,515,109,440,670.18,3,1,4,3,82,4,38,7,Annual,1,1
2758,22,Female,Bangalore,Prepaid,37,31.83,67,97,362,868.18,7,1,3,0,17,22,49,4,Two-Year,0,0
2759,64,Female,Bangalore,Postpaid,49,12.99,836,146,59,519.97,4,5,3,5,93,14,2,9,Annual,0,0
2760,40,Female,Kolkata,Postpaid,13,86.6,469,73,403,878.32,2,3,3,4,82,24,2,9,Annual,1,0
2761,66,Female,Chennai,Prepaid,55,49.85,137,93,21,184.42,6,1,3,1,4,29,49,3,Annual,0,1
2762,26,Female,Bangalore,Prepaid,17,57.64,708,107,383,687.78,6,1,5,1,54,43,19,10,Monthly,0,0
2763,52,Male,Mumbai,Postpaid,9,57.37,726,140,125,399.86,1,3,5,2,12,42,5,8,Monthly,0,0
2764,37,Male,Kolkata,Prepaid,44,41.64,95,147,102,448.04,7,3,4,3,33,3,4,1,Two-Year,0,0
2765,66,Male,Delhi,Postpaid,46,20.06,113,87,387,613.92,0,4,8,5,87,12,28,2,Annual,1,0
2766,59,Female,Kolkata,Prepaid,8,74.77,152,15,439,531.93,5,4,7,2,17,49,18,8,Monthly,0,1
2767,52,Female,Mumbai,Prepaid,37,13.58,214,40,220,443.6,0,5,9,2,67,39,40,8,Monthly,0,1
2768,67,Female,Chennai,Prepaid,19,11.28,650,86,109,377.49,5,3,5,1,99,38,41,6,Annual,0,0
2769,35,Female,Delhi,Postpaid,63,71.3,767,146,57,656.48,2,2,8,0,71,22,56,8,Monthly,0,1
2770,34,Male,Delhi,Postpaid,46,21.67,47,42,471,555.02,1,5,4,2,42,15,55,8,Annual,1,0
2771,41,Male,Chennai,Prepaid,71,31.37,372,93,64,390.98,2,0,9,2,64,34,58,2,Monthly,1,0
2772,20,Female,Kolkata,Postpaid,26,48.05,630,5,471,284.46,1,3,3,3,40,15,50,3,Annual,1,0
2773,49,Female,Bangalore,Postpaid,46,45.49,318,108,57,797.02,4,4,5,1,37,47,31,7,Monthly,1,0
2774,52,Female,Kolkata,Postpaid,46,71.15,61,69,157,819.74,4,1,3,0,99,6,22,3,Monthly,1,0
2775,55,Male,Mumbai,Postpaid,14,62.72,10,5,75,292.41,5,3,7,3,37,44,11,2,Monthly,0,1
2776,30,Male,Bangalore,Prepaid,63,64.8,20,129,18,335.48,3,3,6,0,12,12,48,6,Monthly,1,0
2777,64,Male,Kolkata,Postpaid,72,71.69,835,64,383,315.23,3,4,4,0,21,49,16,2,Annual,0,0
2778,42,Female,Chennai,Postpaid,3,29.97,756,29,484,896.11,5,4,9,2,28,28,4,2,Two-Year,1,0
2779,26,Female,Mumbai,Prepaid,28,32.91,649,95,189,796.72,7,2,5,3,8,38,21,2,Two-Year,0,0
2780,21,Male,Mumbai,Postpaid,29,44.36,945,142,249,167.12,4,5,6,2,90,19,41,4,Monthly,1,0
2781,31,Female,Mumbai,Postpaid,18,31.44,223,54,359,849.4,7,4,1,4,67,49,45,7,Two-Year,0,1
2782,54,Male,Bangalore,Postpaid,35,98.51,965,144,362,133.17,5,4,8,0,16,28,25,6,Monthly,1,0
2783,51,Female,Delhi,Prepaid,47,81.59,764,96,373,327.88,3,4,6,3,36,17,20,5,Two-Year,0,1
2784,28,Male,Bangalore,Prepaid,5,17.3,565,36,451,927.09,5,5,7,1,63,21,8,4,Monthly,1,0
2785,58,Female,Kolkata,Postpaid,59,1.55,527,37,78,877.9,4,1,4,2,66,35,43,2,Two-Year,0,1
2786,20,Male,Delhi,Postpaid,59,5.24,677,30,83,803.29,2,3,2,4,3,40,53,8,Two-Year,1,1
2787,45,Male,Kolkata,Prepaid,47,25.16,424,46,171,511.79,0,3,1,5,39,47,9,2,Monthly,0,0
2788,46,Male,Delhi,Prepaid,13,12.31,17,65,211,389.27,4,4,1,4,15,35,18,8,Two-Year,0,0
2789,26,Male,Bangalore,Prepaid,33,53.8,14,45,373,893.39,5,5,2,4,10,7,31,10,Monthly,1,0
2790,20,Male,Mumbai,Postpaid,62,85.94,371,134,444,691.37,4,2,0,2,90,2,52,4,Two-Year,0,0
2791,42,Male,Chennai,Postpaid,16,73.94,703,103,148,365.96,4,4,0,1,25,28,35,5,Annual,1,0
2792,51,Female,Mumbai,Prepaid,44,22.35,121,102,9,516.88,3,5,6,3,94,8,55,1,Annual,0,0
2793,29,Female,Bangalore,Postpaid,58,40.53,282,35,29,893.35,5,5,9,0,97,7,30,2,Annual,0,1
2794,59,Female,Delhi,Postpaid,6,51.28,431,119,279,913.11,3,2,7,1,71,29,18,8,Monthly,1,1
2795,26,Male,Mumbai,Postpaid,15,81.21,274,52,431,693.37,5,5,5,2,64,11,19,1,Monthly,0,0
2796,32,Male,Bangalore,Postpaid,4,84.07,467,6,54,759.3,3,3,6,5,1,45,41,3,Monthly,0,0
2797,57,Female,Kolkata,Postpaid,56,91.06,221,143,359,135.37,3,2,0,3,90,27,24,2,Annual,0,0
2798,42,Male,Chennai,Postpaid,64,51.42,87,105,126,644.14,2,2,0,0,44,41,50,10,Two-Year,1,1
2799,22,Male,Mumbai,Postpaid,68,69.73,791,132,179,720.09,4,0,8,5,42,48,22,5,Monthly,1,1
2800,28,Male,Delhi,Prepaid,34,12.07,675,63,231,118.34,7,2,4,3,2,42,48,4,Annual,0,0
2801,51,Male,Kolkata,Prepaid,56,56.96,230,124,380,859.47,2,2,6,0,33,9,14,4,Monthly,1,0
2802,41,Male,Bangalore,Prepaid,32,25.62,378,42,421,935.46,7,1,5,0,79,12,19,4,Monthly,1,0
2803,32,Female,Chennai,Prepaid,9,43.74,967,111,450,314.14,3,3,3,4,64,1,29,4,Two-Year,1,1
2804,55,Female,Delhi,Prepaid,63,63.77,356,25,92,861.22,2,4,0,5,63,0,22,4,Monthly,0,0
2805,25,Female,Bangalore,Prepaid,72,26.44,34,46,7,698.96,6,0,3,5,6,21,30,6,Monthly,1,0
2806,22,Female,Bangalore,Prepaid,33,6.17,985,141,412,622.63,6,2,9,2,34,32,15,2,Two-Year,0,0
2807,65,Female,Mumbai,Prepaid,21,2.01,429,144,246,858.81,4,1,9,1,21,15,21,4,Monthly,1,0
2808,43,Male,Mumbai,Prepaid,55,3.19,363,14,393,357.05,4,1,7,4,47,41,26,7,Monthly,0,0
2809,35,Male,Delhi,Postpaid,57,1.83,729,137,452,811.77,3,5,0,4,31,28,36,7,Two-Year,0,1
2810,23,Male,Bangalore,Postpaid,2,11.93,426,37,330,383.07,4,4,1,3,25,9,12,1,Monthly,0,1
2811,54,Male,Mumbai,Prepaid,13,24.71,524,73,195,808.71,2,4,7,5,5,38,7,10,Monthly,0,0
2812,65,Female,Chennai,Postpaid,4,22.9,224,84,432,505.95,1,3,1,0,45,6,11,9,Annual,1,0
2813,30,Female,Chennai,Postpaid,50,98.69,916,105,441,205.25,4,5,9,0,54,0,58,7,Two-Year,1,1
2814,45,Female,Bangalore,Prepaid,48,31.29,121,33,162,443.37,2,2,8,3,74,25,39,6,Annual,1,1
2815,22,Male,Mumbai,Prepaid,30,13.61,963,138,433,310.14,6,1,2,5,94,44,20,2,Two-Year,1,0
2816,30,Female,Delhi,Prepaid,29,55.01,713,57,39,190.48,6,0,2,2,54,4,35,6,Monthly,1,0
2817,34,Male,Delhi,Postpaid,8,85.94,923,128,253,199.26,2,3,5,0,84,34,4,5,Annual,0,0
2818,67,Female,Delhi,Postpaid,12,68.13,568,46,395,802.06,7,2,2,4,56,12,2,9,Annual,0,0
2819,57,Female,Chennai,Prepaid,41,30.31,437,51,84,893.26,6,5,8,4,85,26,20,1,Annual,1,0
2820,62,Male,Mumbai,Postpaid,26,56.6,742,15,271,934.42,2,4,7,5,62,11,47,5,Annual,1,0
2821,49,Male,Mumbai,Postpaid,50,71.77,708,87,77,868.55,7,5,3,0,0,29,20,3,Two-Year,1,0
2822,46,Female,Chennai,Postpaid,2,73.08,571,113,212,847.2,4,2,5,0,20,49,12,9,Monthly,0,1
2823,68,Female,Delhi,Prepaid,55,66.99,718,31,303,161.95,1,5,7,2,19,31,53,1,Monthly,0,0
2824,20,Male,Delhi,Postpaid,56,87.21,225,66,254,811.11,3,4,3,5,72,30,17,6,Annual,0,0
2825,57,Female,Bangalore,Postpaid,14,87.14,422,135,90,804.95,3,2,4,0,90,4,18,3,Monthly,1,0
2826,51,Female,Kolkata,Postpaid,6,58.31,742,148,483,218.16,4,0,6,2,28,36,40,1,Monthly,0,1
2827,57,Male,Mumbai,Postpaid,61,43.56,389,107,384,695.81,4,3,7,4,42,1,24,3,Two-Year,1,0
2828,44,Female,Mumbai,Postpaid,12,64.52,611,48,192,507.26,6,5,6,2,96,37,8,2,Monthly,1,1
2829,30,Male,Mumbai,Postpaid,13,82.0,241,97,252,910.01,0,4,7,0,44,6,37,10,Monthly,0,0
2830,62,Female,Kolkata,Postpaid,19,1.56,844,34,277,725.87,5,0,3,1,64,0,56,8,Monthly,1,0
2831,50,Male,Bangalore,Prepaid,44,99.21,267,123,142,955.89,7,1,0,5,2,2,41,3,Monthly,1,1
2832,23,Female,Kolkata,Prepaid,59,19.11,674,33,243,194.43,1,0,5,0,95,19,30,7,Annual,0,0
2833,41,Male,Delhi,Postpaid,37,47.55,265,34,211,136.55,2,0,4,1,19,1,20,10,Two-Year,0,0
2834,36,Female,Delhi,Prepaid,25,87.33,412,108,194,976.22,5,0,3,4,80,41,52,6,Two-Year,1,0
2835,33,Male,Mumbai,Postpaid,16,23.28,433,114,269,172.17,2,4,1,5,36,42,23,7,Two-Year,1,1
2836,57,Female,Chennai,Postpaid,38,48.2,779,36,328,447.58,5,1,0,3,37,20,37,7,Monthly,1,1
2837,45,Female,Mumbai,Postpaid,43,14.13,988,142,18,684.97,3,3,8,5,73,44,59,10,Annual,1,1
2838,50,Female,Chennai,Prepaid,14,40.11,74,55,39,892.05,5,0,1,4,44,31,10,1,Two-Year,1,0
2839,65,Female,Kolkata,Postpaid,6,18.54,199,140,97,329.12,4,4,8,4,92,47,33,4,Annual,1,0
2840,58,Female,Delhi,Postpaid,23,37.0,612,40,3,126.15,1,4,5,4,41,19,24,4,Two-Year,1,1
2841,30,Female,Chennai,Prepaid,60,37.97,959,59,32,569.16,3,3,5,2,45,42,36,5,Annual,1,0
2842,60,Female,Kolkata,Prepaid,12,99.32,182,40,298,524.0,6,2,1,4,59,49,56,10,Monthly,1,0
2843,62,Female,Delhi,Postpaid,13,99.49,768,60,164,376.2,5,1,5,3,95,30,16,5,Monthly,0,0
2844,42,Female,Chennai,Prepaid,6,12.36,777,40,449,886.51,1,1,2,0,12,42,50,8,Two-Year,1,0
2845,59,Male,Mumbai,Prepaid,63,72.87,637,93,26,774.39,4,5,6,1,30,32,28,4,Two-Year,0,0
2846,53,Male,Mumbai,Postpaid,38,6.12,570,66,172,872.3,6,0,9,5,67,23,12,1,Two-Year,1,0
2847,44,Female,Mumbai,Postpaid,50,3.99,236,113,336,245.63,2,2,3,5,61,17,20,5,Monthly,0,0
2848,55,Male,Kolkata,Postpaid,52,11.43,590,91,112,723.17,6,1,8,4,48,19,47,1,Monthly,0,0
2849,24,Female,Mumbai,Prepaid,40,96.58,943,68,433,977.59,7,5,4,1,17,31,18,3,Two-Year,1,0
2850,22,Female,Bangalore,Prepaid,8,94.15,397,61,372,650.72,7,0,9,4,74,4,37,8,Two-Year,0,0
2851,60,Male,Delhi,Prepaid,61,20.2,410,117,379,254.23,0,2,2,2,52,1,58,10,Monthly,0,0
2852,62,Female,Kolkata,Postpaid,8,17.01,647,74,94,996.2,1,4,0,1,17,25,26,5,Two-Year,0,0
2853,68,Female,Mumbai,Prepaid,34,24.81,958,24,318,575.49,7,0,0,4,50,24,46,7,Two-Year,0,1
2854,48,Male,Delhi,Prepaid,60,52.04,222,58,232,856.05,2,2,3,4,40,49,56,1,Two-Year,1,1
2855,40,Male,Chennai,Postpaid,57,57.4,62,5,133,234.43,1,3,9,3,96,21,59,6,Monthly,0,0
2856,59,Female,Mumbai,Postpaid,46,22.94,633,94,123,699.49,1,1,9,3,66,38,7,8,Monthly,1,1
2857,27,Male,Delhi,Postpaid,22,75.91,680,142,371,921.36,1,0,3,3,64,21,43,6,Annual,0,0
2858,49,Male,Bangalore,Prepaid,40,31.65,761,117,350,578.82,4,5,8,2,82,10,47,4,Annual,0,0
2859,60,Female,Chennai,Postpaid,45,92.29,671,17,322,359.79,7,4,7,1,5,10,21,8,Annual,1,0
2860,47,Male,Bangalore,Prepaid,55,66.02,148,114,487,214.68,3,5,3,2,73,44,43,8,Annual,0,1
2861,56,Male,Delhi,Prepaid,51,44.2,427,95,450,366.35,1,0,5,0,36,3,32,6,Two-Year,1,0
2862,48,Female,Bangalore,Postpaid,5,79.2,634,99,352,419.4,4,1,6,4,11,32,7,8,Monthly,1,0
2863,35,Male,Delhi,Postpaid,13,81.97,152,47,115,738.96,0,1,9,4,80,17,53,6,Monthly,1,0
2864,53,Male,Delhi,Postpaid,28,29.76,891,142,442,260.76,7,2,7,4,90,30,23,4,Annual,0,0
2865,19,Female,Bangalore,Postpaid,62,34.63,518,78,12,195.49,3,5,3,3,1,43,20,6,Two-Year,0,0
2866,31,Female,Delhi,Postpaid,24,93.66,659,18,404,448.25,4,5,0,4,52,27,20,9,Monthly,1,0
2867,30,Female,Mumbai,Prepaid,7,17.31,495,103,319,512.79,6,4,4,3,24,41,32,8,Monthly,1,0
2868,46,Male,Delhi,Prepaid,38,5.17,446,113,164,665.55,0,2,0,0,27,21,26,7,Two-Year,0,0
2869,29,Female,Kolkata,Prepaid,37,45.95,825,149,207,736.78,6,4,3,2,44,39,36,5,Two-Year,0,0
2870,56,Female,Delhi,Postpaid,68,80.32,552,100,84,900.35,3,0,6,2,36,2,59,7,Annual,1,0
2871,19,Male,Kolkata,Prepaid,42,77.4,302,62,247,360.06,4,0,6,2,16,6,24,1,Annual,0,0
2872,49,Female,Delhi,Postpaid,5,92.03,629,140,431,575.75,0,5,0,3,68,19,1,8,Two-Year,1,0
2873,30,Female,Delhi,Postpaid,64,53.79,293,100,55,429.44,4,2,8,5,55,42,58,5,Monthly,0,1
2874,63,Female,Bangalore,Prepaid,50,10.91,680,42,171,101.28,0,3,1,5,57,6,53,7,Two-Year,1,0
2875,44,Female,Mumbai,Prepaid,15,59.28,847,68,140,621.49,1,1,4,1,82,6,28,7,Two-Year,0,0
2876,66,Male,Mumbai,Postpaid,53,78.06,23,13,131,834.22,1,2,5,5,3,28,26,8,Monthly,0,0
2877,58,Female,Chennai,Prepaid,25,10.24,643,125,478,132.8,7,2,0,1,54,25,34,7,Monthly,0,0
2878,34,Female,Bangalore,Postpaid,9,18.09,736,36,200,103.14,3,0,1,0,48,40,26,6,Annual,0,0
2879,57,Male,Bangalore,Prepaid,38,2.22,281,15,367,755.04,0,1,6,1,37,2,36,6,Two-Year,1,0
2880,48,Female,Mumbai,Prepaid,22,59.77,34,109,288,715.47,1,2,5,0,44,42,5,5,Annual,0,0
2881,51,Male,Bangalore,Prepaid,49,88.79,944,86,420,465.27,3,0,5,4,29,16,56,5,Two-Year,1,0
2882,41,Male,Mumbai,Prepaid,68,67.4,331,41,308,695.44,2,0,5,2,95,39,2,4,Two-Year,1,0
2883,62,Male,Bangalore,Prepaid,15,98.22,815,86,356,958.05,1,5,6,5,36,19,32,7,Monthly,1,0
2884,52,Female,Delhi,Postpaid,65,7.24,690,16,407,323.08,1,5,9,3,55,33,34,3,Two-Year,0,1
2885,65,Male,Mumbai,Prepaid,54,90.4,112,8,344,321.33,5,2,8,0,26,32,50,5,Two-Year,1,0
2886,23,Male,Mumbai,Prepaid,30,81.59,875,47,178,267.61,4,2,8,5,31,15,30,3,Monthly,1,1
2887,36,Male,Kolkata,Prepaid,20,32.11,892,55,424,751.59,2,0,1,3,10,22,24,8,Monthly,1,0
2888,47,Female,Bangalore,Postpaid,33,97.38,49,9,28,417.87,0,5,1,3,57,3,28,5,Monthly,1,0
2889,24,Female,Bangalore,Postpaid,7,29.51,244,138,442,989.82,3,2,4,2,76,40,46,10,Two-Year,1,0
2890,27,Female,Mumbai,Postpaid,8,89.04,841,91,423,743.18,2,1,9,4,34,39,3,6,Monthly,0,0
2891,58,Female,Delhi,Postpaid,28,88.19,98,110,306,430.64,0,0,6,4,16,32,53,1,Two-Year,0,0
2892,49,Female,Delhi,Postpaid,45,76.01,109,60,305,234.27,1,0,2,1,29,7,50,4,Annual,0,0
2893,51,Female,Delhi,Prepaid,11,56.78,153,114,366,632.82,6,2,2,5,17,4,54,9,Monthly,0,0
2894,45,Female,Bangalore,Prepaid,31,12.88,91,72,35,365.41,5,2,3,4,29,32,10,5,Annual,0,0
2895,32,Male,Kolkata,Prepaid,12,53.67,598,100,462,914.96,7,2,2,2,89,24,6,1,Annual,0,0
2896,47,Male,Mumbai,Postpaid,51,36.32,580,48,108,497.26,6,1,2,5,15,6,34,4,Monthly,1,0
2897,54,Male,Chennai,Postpaid,44,79.43,238,147,315,363.38,7,0,7,3,74,46,31,6,Monthly,1,1
2898,46,Male,Kolkata,Prepaid,50,76.05,612,94,145,629.7,3,3,6,0,53,6,52,7,Two-Year,1,1
2899,39,Female,Chennai,Postpaid,17,91.15,875,46,275,223.28,3,1,6,0,3,32,43,7,Monthly,0,1
2900,21,Male,Kolkata,Postpaid,35,2.47,404,143,388,605.39,2,1,9,4,14,40,50,8,Annual,1,0
2901,37,Male,Delhi,Postpaid,1,81.1,522,77,145,150.5,7,5,1,1,75,32,46,5,Annual,1,0
2902,49,Male,Bangalore,Prepaid,29,93.91,790,15,379,646.2,4,0,8,0,26,28,58,6,Annual,0,0
2903,53,Male,Chennai,Prepaid,51,79.14,807,62,167,577.15,0,3,5,1,3,43,52,2,Two-Year,0,1
2904,67,Female,Kolkata,Postpaid,64,13.89,206,132,256,568.69,7,0,2,0,34,38,13,10,Two-Year,0,1
2905,21,Female,Bangalore,Postpaid,4,9.05,283,25,274,715.75,5,1,8,1,84,40,59,2,Monthly,0,0
2906,44,Female,Chennai,Postpaid,28,3.06,599,25,86,140.01,7,2,8,1,62,31,39,3,Monthly,0,0
2907,34,Male,Mumbai,Postpaid,16,63.25,662,76,153,513.76,7,0,5,3,99,36,53,4,Monthly,1,1
2908,29,Female,Kolkata,Prepaid,63,63.34,809,133,496,499.63,5,0,9,2,65,43,58,6,Annual,1,0
2909,39,Male,Mumbai,Postpaid,53,98.7,592,106,284,513.8,6,2,5,0,38,28,20,6,Annual,0,1
2910,34,Female,Delhi,Prepaid,17,40.41,977,17,314,981.9,2,3,7,5,27,21,32,3,Annual,0,0
2911,27,Female,Mumbai,Prepaid,40,33.86,571,77,318,225.35,7,3,7,4,33,1,10,1,Monthly,0,0
2912,18,Female,Mumbai,Prepaid,13,62.82,976,10,97,721.39,4,0,5,2,32,49,26,3,Monthly,0,0
2913,39,Female,Kolkata,Postpaid,52,82.74,381,116,210,461.8,4,2,6,3,49,8,19,4,Annual,0,0
2914,43,Female,Delhi,Prepaid,58,93.74,890,21,445,560.55,4,5,3,3,59,28,29,9,Monthly,1,1
2915,35,Male,Mumbai,Prepaid,37,80.51,89,77,47,786.15,3,0,0,3,71,32,13,10,Two-Year,1,1
2916,67,Female,Bangalore,Postpaid,61,43.24,244,16,317,241.64,0,2,3,4,71,9,54,8,Monthly,0,0
2917,31,Male,Chennai,Postpaid,34,63.86,296,90,273,787.23,0,1,7,0,41,27,34,4,Annual,0,0
2918,64,Male,Mumbai,Postpaid,70,85.77,828,126,193,163.3,6,5,7,0,85,45,20,7,Monthly,0,0
2919,46,Male,Delhi,Prepaid,17,49.57,676,74,251,534.98,7,2,1,1,90,45,44,9,Two-Year,0,0
2920,29,Male,Mumbai,Postpaid,20,22.45,581,112,282,767.86,2,0,6,1,27,38,40,2,Annual,1,0
2921,53,Male,Chennai,Prepaid,59,17.8,554,56,261,273.3,1,4,0,5,74,11,18,3,Monthly,0,0
2922,52,Female,Delhi,Prepaid,69,1.02,446,41,486,793.82,2,3,1,1,26,21,57,1,Monthly,0,0
2923,69,Female,Kolkata,Postpaid,33,72.11,136,121,453,250.13,7,0,7,4,0,5,34,8,Monthly,0,1
2924,29,Female,Delhi,Prepaid,17,12.0,742,7,442,819.31,0,2,9,2,91,44,48,2,Monthly,1,0
2925,24,Female,Kolkata,Prepaid,57,25.14,721,12,261,522.04,7,5,3,0,90,39,8,7,Two-Year,1,0
2926,46,Male,Delhi,Prepaid,1,30.49,426,142,30,716.17,6,5,2,1,7,22,16,7,Monthly,0,0
2927,28,Female,Chennai,Prepaid,13,56.48,647,51,104,925.67,3,2,1,4,45,33,40,3,Monthly,0,0
2928,50,Female,Chennai,Postpaid,27,40.4,50,68,487,467.58,7,3,5,4,23,41,23,2,Annual,1,0
2929,23,Male,Delhi,Prepaid,70,67.79,796,46,349,309.66,2,0,3,5,39,37,32,3,Two-Year,0,0
2930,64,Male,Mumbai,Postpaid,59,6.51,478,47,311,880.45,6,5,2,1,50,15,13,8,Annual,1,0
2931,32,Female,Chennai,Prepaid,6,13.27,306,129,437,245.45,1,5,2,5,99,9,26,9,Two-Year,0,0
2932,49,Female,Kolkata,Prepaid,23,50.42,606,141,468,668.33,5,4,9,3,23,46,38,8,Monthly,1,0
2933,68,Male,Kolkata,Postpaid,10,34.36,610,18,168,930.93,2,1,2,3,21,20,1,2,Two-Year,1,0
2934,28,Female,Bangalore,Prepaid,51,30.29,51,95,235,706.96,7,4,7,3,73,9,2,9,Annual,0,0
2935,40,Female,Kolkata,Prepaid,19,7.64,641,136,273,276.11,6,1,8,1,67,10,39,6,Monthly,0,0
2936,43,Female,Bangalore,Prepaid,51,89.68,288,6,342,237.06,4,5,8,4,7,20,13,2,Annual,1,1
2937,51,Female,Delhi,Prepaid,68,69.49,468,119,229,327.07,1,1,4,4,57,24,27,9,Annual,0,0
2938,63,Male,Delhi,Prepaid,42,13.04,42,5,22,452.27,4,0,0,0,14,33,4,5,Two-Year,0,0
2939,51,Male,Delhi,Prepaid,57,7.44,285,79,475,243.24,3,5,9,3,7,30,41,6,Monthly,0,0
2940,46,Male,Mumbai,Postpaid,68,97.51,674,69,163,818.03,0,5,4,1,92,26,51,1,Annual,0,0
2941,21,Female,Mumbai,Postpaid,38,68.44,99,129,280,421.33,2,1,0,0,41,24,20,2,Annual,1,0
2942,34,Female,Bangalore,Postpaid,62,42.33,625,139,6,942.48,6,2,8,4,38,41,3,1,Two-Year,1,0
2943,52,Female,Kolkata,Prepaid,7,70.47,957,70,209,858.24,2,1,9,0,34,31,23,4,Annual,1,0
2944,30,Female,Kolkata,Prepaid,71,75.88,533,147,252,917.94,4,1,7,3,40,43,2,2,Monthly,0,1
2945,58,Female,Delhi,Prepaid,50,78.22,169,76,403,365.04,4,3,6,2,47,10,16,1,Monthly,0,0
2946,56,Male,Chennai,Postpaid,52,48.31,938,120,132,616.36,0,3,1,3,77,46,10,3,Two-Year,0,0
2947,32,Female,Mumbai,Prepaid,26,43.56,467,125,273,389.3,6,0,1,3,95,25,28,4,Annual,0,0
2948,46,Female,Mumbai,Postpaid,26,2.09,717,51,105,331.25,2,0,3,1,70,35,44,4,Two-Year,1,0
2949,46,Male,Delhi,Prepaid,19,92.73,408,94,231,646.38,6,2,8,2,43,36,18,3,Two-Year,0,0
2950,28,Female,Mumbai,Prepaid,9,60.73,828,44,32,836.2,0,3,8,5,96,32,2,2,Annual,1,1
2951,69,Male,Delhi,Prepaid,61,21.11,783,46,78,184.24,4,4,7,2,34,32,14,8,Monthly,0,1
2952,49,Male,Bangalore,Postpaid,20,92.04,100,39,34,348.19,7,0,4,2,26,41,44,10,Two-Year,1,0
2953,19,Male,Kolkata,Prepaid,50,91.58,718,45,494,284.62,5,0,6,4,64,35,20,2,Monthly,0,0
2954,64,Male,Chennai,Postpaid,22,98.93,590,89,109,818.52,6,3,8,0,69,12,56,5,Monthly,1,0
2955,31,Male,Kolkata,Prepaid,13,87.53,475,128,320,940.03,4,3,2,4,65,13,56,7,Annual,0,1
2956,37,Female,Kolkata,Prepaid,12,99.78,229,61,62,171.95,1,2,3,5,70,36,56,9,Annual,1,0
2957,39,Male,Bangalore,Postpaid,10,25.22,428,42,468,441.29,4,3,1,2,71,42,40,3,Monthly,0,0
2958,28,Male,Mumbai,Prepaid,65,84.38,388,100,327,923.06,4,1,8,1,62,39,23,1,Monthly,0,0
2959,44,Female,Chennai,Prepaid,30,82.48,735,140,454,410.17,6,5,6,5,92,0,54,9,Monthly,0,0
2960,20,Female,Mumbai,Prepaid,8,23.86,939,67,296,741.4,5,4,5,3,79,4,7,1,Two-Year,0,0
2961,34,Male,Kolkata,Prepaid,21,10.75,456,91,177,190.6,0,5,4,3,28,29,45,8,Monthly,1,0
2962,61,Female,Delhi,Postpaid,22,97.96,973,136,383,499.95,1,1,6,4,30,17,47,2,Two-Year,1,0
2963,45,Female,Kolkata,Postpaid,18,30.31,155,56,363,552.97,1,1,2,5,63,44,14,7,Annual,1,0
2964,46,Male,Mumbai,Prepaid,66,87.22,242,42,231,781.9,2,5,4,4,85,36,37,3,Annual,0,0
2965,38,Male,Kolkata,Prepaid,48,1.41,380,91,103,359.94,5,1,1,1,52,38,8,6,Monthly,0,0
2966,64,Female,Delhi,Postpaid,44,3.08,931,9,413,337.77,7,0,4,3,73,11,50,6,Annual,0,0
2967,33,Male,Bangalore,Prepaid,9,47.12,243,124,293,372.67,3,5,6,4,67,33,5,4,Monthly,0,1
2968,54,Male,Mumbai,Postpaid,67,24.63,735,74,34,600.13,2,1,9,0,24,44,23,8,Two-Year,1,0
2969,37,Female,Kolkata,Prepaid,54,69.29,376,117,193,888.4,2,0,6,4,12,13,41,5,Monthly,1,0
2970,23,Male,Mumbai,Postpaid,26,56.99,490,28,173,847.85,7,3,8,4,80,37,10,7,Annual,1,0
2971,36,Male,Bangalore,Postpaid,26,8.67,582,90,391,152.15,2,4,2,2,39,15,49,5,Monthly,1,0
2972,22,Male,Kolkata,Postpaid,34,17.1,372,149,101,891.06,1,4,7,0,71,41,27,4,Annual,1,1
2973,20,Male,Kolkata,Postpaid,8,39.42,599,30,323,185.6,0,1,4,0,86,10,57,6,Two-Year,0,0
2974,18,Male,Mumbai,Prepaid,10,19.37,520,7,292,473.81,6,4,6,1,6,32,35,3,Annual,1,0
2975,55,Female,Mumbai,Prepaid,48,79.43,104,6,84,788.86,7,0,0,2,31,14,1,6,Annual,1,0
2976,32,Female,Delhi,Postpaid,55,42.19,851,96,396,173.36,4,3,0,0,23,47,7,6,Annual,1,1
2977,51,Male,Bangalore,Postpaid,54,10.25,225,6,200,136.36,1,1,3,2,0,41,47,6,Annual,1,0
2978,52,Female,Delhi,Postpaid,40,48.95,734,75,172,397.0,4,2,4,2,46,9,51,3,Annual,0,0
2979,66,Male,Kolkata,Postpaid,15,9.99,825,8,28,756.93,7,5,9,3,50,2,8,8,Annual,0,0
2980,42,Male,Mumbai,Prepaid,18,13.76,721,42,296,569.58,4,4,2,0,35,10,11,4,Monthly,0,0
2981,41,Male,Kolkata,Postpaid,23,24.72,873,107,55,475.3,3,4,5,3,26,10,34,2,Two-Year,1,0
2982,29,Male,Kolkata,Postpaid,62,86.09,552,74,471,831.77,6,1,2,4,69,15,52,7,Monthly,1,0
2983,35,Male,Chennai,Postpaid,46,92.54,811,56,15,790.04,2,5,4,4,41,37,28,8,Two-Year,1,0
2984,32,Female,Chennai,Postpaid,39,82.8,864,35,139,807.44,3,5,0,3,94,29,34,4,Monthly,0,0
2985,61,Female,Kolkata,Postpaid,15,34.07,994,40,65,513.75,2,4,2,4,75,40,43,6,Two-Year,0,0
2986,33,Male,Mumbai,Postpaid,53,27.97,144,137,445,117.5,1,4,6,3,89,0,20,8,Two-Year,0,0
2987,44,Female,Kolkata,Postpaid,64,55.37,92,119,146,254.92,4,2,2,1,88,37,28,5,Monthly,1,0
2988,25,Male,Chennai,Prepaid,63,72.46,400,78,157,767.17,3,5,4,2,67,49,49,9,Monthly,0,0
2989,63,Female,Mumbai,Postpaid,16,99.34,56,22,399,777.86,7,0,6,1,69,44,42,6,Two-Year,0,0
2990,42,Male,Kolkata,Postpaid,70,14.03,401,19,471,975.07,7,1,1,0,12,33,37,6,Annual,0,1
2991,34,Female,Bangalore,Postpaid,66,5.88,727,101,396,271.17,5,1,2,1,24,18,3,2,Two-Year,1,1
2992,46,Male,Bangalore,Prepaid,13,69.74,394,9,68,210.63,1,2,3,1,94,33,9,7,Annual,1,1
2993,25,Male,Kolkata,Prepaid,47,83.39,390,41,22,224.91,1,2,4,4,21,35,52,9,Two-Year,0,0
2994,32,Female,Mumbai,Prepaid,9,84.79,86,108,189,266.31,7,0,8,5,98,3,22,5,Annual,0,0
2995,44,Female,Kolkata,Postpaid,63,68.17,268,90,247,575.62,5,3,8,5,20,9,25,5,Monthly,0,0
2996,63,Male,Kolkata,Postpaid,34,95.45,958,19,485,977.69,2,1,3,3,14,16,2,5,Monthly,0,1
2997,67,Female,Chennai,Postpaid,29,51.59,613,21,414,630.49,4,5,8,0,66,15,23,1,Annual,1,1
2998,69,Male,Bangalore,Prepaid,37,91.47,943,55,308,570.42,2,4,3,5,36,20,51,5,Annual,1,0
2999,24,Female,Chennai,Postpaid,43,96.81,956,49,375,706.02,2,0,1,4,44,27,17,10,Annual,0,0
3000,20,Female,Chennai,Prepaid,64,84.87,408,126,144,166.54,1,1,9,0,25,7,57,8,Annual,0,0
3001,46,Male,Kolkata,Prepaid,24,31.67,109,86,383,833.82,7,5,0,2,80,28,25,3,Monthly,0,0
3002,61,Female,Chennai,Prepaid,71,20.43,510,149,304,682.19,2,0,6,3,54,5,12,9,Two-Year,0,0
3003,41,Female,Bangalore,Prepaid,34,55.26,392,139,176,254.07,0,3,3,4,49,29,27,9,Monthly,0,1
3004,20,Male,Chennai,Prepaid,48,45.85,716,93,194,667.64,5,5,7,1,34,1,20,6,Two-Year,1,1
3005,37,Female,Bangalore,Postpaid,12,87.9,201,105,409,636.59,6,1,7,2,40,46,9,4,Monthly,1,0
3006,63,Male,Chennai,Postpaid,23,10.9,589,44,12,158.37,5,4,7,1,71,30,23,4,Annual,1,1
3007,32,Male,Bangalore,Prepaid,13,26.52,910,47,363,340.24,4,5,5,5,10,24,36,1,Monthly,0,1
3008,42,Male,Chennai,Postpaid,45,75.43,763,77,165,451.85,5,1,8,0,87,22,28,10,Monthly,0,1
3009,47,Male,Chennai,Postpaid,65,10.4,611,27,149,320.4,7,0,3,2,7,42,50,5,Annual,1,0
3010,31,Male,Mumbai,Prepaid,47,32.76,354,99,340,318.85,2,3,4,4,53,20,48,5,Annual,0,0
3011,24,Female,Bangalore,Prepaid,58,39.33,19,21,412,615.65,2,5,3,1,93,15,29,5,Monthly,1,0
3012,34,Male,Bangalore,Postpaid,5,62.64,273,116,44,523.77,3,0,4,5,0,3,53,1,Monthly,0,0
3013,61,Male,Bangalore,Postpaid,5,16.66,277,107,173,700.56,4,0,1,1,97,42,56,1,Two-Year,1,0
3014,37,Female,Delhi,Postpaid,60,86.2,841,62,166,960.77,4,2,4,0,19,45,42,10,Two-Year,1,0
3015,53,Female,Chennai,Postpaid,21,45.31,639,90,196,694.5,5,0,9,0,99,7,58,2,Monthly,0,1
3016,26,Female,Bangalore,Prepaid,24,91.79,771,39,205,623.89,2,5,7,5,33,5,54,1,Two-Year,0,0
3017,55,Male,Delhi,Postpaid,18,47.32,580,34,81,862.8,0,3,8,3,56,26,32,8,Annual,0,1
3018,65,Male,Mumbai,Prepaid,21,28.23,204,108,67,668.87,7,4,6,5,97,35,12,4,Monthly,1,0
3019,39,Male,Bangalore,Prepaid,54,15.04,996,126,96,249.01,7,2,6,3,12,35,30,6,Monthly,1,0
3020,19,Female,Bangalore,Postpaid,10,1.37,571,138,166,383.27,3,0,5,5,53,23,11,8,Two-Year,0,0
3021,41,Male,Delhi,Postpaid,24,53.68,416,38,403,760.02,0,5,1,5,52,5,37,5,Monthly,1,0
3022,25,Female,Chennai,Postpaid,60,11.61,305,60,76,764.54,7,1,9,0,51,42,20,6,Monthly,1,1
3023,28,Male,Mumbai,Prepaid,57,39.78,899,29,483,988.31,2,2,9,3,5,32,11,4,Annual,1,0
3024,30,Female,Bangalore,Prepaid,23,59.34,106,119,236,664.28,4,3,8,5,35,1,48,6,Monthly,0,0
3025,34,Male,Chennai,Prepaid,22,28.29,471,17,195,909.59,4,1,4,1,24,40,47,6,Two-Year,1,0
3026,25,Male,Mumbai,Prepaid,68,18.35,648,67,290,149.12,6,3,5,0,90,15,38,3,Annual,0,1
3027,38,Male,Kolkata,Postpaid,34,77.7,767,106,135,609.6,7,1,0,2,57,37,45,4,Two-Year,0,0
3028,35,Female,Kolkata,Prepaid,70,94.73,96,126,307,927.86,0,4,4,0,54,8,16,6,Monthly,1,1
3029,47,Female,Mumbai,Prepaid,28,10.94,86,124,295,358.52,6,3,5,5,94,4,59,8,Two-Year,1,0
3030,35,Male,Delhi,Postpaid,39,16.4,898,137,376,239.39,6,1,9,4,2,9,35,7,Two-Year,0,1
3031,63,Male,Mumbai,Prepaid,42,96.04,725,15,368,415.46,1,3,1,4,27,29,50,4,Annual,1,0
3032,64,Male,Mumbai,Prepaid,23,4.74,492,113,366,813.01,7,2,6,0,67,6,1,3,Monthly,1,0
3033,48,Female,Delhi,Postpaid,70,97.79,155,108,35,176.23,7,3,3,2,80,28,25,8,Annual,0,0
3034,55,Male,Delhi,Prepaid,2,1.46,670,115,389,640.3,2,5,4,0,37,1,49,6,Monthly,0,0
3035,49,Male,Chennai,Prepaid,24,87.49,120,73,247,222.07,4,3,2,2,33,19,27,8,Annual,1,1
3036,28,Male,Chennai,Prepaid,17,31.43,650,106,253,491.98,5,1,4,5,83,3,52,9,Monthly,1,0
3037,62,Male,Delhi,Prepaid,65,93.92,774,6,213,969.38,1,3,3,1,12,27,32,9,Annual,0,0
3038,42,Female,Kolkata,Postpaid,70,32.38,687,41,251,275.63,4,4,9,1,4,7,6,10,Monthly,1,0
3039,50,Female,Kolkata,Prepaid,69,65.78,306,122,69,130.61,5,0,5,2,59,34,41,9,Annual,0,1
3040,55,Male,Mumbai,Postpaid,60,8.92,435,53,233,484.48,4,2,1,3,87,1,36,10,Two-Year,0,1
3041,58,Male,Bangalore,Prepaid,50,24.99,658,79,483,619.93,1,5,2,1,16,40,39,1,Annual,0,1
3042,25,Female,Mumbai,Postpaid,12,77.59,800,79,328,367.77,0,1,9,4,56,27,23,3,Two-Year,0,0
3043,28,Female,Mumbai,Postpaid,47,53.34,343,38,15,587.59,2,3,0,0,30,10,29,9,Annual,0,1
3044,39,Male,Bangalore,Postpaid,67,92.87,532,62,486,958.06,6,3,6,5,91,35,30,4,Two-Year,1,0
3045,68,Female,Delhi,Prepaid,65,43.45,592,115,173,380.59,1,3,8,3,64,8,22,10,Monthly,1,0
3046,41,Female,Kolkata,Prepaid,27,87.11,680,100,186,378.48,1,2,1,4,65,37,57,2,Two-Year,0,0
3047,58,Male,Mumbai,Prepaid,48,45.45,737,64,293,534.49,6,5,6,0,32,0,11,1,Monthly,0,1
3048,34,Female,Bangalore,Postpaid,62,97.95,547,144,224,563.78,7,0,2,4,92,26,26,5,Two-Year,0,0
3049,29,Female,Chennai,Prepaid,44,96.02,807,36,273,101.23,4,4,4,3,3,2,23,4,Monthly,0,0
3050,63,Male,Mumbai,Prepaid,19,33.58,171,136,11,654.29,7,5,5,2,81,38,3,5,Two-Year,0,0
3051,49,Male,Kolkata,Prepaid,59,88.71,439,110,309,997.62,5,4,7,0,54,8,48,5,Annual,0,0
3052,32,Female,Delhi,Prepaid,8,84.91,623,37,218,362.81,6,5,3,4,23,39,6,8,Monthly,1,0
3053,33,Male,Mumbai,Postpaid,55,21.86,78,47,430,667.73,1,1,1,5,31,27,7,6,Monthly,0,1
3054,39,Female,Mumbai,Postpaid,47,62.8,142,116,0,104.16,7,0,2,5,72,20,44,3,Two-Year,0,0
3055,45,Male,Bangalore,Prepaid,2,8.2,198,111,398,643.89,2,0,7,4,46,27,39,9,Annual,1,0
3056,37,Female,Chennai,Prepaid,39,83.83,732,13,110,502.36,6,2,6,3,15,44,54,8,Monthly,1,1
3057,50,Male,Chennai,Prepaid,45,18.28,764,118,474,577.26,6,5,5,3,20,23,51,9,Monthly,0,0
3058,27,Female,Delhi,Postpaid,32,8.01,687,129,463,589.51,0,3,4,5,93,17,22,4,Annual,0,1
3059,57,Female,Kolkata,Prepaid,65,40.62,933,24,276,259.26,5,0,4,5,66,8,48,8,Annual,0,0
3060,49,Female,Delhi,Postpaid,38,58.12,931,45,128,792.97,7,5,0,3,96,25,50,3,Annual,0,0
3061,67,Male,Mumbai,Postpaid,11,85.64,582,48,92,599.92,0,3,5,2,30,23,42,5,Monthly,0,1
3062,50,Male,Mumbai,Prepaid,10,97.45,883,129,450,343.18,7,2,8,1,13,5,33,7,Two-Year,0,0
3063,19,Female,Chennai,Prepaid,59,44.51,288,39,395,943.64,0,5,7,4,5,11,40,1,Two-Year,1,0
3064,50,Female,Kolkata,Prepaid,55,6.98,439,62,379,111.5,2,5,9,2,68,35,3,1,Monthly,0,1
3065,50,Male,Bangalore,Postpaid,20,75.16,634,52,411,753.34,4,1,0,4,28,8,30,3,Monthly,0,0
3066,58,Male,Kolkata,Postpaid,17,56.95,551,62,38,443.11,5,5,5,5,54,9,48,4,Monthly,1,0
3067,30,Male,Mumbai,Prepaid,68,45.34,844,105,420,570.29,5,1,2,2,36,2,24,1,Monthly,0,0
3068,47,Male,Bangalore,Postpaid,5,31.62,997,61,478,362.36,7,3,5,5,58,48,3,8,Annual,1,0
3069,50,Male,Kolkata,Prepaid,60,50.74,170,68,315,389.13,6,3,8,5,35,28,2,2,Monthly,1,0
3070,30,Male,Kolkata,Prepaid,23,34.53,755,66,158,113.65,2,0,5,5,84,6,44,5,Monthly,1,1
3071,69,Female,Bangalore,Postpaid,46,75.94,908,87,185,756.86,7,2,7,0,75,25,40,6,Monthly,0,0
3072,43,Male,Mumbai,Postpaid,52,54.85,462,117,480,739.72,5,1,5,1,58,7,19,6,Annual,1,1
3073,39,Female,Kolkata,Postpaid,10,87.81,898,116,352,688.92,1,0,5,5,86,42,24,6,Annual,1,1
3074,56,Male,Bangalore,Postpaid,46,54.81,860,66,255,890.16,3,4,6,4,77,12,50,1,Annual,0,0
3075,19,Male,Mumbai,Prepaid,28,24.59,179,98,238,911.14,6,0,9,3,63,34,20,3,Monthly,1,1
3076,55,Female,Bangalore,Prepaid,43,85.26,839,89,103,600.8,3,3,3,1,42,18,57,3,Annual,1,1
3077,56,Female,Bangalore,Prepaid,26,56.16,707,30,394,716.34,3,4,7,4,41,45,47,8,Monthly,1,0
3078,43,Male,Kolkata,Postpaid,55,21.48,66,125,365,109.9,0,0,3,0,73,21,49,6,Monthly,0,1
3079,63,Female,Mumbai,Prepaid,48,62.73,249,54,28,861.71,7,5,6,5,59,15,50,2,Two-Year,1,0
3080,67,Female,Kolkata,Postpaid,29,36.41,778,119,88,834.77,5,2,0,4,61,14,31,1,Annual,1,1
3081,32,Female,Delhi,Postpaid,27,84.6,367,40,374,118.22,7,1,8,4,63,1,50,4,Two-Year,0,1
3082,51,Female,Delhi,Postpaid,18,45.88,210,37,396,588.54,6,5,9,4,90,37,41,1,Two-Year,1,0
3083,59,Male,Mumbai,Prepaid,60,72.92,453,127,50,915.99,2,4,8,1,57,20,58,5,Annual,0,0
3084,61,Female,Bangalore,Postpaid,69,10.46,846,104,363,263.25,5,2,6,5,1,29,31,8,Annual,1,0
3085,66,Male,Kolkata,Postpaid,21,40.21,836,72,437,417.38,2,0,7,4,77,6,37,10,Two-Year,0,0
3086,57,Male,Kolkata,Postpaid,24,98.34,311,77,146,397.95,7,5,1,3,70,30,43,2,Monthly,0,0
3087,28,Male,Mumbai,Postpaid,3,81.04,115,140,313,420.35,5,3,9,5,80,40,29,8,Two-Year,1,1
3088,20,Male,Mumbai,Postpaid,62,16.83,811,27,35,137.7,6,3,9,2,83,40,4,8,Annual,1,0
3089,23,Female,Delhi,Postpaid,2,28.5,110,74,283,351.12,7,2,6,3,7,48,58,6,Monthly,0,1
3090,26,Female,Chennai,Postpaid,66,33.65,106,59,451,365.37,6,3,0,0,55,34,10,8,Two-Year,1,0
3091,23,Male,Mumbai,Postpaid,42,65.39,674,114,386,879.28,0,1,2,1,83,3,36,2,Two-Year,0,0
3092,26,Male,Chennai,Postpaid,34,75.94,947,13,485,416.9,6,2,5,2,35,33,55,7,Two-Year,1,0
3093,56,Male,Mumbai,Postpaid,42,75.2,38,133,100,502.5,1,2,4,1,68,0,35,8,Annual,1,0
3094,48,Male,Bangalore,Postpaid,20,51.48,515,112,106,442.66,3,3,4,1,12,9,57,4,Two-Year,0,0
3095,49,Female,Bangalore,Postpaid,68,81.27,674,137,344,208.61,3,2,8,4,38,29,48,9,Annual,1,0
3096,58,Male,Delhi,Prepaid,45,44.27,447,72,424,991.32,5,0,5,3,80,31,21,6,Monthly,1,1
3097,67,Female,Delhi,Prepaid,42,13.26,388,70,290,843.24,0,4,2,2,5,2,43,3,Monthly,1,0
3098,29,Male,Chennai,Postpaid,47,56.88,82,148,348,586.83,3,5,1,4,18,9,41,4,Two-Year,1,0
3099,25,Male,Mumbai,Postpaid,5,95.28,263,57,104,528.73,5,4,8,2,24,8,1,4,Annual,0,1
3100,25,Male,Kolkata,Postpaid,49,79.51,972,132,220,684.33,6,5,9,5,2,16,42,1,Two-Year,0,0
3101,67,Male,Delhi,Prepaid,37,58.29,920,69,75,393.79,4,3,3,5,52,46,12,10,Monthly,0,0
3102,45,Female,Kolkata,Prepaid,34,65.03,525,68,226,145.25,5,1,4,3,27,2,24,1,Annual,0,1
3103,37,Female,Kolkata,Prepaid,70,93.13,758,72,83,463.89,2,1,8,4,25,26,2,1,Monthly,1,0
3104,64,Female,Mumbai,Postpaid,18,43.41,559,66,464,985.58,3,3,4,2,46,34,47,4,Monthly,0,0
3105,24,Male,Chennai,Postpaid,19,33.81,29,85,75,264.11,3,3,6,5,7,3,56,1,Annual,0,0
3106,28,Male,Mumbai,Postpaid,40,97.75,634,75,248,574.93,4,2,1,4,56,3,20,6,Annual,0,0
3107,37,Female,Delhi,Postpaid,17,86.48,544,118,254,107.67,6,1,1,1,54,48,16,2,Annual,1,0
3108,33,Female,Kolkata,Prepaid,60,32.98,430,56,49,209.83,1,4,3,5,78,31,34,1,Two-Year,1,0
3109,21,Male,Mumbai,Postpaid,42,46.91,455,120,355,628.47,7,3,7,0,0,37,13,7,Two-Year,0,1
3110,23,Male,Mumbai,Prepaid,72,42.09,888,129,457,367.67,5,4,1,2,39,10,18,6,Annual,1,0
3111,39,Female,Mumbai,Prepaid,65,15.76,145,131,209,915.12,1,5,9,5,22,43,29,1,Annual,1,0
3112,43,Male,Delhi,Postpaid,53,95.82,514,69,157,465.55,5,4,6,3,99,38,54,10,Two-Year,0,1
3113,20,Male,Chennai,Prepaid,7,41.03,942,134,327,287.23,4,1,0,2,53,44,51,9,Annual,0,1
3114,58,Female,Mumbai,Prepaid,5,87.66,769,26,232,591.03,1,5,8,0,41,5,43,6,Monthly,0,0
3115,59,Male,Delhi,Prepaid,24,19.75,310,80,370,815.48,0,4,9,2,79,34,14,2,Annual,1,0
3116,31,Female,Kolkata,Prepaid,28,55.24,618,98,76,117.48,4,2,5,2,49,45,30,7,Two-Year,0,0
3117,28,Male,Bangalore,Postpaid,62,3.37,42,75,222,554.97,6,2,0,5,3,31,58,3,Annual,1,0
3118,35,Female,Delhi,Postpaid,17,76.66,656,110,120,796.08,7,1,9,2,7,45,35,7,Annual,1,1
3119,29,Male,Bangalore,Prepaid,20,58.51,776,54,453,193.23,5,2,5,3,35,22,9,9,Monthly,0,1
3120,40,Female,Mumbai,Postpaid,3,62.93,287,106,309,912.52,2,3,4,0,9,41,37,5,Annual,1,0
3121,29,Female,Mumbai,Prepaid,37,6.12,142,117,326,338.07,6,5,4,5,29,36,46,1,Two-Year,1,0
3122,30,Female,Delhi,Postpaid,15,21.89,759,34,340,253.54,6,1,4,0,99,25,39,5,Two-Year,0,0
3123,42,Female,Bangalore,Postpaid,51,8.36,536,16,357,630.33,2,5,3,3,15,33,12,8,Monthly,1,0
3124,62,Male,Mumbai,Postpaid,48,29.6,798,86,106,257.53,2,4,6,2,29,37,21,8,Monthly,1,0
3125,68,Male,Kolkata,Postpaid,8,63.12,135,50,240,711.73,5,3,8,2,63,10,18,3,Two-Year,1,1
3126,36,Female,Chennai,Postpaid,13,57.05,354,134,434,541.09,6,1,3,5,73,49,11,4,Annual,1,0
3127,63,Male,Chennai,Prepaid,48,61.6,26,101,27,198.96,3,4,1,0,10,20,27,8,Two-Year,1,0
3128,53,Male,Mumbai,Postpaid,3,55.38,833,84,191,921.24,4,4,1,2,33,42,24,8,Monthly,1,0
3129,62,Male,Bangalore,Prepaid,65,28.03,571,58,248,705.88,4,4,1,1,79,23,41,7,Two-Year,0,1
3130,25,Male,Mumbai,Prepaid,31,25.21,656,39,363,591.39,7,4,6,2,54,14,43,6,Monthly,0,1
3131,46,Male,Bangalore,Postpaid,26,14.57,639,56,212,436.91,1,4,3,2,82,2,50,4,Two-Year,0,1
3132,49,Female,Kolkata,Prepaid,56,85.06,387,88,20,221.37,4,1,3,4,3,1,34,10,Annual,0,0
3133,68,Female,Bangalore,Postpaid,34,62.03,827,76,471,736.77,7,2,0,0,48,6,20,9,Annual,1,0
3134,61,Female,Mumbai,Prepaid,9,19.46,69,30,154,832.29,7,4,3,0,43,4,13,2,Monthly,0,0
3135,35,Female,Kolkata,Prepaid,62,18.54,646,65,26,213.24,6,3,5,1,30,44,47,2,Annual,0,0
3136,23,Male,Delhi,Postpaid,13,87.43,476,41,76,545.11,4,1,1,1,47,39,8,1,Monthly,0,0
3137,35,Male,Chennai,Postpaid,69,74.53,637,99,305,536.36,6,0,3,1,98,28,37,3,Annual,0,1
3138,36,Female,Mumbai,Postpaid,41,66.28,400,15,412,414.92,1,2,6,0,97,40,5,3,Two-Year,0,1
3139,39,Male,Mumbai,Postpaid,1,41.28,945,45,422,810.41,4,3,8,4,25,31,7,4,Annual,0,0
3140,54,Male,Mumbai,Prepaid,47,26.94,694,137,56,189.58,4,4,1,4,69,29,44,3,Two-Year,0,0
3141,49,Female,Kolkata,Postpaid,4,97.97,196,70,118,284.52,7,1,7,3,96,7,52,10,Monthly,0,0
3142,58,Male,Delhi,Prepaid,63,79.93,507,145,475,101.44,0,1,5,0,90,31,12,6,Annual,0,0
3143,20,Female,Bangalore,Prepaid,52,30.88,609,146,164,435.69,5,4,7,3,11,41,41,9,Annual,0,0
3144,45,Female,Delhi,Prepaid,10,84.91,724,73,476,362.06,1,3,1,2,44,1,4,8,Two-Year,0,0
3145,27,Male,Kolkata,Prepaid,28,76.13,370,63,63,880.29,0,1,0,1,7,9,40,6,Monthly,1,1
3146,68,Male,Mumbai,Prepaid,6,30.41,832,70,47,771.23,3,5,6,3,8,42,19,8,Annual,0,1
3147,52,Female,Chennai,Prepaid,27,43.23,841,72,149,176.02,1,2,8,5,0,42,54,8,Monthly,1,0
3148,46,Female,Mumbai,Postpaid,12,19.41,458,16,483,766.86,6,3,8,3,4,36,1,10,Monthly,0,1
3149,32,Male,Bangalore,Prepaid,62,11.99,703,72,157,707.86,5,4,1,0,70,45,55,6,Annual,0,0
3150,50,Female,Chennai,Prepaid,52,72.55,873,77,155,353.55,4,3,3,1,81,2,43,2,Two-Year,1,0
3151,24,Female,Mumbai,Prepaid,48,27.48,689,10,150,113.91,6,5,0,1,53,22,55,5,Monthly,1,0
3152,29,Female,Chennai,Postpaid,67,82.19,190,19,224,203.65,4,3,6,4,23,33,13,4,Monthly,1,1
3153,66,Male,Delhi,Postpaid,46,99.57,821,46,259,324.95,0,0,1,3,25,17,50,6,Annual,1,0
3154,47,Female,Kolkata,Prepaid,15,8.59,968,35,386,834.96,0,4,3,4,9,32,53,2,Monthly,1,0
3155,38,Male,Mumbai,Postpaid,71,47.83,139,10,255,518.78,3,2,1,3,60,32,52,4,Annual,1,0
3156,48,Female,Bangalore,Prepaid,36,80.4,984,37,60,926.56,3,4,0,0,39,16,42,8,Monthly,1,0
3157,41,Male,Delhi,Postpaid,14,79.11,158,25,351,810.23,5,0,6,0,43,5,45,1,Two-Year,0,1
3158,37,Female,Mumbai,Prepaid,3,76.24,481,128,259,358.4,4,4,5,2,11,12,25,3,Two-Year,1,0
3159,54,Male,Delhi,Postpaid,67,35.55,827,98,320,860.83,6,4,1,3,21,20,44,4,Two-Year,1,1
3160,21,Male,Bangalore,Postpaid,19,45.93,730,104,395,205.05,2,2,3,3,26,30,45,2,Two-Year,1,0
3161,45,Male,Mumbai,Postpaid,54,59.9,632,59,396,132.51,6,0,2,1,66,20,34,2,Annual,1,1
3162,61,Female,Bangalore,Prepaid,69,97.42,957,68,161,647.68,7,4,2,1,81,32,35,6,Annual,0,0
3163,37,Female,Chennai,Prepaid,10,33.43,509,90,379,407.57,3,5,2,4,68,27,17,6,Annual,1,0
3164,41,Female,Bangalore,Prepaid,33,92.39,658,26,442,396.48,4,4,3,2,13,5,26,3,Annual,1,1
3165,67,Male,Chennai,Postpaid,13,27.67,364,64,348,718.49,6,1,0,0,24,7,21,8,Annual,1,0
3166,66,Female,Mumbai,Postpaid,51,98.92,925,108,456,865.09,6,4,0,3,51,12,51,3,Two-Year,1,0
3167,68,Male,Chennai,Prepaid,32,67.36,220,143,30,389.96,3,2,6,4,94,33,12,2,Monthly,1,0
3168,49,Female,Mumbai,Postpaid,24,46.89,667,51,70,392.51,7,1,4,2,84,39,16,5,Monthly,0,0
3169,58,Male,Mumbai,Prepaid,35,61.73,605,81,396,580.47,6,5,2,1,58,21,52,7,Two-Year,0,1
3170,53,Male,Kolkata,Prepaid,70,27.98,39,22,437,687.87,6,5,8,2,37,0,20,1,Two-Year,0,1
3171,51,Male,Mumbai,Prepaid,40,28.14,586,26,1,282.62,1,5,4,4,19,12,54,2,Annual,1,0
3172,53,Female,Chennai,Prepaid,54,12.24,33,149,416,921.41,7,0,9,0,77,0,10,2,Annual,1,0
3173,19,Female,Kolkata,Postpaid,44,12.29,993,42,49,688.97,0,5,2,1,19,9,23,8,Monthly,0,0
3174,32,Female,Kolkata,Postpaid,62,35.42,952,29,134,662.65,4,3,8,5,55,4,55,10,Monthly,0,0
3175,51,Male,Mumbai,Postpaid,68,76.52,732,36,145,913.78,6,2,0,1,29,19,47,6,Annual,0,0
3176,53,Male,Bangalore,Prepaid,33,61.19,231,147,178,916.54,3,0,8,0,40,12,30,4,Annual,0,0
3177,23,Female,Bangalore,Postpaid,56,11.16,611,17,263,222.0,0,1,4,1,83,36,59,4,Two-Year,0,0
3178,56,Female,Kolkata,Prepaid,36,85.37,627,15,310,230.57,7,3,5,4,70,9,8,5,Annual,0,1
3179,59,Female,Mumbai,Prepaid,54,60.54,693,17,203,785.75,6,0,1,1,62,2,51,3,Two-Year,0,0
3180,68,Male,Bangalore,Prepaid,19,96.12,751,101,298,961.19,6,2,7,3,68,33,5,4,Annual,0,1
3181,68,Male,Mumbai,Prepaid,43,67.35,934,105,186,699.86,2,1,2,2,94,33,12,4,Monthly,0,1
3182,29,Male,Mumbai,Prepaid,12,18.34,598,42,29,470.19,3,2,0,4,28,29,42,7,Two-Year,0,0
3183,20,Male,Kolkata,Prepaid,11,47.9,589,5,58,715.13,4,2,6,0,78,36,54,7,Monthly,0,0
3184,62,Male,Kolkata,Postpaid,70,65.2,886,43,8,305.93,1,1,2,4,88,3,14,1,Two-Year,1,0
3185,35,Female,Delhi,Postpaid,12,3.8,410,31,475,998.17,0,5,3,3,76,33,54,3,Two-Year,0,0
3186,57,Male,Bangalore,Postpaid,41,2.48,874,40,323,487.98,7,4,4,1,43,31,12,9,Monthly,1,0
3187,38,Male,Bangalore,Postpaid,25,13.81,910,147,166,938.52,0,2,0,1,87,20,24,6,Monthly,1,0
3188,32,Male,Bangalore,Prepaid,3,25.91,613,35,336,487.72,1,5,8,5,78,40,45,6,Annual,1,1
3189,50,Male,Chennai,Prepaid,3,43.53,521,131,394,935.33,4,1,6,4,87,23,53,4,Two-Year,1,0
3190,52,Male,Mumbai,Postpaid,28,49.26,97,10,378,402.12,5,2,1,1,89,8,53,10,Annual,1,0
3191,43,Female,Kolkata,Postpaid,23,14.66,474,93,385,784.49,7,4,0,1,82,40,17,9,Two-Year,0,0
3192,25,Male,Bangalore,Postpaid,48,67.67,59,35,278,955.9,2,1,1,3,56,23,1,3,Annual,1,0
3193,53,Male,Delhi,Postpaid,67,60.02,112,104,190,681.38,5,0,2,0,23,24,54,8,Monthly,0,0
3194,65,Male,Bangalore,Postpaid,42,30.15,377,77,241,709.81,7,0,2,5,18,35,42,6,Monthly,0,0
3195,47,Female,Mumbai,Postpaid,40,2.35,945,50,277,192.6,6,5,7,5,16,7,58,2,Annual,0,0
3196,40,Female,Mumbai,Postpaid,6,8.69,501,101,444,526.8,1,0,4,5,68,49,37,3,Monthly,0,1
3197,59,Female,Kolkata,Postpaid,20,39.78,567,5,153,898.08,2,3,8,2,60,40,11,1,Annual,1,0
3198,61,Male,Chennai,Prepaid,11,16.24,700,61,395,316.82,4,2,2,4,3,28,42,3,Two-Year,1,0
3199,31,Female,Kolkata,Prepaid,27,38.31,788,13,159,809.53,3,2,5,0,21,24,6,4,Two-Year,1,0
3200,31,Male,Bangalore,Prepaid,21,63.19,277,9,264,708.14,3,1,3,2,73,34,15,6,Monthly,0,0
3201,19,Male,Delhi,Prepaid,13,55.18,406,83,234,300.69,7,3,7,0,84,37,41,10,Monthly,1,1
3202,54,Female,Kolkata,Postpaid,35,23.89,329,118,452,354.51,7,2,0,4,88,27,40,7,Monthly,0,0
3203,22,Male,Chennai,Prepaid,47,35.04,529,13,345,484.8,5,1,3,5,5,18,23,3,Two-Year,1,0
3204,55,Male,Kolkata,Postpaid,28,61.79,458,28,198,212.62,4,4,6,3,29,31,23,7,Annual,0,0
3205,62,Male,Mumbai,Prepaid,21,86.22,786,107,476,922.03,2,2,8,3,92,36,38,4,Monthly,0,0
3206,58,Female,Bangalore,Postpaid,18,75.57,485,64,32,765.42,7,5,0,3,74,48,38,1,Annual,1,0
3207,64,Male,Bangalore,Postpaid,31,55.79,907,90,407,428.47,7,2,7,0,10,27,49,1,Monthly,1,0
3208,31,Male,Bangalore,Prepaid,60,36.87,599,120,88,369.7,5,4,1,4,47,34,12,8,Monthly,0,1
3209,56,Female,Bangalore,Prepaid,37,37.14,918,88,94,720.62,1,4,3,1,45,7,7,10,Monthly,1,0
3210,42,Male,Bangalore,Postpaid,21,88.06,249,94,220,481.8,5,2,3,1,26,40,37,7,Annual,0,0
3211,37,Male,Bangalore,Postpaid,14,4.89,267,93,68,306.4,4,4,7,3,18,22,16,4,Annual,1,0
3212,19,Female,Delhi,Postpaid,60,98.81,717,124,293,487.14,6,1,1,0,85,39,55,1,Annual,0,0
3213,56,Male,Chennai,Prepaid,23,66.77,981,147,236,884.17,4,2,6,1,91,45,38,6,Two-Year,0,0
3214,23,Male,Bangalore,Prepaid,29,68.43,953,10,394,161.75,3,2,2,0,58,22,40,10,Two-Year,0,0
3215,34,Male,Chennai,Postpaid,47,4.76,851,56,159,431.52,1,0,8,4,67,31,35,7,Two-Year,1,0
3216,42,Male,Bangalore,Prepaid,30,60.95,652,144,319,966.11,3,5,4,3,53,9,40,6,Annual,0,0
3217,45,Male,Kolkata,Postpaid,38,48.99,973,23,327,113.35,2,2,7,2,82,16,29,6,Two-Year,0,1
3218,19,Female,Bangalore,Prepaid,27,11.47,399,79,275,901.58,2,0,4,3,16,34,39,8,Monthly,0,1
3219,52,Female,Mumbai,Prepaid,15,28.51,352,134,289,437.35,0,4,0,2,49,34,17,6,Annual,1,1
3220,54,Female,Delhi,Prepaid,59,89.14,782,59,366,270.57,4,5,8,1,39,2,51,2,Monthly,1,0
3221,22,Female,Kolkata,Prepaid,3,55.45,763,19,41,113.48,1,5,9,5,99,35,26,7,Monthly,0,0
3222,18,Male,Kolkata,Prepaid,10,41.93,396,104,391,163.47,1,4,6,2,86,28,20,10,Annual,1,0
3223,57,Male,Mumbai,Postpaid,17,8.2,403,73,65,254.66,3,1,3,5,91,48,46,4,Monthly,0,0
3224,29,Male,Bangalore,Postpaid,11,71.7,692,147,20,122.87,5,0,6,0,10,45,25,3,Annual,0,1
3225,53,Male,Delhi,Prepaid,48,70.58,668,47,334,402.26,5,2,4,5,13,26,38,8,Two-Year,1,0
3226,62,Male,Kolkata,Postpaid,5,61.79,279,21,69,140.4,3,0,9,2,12,30,39,10,Annual,0,1
3227,40,Female,Delhi,Postpaid,69,51.52,158,102,260,722.99,6,4,8,1,87,33,37,5,Annual,0,0
3228,64,Female,Kolkata,Prepaid,64,43.94,389,120,245,837.02,5,4,1,1,79,11,19,4,Monthly,1,0
3229,48,Male,Bangalore,Postpaid,14,59.73,820,78,322,898.72,1,1,3,3,27,36,21,4,Monthly,0,0
3230,28,Male,Kolkata,Prepaid,50,24.11,37,120,234,594.22,7,5,5,1,93,24,32,5,Monthly,0,1
3231,27,Male,Kolkata,Postpaid,26,94.18,158,34,426,951.86,7,5,4,0,43,1,28,4,Monthly,1,0
3232,20,Female,Chennai,Postpaid,72,59.29,429,71,271,105.08,7,4,0,2,62,29,39,3,Monthly,0,0
3233,31,Male,Bangalore,Postpaid,69,31.81,289,55,98,220.62,3,0,8,4,60,43,41,4,Monthly,0,0
3234,33,Male,Mumbai,Postpaid,7,45.52,191,64,328,363.85,7,5,8,1,90,8,12,10,Monthly,0,0
3235,27,Male,Mumbai,Postpaid,16,80.76,175,7,34,810.12,5,2,2,5,16,22,57,5,Monthly,0,0
3236,46,Female,Bangalore,Postpaid,55,17.0,26,108,338,896.85,0,2,3,2,49,8,47,2,Monthly,1,0
3237,27,Male,Mumbai,Postpaid,56,29.99,159,9,170,656.32,4,0,3,3,25,19,15,7,Annual,0,0
3238,29,Female,Bangalore,Prepaid,4,68.27,348,32,109,444.91,0,1,9,4,6,0,28,5,Monthly,0,0
3239,47,Female,Mumbai,Prepaid,48,32.23,54,112,481,699.26,5,2,7,3,98,38,56,9,Monthly,1,0
3240,58,Female,Chennai,Prepaid,17,79.46,511,143,294,262.81,2,0,5,0,78,22,21,6,Annual,1,0
3241,18,Female,Mumbai,Prepaid,36,13.91,851,105,9,512.09,1,0,1,3,15,17,16,1,Two-Year,0,0
3242,22,Female,Kolkata,Postpaid,70,76.51,198,80,201,556.79,0,4,3,2,84,41,23,9,Two-Year,1,0
3243,37,Female,Bangalore,Postpaid,38,7.77,660,19,403,194.38,0,5,0,4,16,31,52,5,Annual,1,0
3244,25,Male,Delhi,Postpaid,62,2.25,70,87,256,130.49,3,4,2,3,89,46,26,9,Two-Year,0,0
3245,60,Male,Delhi,Prepaid,48,89.92,303,52,261,775.09,3,5,3,3,34,8,15,1,Monthly,0,0
3246,29,Male,Bangalore,Prepaid,10,58.55,843,131,180,581.24,3,1,7,5,83,10,37,2,Monthly,1,1
3247,18,Female,Chennai,Prepaid,36,35.83,42,50,429,399.01,5,1,2,5,83,0,12,3,Monthly,1,0
3248,37,Male,Mumbai,Postpaid,29,24.03,308,32,65,493.51,6,1,4,0,22,10,4,5,Two-Year,0,1
3249,45,Female,Chennai,Prepaid,4,62.07,424,11,293,961.93,6,0,0,2,68,32,35,6,Annual,0,0
3250,60,Female,Delhi,Postpaid,44,51.39,633,98,160,446.42,7,0,3,3,8,29,31,5,Monthly,1,0
3251,54,Female,Bangalore,Prepaid,56,99.17,812,86,66,193.13,2,4,1,2,86,4,27,1,Annual,1,0
3252,64,Male,Bangalore,Postpaid,42,98.34,558,92,99,517.24,0,2,3,1,17,49,32,4,Annual,0,0
3253,54,Female,Chennai,Prepaid,13,63.87,440,138,76,683.24,4,5,4,0,92,0,33,6,Monthly,1,1
3254,29,Female,Chennai,Postpaid,46,44.84,504,72,34,110.9,7,5,2,5,74,9,13,4,Annual,1,0
3255,54,Male,Mumbai,Prepaid,33,49.62,109,59,462,399.11,7,1,5,0,47,12,37,4,Annual,1,0
3256,66,Male,Kolkata,Prepaid,21,68.57,32,122,44,454.16,3,5,1,0,71,26,44,5,Monthly,0,1
3257,66,Female,Kolkata,Postpaid,57,11.06,429,138,149,517.34,2,3,4,2,90,7,2,8,Annual,1,0
3258,61,Female,Mumbai,Postpaid,69,33.51,433,112,490,371.52,5,1,3,5,65,27,38,5,Two-Year,1,0
3259,45,Male,Kolkata,Prepaid,70,8.45,496,55,67,700.23,7,5,4,5,22,44,37,7,Monthly,0,0
3260,64,Male,Delhi,Postpaid,67,8.26,739,42,253,950.24,2,4,8,3,84,1,59,8,Monthly,1,0
3261,32,Male,Kolkata,Prepaid,48,20.39,98,143,16,922.6,3,5,5,3,9,11,50,6,Monthly,0,0
3262,23,Female,Mumbai,Postpaid,33,49.04,218,97,260,697.95,1,0,6,2,37,26,56,6,Monthly,0,1
3263,61,Male,Kolkata,Prepaid,36,78.69,280,24,212,556.2,7,4,7,2,58,12,5,2,Monthly,0,1
3264,37,Male,Bangalore,Postpaid,33,49.06,942,14,312,843.23,0,4,8,1,67,21,18,10,Monthly,0,0
3265,67,Male,Chennai,Prepaid,31,34.21,758,30,255,852.34,3,4,4,4,84,39,48,5,Monthly,1,0
3266,31,Female,Delhi,Prepaid,21,9.15,909,52,215,846.62,4,3,7,4,42,14,17,1,Two-Year,0,0
3267,19,Male,Bangalore,Prepaid,27,55.48,415,95,350,242.06,0,3,1,0,11,30,2,9,Annual,1,1
3268,26,Male,Bangalore,Postpaid,72,27.86,730,118,423,122.89,2,5,9,3,52,6,49,7,Two-Year,0,0
3269,54,Male,Mumbai,Prepaid,62,61.88,287,18,285,984.87,6,1,8,5,13,38,42,2,Annual,1,1
3270,37,Male,Chennai,Postpaid,26,97.74,986,104,425,963.69,4,5,1,0,51,48,58,6,Monthly,0,0
3271,43,Male,Chennai,Postpaid,66,12.02,215,16,6,607.94,0,5,4,5,83,34,35,10,Two-Year,1,1
3272,46,Female,Delhi,Postpaid,12,22.0,599,120,496,993.76,7,5,5,3,71,6,14,9,Monthly,0,1
3273,18,Female,Mumbai,Prepaid,22,47.84,922,127,379,793.49,7,0,3,3,90,11,51,5,Annual,0,0
3274,52,Female,Delhi,Postpaid,17,96.89,337,27,198,565.64,4,4,7,1,60,13,12,3,Two-Year,0,0
3275,23,Male,Kolkata,Postpaid,7,77.41,619,89,90,450.4,2,2,9,2,40,33,58,10,Two-Year,0,0
3276,54,Female,Bangalore,Postpaid,68,89.92,867,76,471,633.58,7,1,2,2,20,38,33,4,Annual,0,0
3277,22,Female,Delhi,Prepaid,37,34.04,886,126,146,564.22,7,1,4,2,47,47,7,3,Annual,1,1
3278,50,Female,Bangalore,Postpaid,38,99.21,871,141,424,994.42,3,4,1,4,55,8,58,1,Two-Year,0,0
3279,66,Male,Mumbai,Postpaid,11,11.18,991,99,417,541.41,6,1,2,2,34,32,39,10,Two-Year,0,0
3280,68,Male,Kolkata,Postpaid,1,6.24,345,29,149,852.33,4,4,7,4,43,11,45,7,Two-Year,1,0
3281,31,Female,Mumbai,Postpaid,25,85.7,615,21,51,832.26,3,1,4,5,38,33,9,8,Annual,1,0
3282,29,Female,Kolkata,Prepaid,42,92.8,601,33,242,164.27,6,5,2,0,14,26,5,2,Monthly,0,1
3283,59,Male,Kolkata,Prepaid,52,9.97,47,71,218,178.31,2,0,4,4,11,21,4,8,Two-Year,0,0
3284,37,Male,Bangalore,Postpaid,24,12.23,929,89,5,693.83,6,1,8,3,97,17,32,9,Annual,0,0
3285,67,Female,Mumbai,Postpaid,53,4.28,237,61,457,333.2,2,1,2,1,7,45,5,7,Two-Year,1,0
3286,41,Male,Mumbai,Postpaid,56,11.35,492,76,108,691.77,7,2,9,1,93,43,56,1,Annual,1,1
3287,60,Female,Delhi,Postpaid,63,21.73,143,18,350,230.16,4,0,6,3,66,17,56,4,Two-Year,0,0
3288,51,Male,Mumbai,Prepaid,8,97.04,717,43,408,457.36,4,5,7,5,93,36,52,7,Annual,0,1
3289,42,Female,Delhi,Prepaid,59,67.12,987,148,65,192.22,2,0,4,0,92,6,44,6,Annual,0,1
3290,67,Female,Chennai,Prepaid,45,78.08,399,22,9,353.88,4,0,2,1,0,3,8,8,Two-Year,1,0
3291,46,Male,Chennai,Prepaid,27,77.84,803,79,201,179.47,7,1,5,3,79,44,13,6,Annual,0,1
3292,56,Female,Chennai,Postpaid,52,53.97,622,106,281,973.52,4,3,2,1,41,15,4,10,Annual,0,0
3293,48,Female,Mumbai,Postpaid,18,79.95,996,24,388,455.55,4,1,8,4,30,21,52,6,Annual,0,1
3294,64,Female,Mumbai,Prepaid,16,59.98,434,121,213,911.07,5,4,1,5,73,47,11,10,Annual,0,0
3295,60,Male,Delhi,Prepaid,66,32.14,596,121,67,974.05,4,2,2,1,29,35,15,6,Annual,0,0
3296,67,Male,Kolkata,Postpaid,5,56.55,815,8,246,918.61,0,0,6,5,42,19,56,7,Annual,0,0
3297,40,Male,Delhi,Postpaid,3,53.82,519,88,353,509.46,2,4,9,5,25,30,46,5,Annual,0,0
3298,61,Female,Chennai,Postpaid,70,82.52,729,143,326,801.01,2,5,7,4,11,32,18,9,Annual,1,0
3299,55,Male,Delhi,Postpaid,7,98.19,604,118,49,238.33,1,4,4,5,58,12,20,7,Two-Year,1,1
3300,37,Female,Kolkata,Postpaid,50,41.69,436,69,16,185.35,3,3,4,4,68,19,1,1,Annual,1,0
3301,40,Female,Mumbai,Prepaid,14,76.58,958,48,10,889.21,1,0,4,1,72,40,1,9,Monthly,1,1
3302,62,Male,Delhi,Prepaid,38,10.88,664,122,308,128.01,4,1,3,1,10,41,11,6,Two-Year,1,0
3303,69,Male,Chennai,Postpaid,47,77.91,483,104,305,975.09,4,0,8,5,46,37,29,8,Two-Year,0,0
3304,33,Female,Chennai,Postpaid,33,37.77,577,22,391,704.92,7,2,5,4,22,21,29,9,Monthly,1,1
3305,67,Female,Mumbai,Prepaid,43,4.9,370,132,475,477.65,7,0,7,1,80,38,24,2,Annual,0,1
3306,59,Male,Delhi,Postpaid,29,36.96,961,42,123,227.24,6,4,7,5,42,22,20,2,Monthly,1,0
3307,25,Male,Kolkata,Prepaid,57,61.45,808,140,491,750.91,0,4,4,0,76,47,30,5,Monthly,0,1
3308,67,Male,Mumbai,Prepaid,5,12.81,220,108,224,606.8,0,1,8,2,80,48,38,5,Monthly,1,0
3309,38,Female,Delhi,Prepaid,60,92.48,962,17,243,740.01,0,1,1,2,86,32,5,10,Two-Year,1,0
3310,18,Female,Bangalore,Prepaid,70,8.69,188,59,317,476.13,0,1,7,3,38,40,45,10,Annual,0,1
3311,25,Female,Chennai,Postpaid,2,93.07,929,92,472,159.63,0,5,2,5,72,29,10,2,Two-Year,1,1
3312,46,Female,Kolkata,Postpaid,70,71.01,67,89,468,383.47,0,2,6,2,81,13,6,10,Annual,0,0
3313,49,Female,Kolkata,Prepaid,43,33.64,82,113,331,383.52,0,5,8,0,54,46,4,4,Monthly,0,0
3314,55,Male,Kolkata,Postpaid,4,39.68,224,47,378,107.81,0,5,4,5,17,35,4,9,Two-Year,1,0
3315,22,Male,Chennai,Postpaid,56,74.34,909,136,345,108.62,6,5,7,2,93,7,7,4,Annual,1,1
3316,64,Female,Delhi,Postpaid,59,60.55,787,75,28,397.68,5,0,3,2,41,46,48,1,Annual,1,0
3317,39,Female,Mumbai,Postpaid,9,67.49,968,16,357,754.86,0,3,0,0,25,21,33,5,Monthly,0,1
3318,64,Male,Delhi,Prepaid,3,39.53,82,63,482,661.64,2,0,0,4,17,3,9,2,Two-Year,1,0
3319,51,Male,Mumbai,Postpaid,48,49.29,476,48,356,315.12,0,1,5,2,84,34,26,6,Two-Year,0,0
3320,18,Male,Kolkata,Prepaid,43,99.0,280,20,365,642.49,3,2,7,3,40,7,51,1,Two-Year,1,0
3321,43,Male,Delhi,Prepaid,1,22.18,508,138,427,682.64,0,5,9,2,41,33,52,7,Two-Year,1,1
3322,60,Female,Kolkata,Postpaid,57,42.37,363,18,364,570.31,5,0,1,2,32,21,47,7,Two-Year,0,0
3323,27,Male,Bangalore,Prepaid,53,29.89,243,119,428,569.22,6,4,3,0,42,24,41,4,Two-Year,1,0
3324,47,Female,Kolkata,Postpaid,16,76.75,328,116,284,432.77,7,5,2,0,13,24,21,9,Two-Year,1,0
3325,67,Male,Kolkata,Postpaid,51,76.64,28,127,496,211.05,7,0,8,5,54,39,52,3,Monthly,0,0
3326,35,Male,Mumbai,Prepaid,55,29.95,634,62,471,446.94,4,4,2,3,57,39,22,5,Annual,1,0
3327,34,Male,Bangalore,Postpaid,1,9.06,584,124,58,410.8,5,0,7,1,9,16,33,5,Monthly,0,0
3328,43,Female,Kolkata,Prepaid,28,2.13,381,39,142,632.78,5,0,6,0,27,15,58,8,Annual,1,0
3329,25,Female,Kolkata,Prepaid,53,43.32,193,14,325,870.63,4,5,0,1,13,47,33,10,Annual,1,0
3330,64,Male,Bangalore,Postpaid,58,41.62,286,85,351,437.84,0,0,7,3,82,47,48,10,Annual,1,0
3331,57,Female,Bangalore,Postpaid,60,98.85,683,48,299,738.76,6,1,8,2,25,38,5,4,Two-Year,1,1
3332,66,Female,Delhi,Postpaid,59,47.51,764,75,225,830.65,6,4,7,5,73,14,21,1,Two-Year,0,0
3333,29,Male,Mumbai,Prepaid,22,26.39,154,22,163,290.58,0,2,9,2,16,16,27,5,Annual,0,1
3334,44,Male,Bangalore,Postpaid,8,89.23,667,87,83,911.49,4,3,9,5,33,34,41,1,Annual,1,0
3335,25,Female,Bangalore,Prepaid,49,49.62,90,83,376,163.4,3,5,0,1,13,32,1,3,Two-Year,0,1
3336,42,Female,Chennai,Prepaid,42,60.32,331,90,312,911.55,1,4,6,3,25,39,51,6,Two-Year,1,0
3337,63,Female,Bangalore,Postpaid,27,10.47,444,46,116,247.27,2,1,8,3,33,38,16,1,Annual,0,0
3338,21,Male,Mumbai,Postpaid,39,38.91,842,128,319,403.45,4,4,4,0,82,17,35,10,Annual,1,0
3339,50,Male,Kolkata,Postpaid,25,94.48,52,34,203,644.71,0,2,1,1,23,29,36,3,Monthly,0,0
3340,18,Female,Kolkata,Prepaid,38,59.36,322,24,354,915.12,2,5,7,5,94,22,44,7,Two-Year,0,0
3341,36,Male,Kolkata,Postpaid,24,35.11,915,130,496,330.13,7,4,8,0,69,36,32,2,Two-Year,0,0
3342,48,Male,Kolkata,Prepaid,24,62.94,302,100,293,787.22,7,1,6,1,19,46,29,6,Annual,0,1
3343,33,Female,Chennai,Postpaid,60,91.13,697,129,144,739.39,0,5,4,0,38,6,39,7,Monthly,1,0
3344,31,Female,Bangalore,Postpaid,50,28.13,897,46,26,243.74,1,1,7,0,44,9,47,2,Two-Year,0,0
3345,65,Male,Kolkata,Prepaid,66,51.01,78,93,16,531.52,1,5,5,3,33,15,23,5,Monthly,0,1
3346,22,Male,Delhi,Prepaid,14,95.91,65,91,62,533.35,4,3,3,3,21,27,15,10,Monthly,0,0
3347,58,Female,Kolkata,Postpaid,53,18.07,640,9,266,374.15,2,2,0,2,70,22,26,10,Two-Year,0,0
3348,43,Male,Bangalore,Postpaid,32,72.25,213,54,63,801.93,5,3,5,2,32,33,37,1,Annual,0,1
3349,45,Male,Kolkata,Postpaid,48,61.83,429,45,38,933.34,6,0,7,3,5,17,25,3,Monthly,0,1
3350,19,Female,Chennai,Postpaid,39,68.29,936,98,129,744.92,6,1,2,3,15,46,55,1,Annual,0,0
3351,67,Female,Mumbai,Postpaid,40,35.77,576,61,114,975.66,2,3,6,0,71,22,2,3,Two-Year,1,0
3352,23,Male,Mumbai,Prepaid,42,32.07,559,139,449,145.42,7,1,6,2,22,19,12,4,Monthly,1,0
3353,26,Male,Bangalore,Prepaid,8,68.74,252,137,437,133.5,5,5,8,3,17,30,19,5,Annual,1,0
3354,50,Male,Mumbai,Prepaid,26,22.34,210,55,412,904.47,7,1,0,1,13,13,59,4,Monthly,0,0
3355,58,Female,Mumbai,Prepaid,12,42.55,757,110,44,908.02,1,0,4,1,49,22,32,4,Monthly,0,0
3356,42,Male,Delhi,Postpaid,43,19.63,483,140,215,196.41,0,1,7,2,60,1,23,9,Monthly,1,0
3357,65,Male,Bangalore,Prepaid,51,1.82,536,15,87,421.7,6,5,2,1,35,28,5,9,Two-Year,1,0
3358,30,Female,Bangalore,Prepaid,63,97.04,665,102,335,851.86,5,5,4,5,14,49,55,9,Annual,1,0
3359,26,Female,Mumbai,Prepaid,49,43.74,86,103,414,215.69,5,3,0,0,4,8,25,5,Monthly,0,1
3360,30,Male,Mumbai,Postpaid,27,96.97,994,143,176,340.69,4,2,8,2,52,32,57,5,Annual,1,1
3361,48,Female,Mumbai,Prepaid,9,14.89,487,100,490,712.9,3,4,3,5,47,47,35,2,Two-Year,1,0
3362,58,Female,Chennai,Postpaid,39,59.15,830,110,264,983.71,1,3,4,3,78,43,56,6,Monthly,0,0
3363,28,Male,Kolkata,Prepaid,65,20.9,449,147,410,817.42,5,0,2,5,10,11,29,2,Monthly,1,0
3364,21,Female,Chennai,Postpaid,71,79.22,272,5,439,799.59,7,4,1,1,1,18,38,10,Monthly,1,0
3365,51,Female,Bangalore,Prepaid,71,78.59,194,50,104,408.4,7,1,6,0,86,41,45,5,Annual,0,0
3366,55,Male,Delhi,Postpaid,7,12.15,64,92,380,695.21,1,3,4,3,23,19,20,5,Annual,0,0
3367,63,Female,Kolkata,Prepaid,72,91.29,317,26,333,201.78,7,4,9,4,81,36,47,4,Monthly,1,0
3368,21,Male,Delhi,Postpaid,67,20.27,525,7,300,993.04,4,3,2,0,67,30,36,5,Annual,1,0
3369,55,Male,Bangalore,Postpaid,10,61.68,308,146,472,532.53,0,1,1,1,78,34,52,7,Annual,1,1
3370,36,Female,Bangalore,Prepaid,71,98.58,561,134,170,674.93,2,5,9,0,11,40,7,10,Monthly,1,1
3371,23,Female,Delhi,Postpaid,53,88.36,239,65,107,888.55,1,3,5,4,58,20,22,2,Monthly,0,0
3372,51,Female,Delhi,Postpaid,57,95.7,386,42,405,100.87,4,0,9,4,66,46,18,1,Monthly,0,0
3373,35,Male,Delhi,Prepaid,27,34.92,295,50,354,978.38,4,4,5,0,31,45,53,4,Two-Year,0,0
3374,30,Female,Bangalore,Prepaid,54,11.45,147,138,160,423.24,4,4,2,3,35,42,21,7,Monthly,0,0
3375,58,Male,Mumbai,Postpaid,4,19.65,487,45,282,405.63,6,4,8,5,20,12,22,1,Monthly,0,0
3376,40,Female,Delhi,Prepaid,23,50.55,624,143,39,230.56,7,3,0,3,69,38,39,4,Monthly,0,0
3377,36,Female,Kolkata,Prepaid,48,79.53,16,114,25,872.37,6,1,2,4,65,26,12,6,Monthly,1,0
3378,62,Female,Bangalore,Prepaid,42,15.87,685,45,82,883.76,6,3,0,2,8,24,11,6,Monthly,1,0
3379,28,Male,Chennai,Postpaid,3,66.31,428,61,172,117.99,2,3,6,2,75,1,56,1,Monthly,1,0
3380,18,Female,Chennai,Postpaid,3,33.03,481,127,486,150.15,6,5,1,3,43,34,12,7,Monthly,0,1
3381,41,Female,Kolkata,Postpaid,28,34.78,944,90,172,926.51,1,4,3,2,58,7,26,5,Monthly,1,1
3382,24,Male,Mumbai,Postpaid,63,66.53,429,67,281,210.58,5,1,3,3,23,32,30,6,Two-Year,0,0
3383,42,Male,Delhi,Postpaid,31,47.23,886,43,69,658.83,4,2,7,1,62,24,15,1,Annual,0,0
3384,38,Female,Bangalore,Postpaid,10,81.39,285,142,322,657.69,2,1,3,3,77,20,8,7,Two-Year,0,0
3385,32,Female,Delhi,Postpaid,49,16.44,570,31,5,882.76,6,3,2,1,40,35,43,4,Two-Year,0,1
3386,18,Female,Bangalore,Prepaid,21,79.2,617,85,283,615.39,0,0,9,5,75,12,53,3,Monthly,0,0
3387,29,Male,Chennai,Postpaid,53,7.36,580,111,194,490.61,3,1,2,4,90,45,18,4,Monthly,1,0
3388,24,Male,Delhi,Postpaid,54,20.21,752,40,12,976.94,1,4,4,2,73,8,10,9,Monthly,0,0
3389,32,Male,Kolkata,Prepaid,57,65.96,698,89,62,305.93,2,0,5,5,1,34,8,5,Monthly,1,0
3390,38,Male,Mumbai,Prepaid,20,85.64,99,32,12,336.45,3,2,6,5,94,45,38,5,Annual,0,1
3391,36,Female,Kolkata,Prepaid,49,26.02,291,20,248,176.29,3,2,4,4,27,35,35,8,Annual,1,0
3392,46,Male,Mumbai,Postpaid,7,33.39,557,39,204,977.79,6,0,6,0,15,48,20,7,Two-Year,1,1
3393,42,Male,Delhi,Prepaid,29,54.17,180,103,384,735.72,2,2,3,0,58,46,12,3,Annual,1,0
3394,50,Male,Delhi,Postpaid,48,21.95,647,126,252,110.89,7,0,4,5,0,43,49,1,Two-Year,1,0
3395,66,Female,Mumbai,Postpaid,13,81.3,820,27,39,733.88,5,3,5,5,85,45,3,2,Monthly,1,0
3396,49,Female,Chennai,Postpaid,3,77.59,364,123,164,463.72,5,0,8,4,0,9,20,3,Two-Year,0,1
3397,66,Male,Bangalore,Prepaid,2,15.38,213,67,30,970.79,2,3,5,3,30,4,50,1,Two-Year,1,1
3398,52,Male,Kolkata,Prepaid,16,46.92,298,74,499,349.65,2,4,9,3,21,30,12,1,Annual,0,0
3399,61,Female,Kolkata,Postpaid,6,77.71,877,84,16,739.26,4,4,0,2,97,23,54,8,Two-Year,1,0
3400,55,Female,Kolkata,Postpaid,45,34.4,471,63,136,664.69,0,2,6,4,75,31,24,8,Monthly,0,0
3401,43,Female,Delhi,Postpaid,71,63.68,618,21,364,110.84,5,5,2,0,58,48,16,2,Monthly,0,1
3402,28,Female,Kolkata,Prepaid,5,5.97,759,43,319,896.7,4,5,5,4,86,48,54,8,Monthly,0,0
3403,52,Female,Bangalore,Postpaid,56,61.26,182,81,312,225.65,7,0,1,4,27,2,10,2,Monthly,1,0
3404,25,Female,Bangalore,Prepaid,71,16.11,310,96,396,697.23,3,3,6,2,75,15,19,5,Annual,0,0
3405,63,Female,Mumbai,Postpaid,32,83.23,609,28,164,797.99,3,4,0,3,26,40,41,1,Two-Year,1,0
3406,31,Female,Delhi,Prepaid,49,36.19,920,92,397,667.83,3,4,1,5,86,48,14,9,Two-Year,0,0
3407,27,Male,Bangalore,Postpaid,13,28.87,872,48,458,187.4,2,4,8,0,0,19,52,4,Two-Year,1,0
3408,19,Male,Chennai,Prepaid,30,84.25,538,40,280,977.66,7,2,8,2,1,43,14,10,Two-Year,0,1
3409,63,Male,Delhi,Prepaid,25,5.96,149,103,222,313.14,1,4,6,0,94,23,22,2,Monthly,1,1
3410,26,Male,Delhi,Prepaid,60,40.26,775,74,121,665.08,4,5,1,0,65,33,4,1,Annual,0,0
3411,20,Male,Bangalore,Prepaid,59,37.63,287,126,77,817.46,1,1,4,3,48,47,47,6,Two-Year,0,0
3412,38,Male,Chennai,Prepaid,28,29.2,672,128,312,945.31,6,2,3,5,88,22,52,8,Two-Year,0,0
3413,43,Female,Mumbai,Prepaid,58,91.26,520,84,326,643.61,0,0,1,5,18,37,59,4,Annual,1,1
3414,25,Female,Bangalore,Postpaid,20,75.34,355,49,87,333.15,0,1,1,3,27,1,34,1,Two-Year,0,0
3415,65,Male,Chennai,Postpaid,34,7.33,855,143,112,852.98,4,2,9,2,69,40,58,1,Annual,0,0
3416,19,Male,Delhi,Postpaid,5,71.75,149,35,99,246.9,3,2,7,1,38,4,18,6,Two-Year,0,1
3417,23,Female,Chennai,Postpaid,60,53.2,123,89,425,120.05,6,3,4,2,18,17,34,2,Annual,0,0
3418,45,Female,Delhi,Prepaid,43,90.19,589,49,425,917.33,5,1,7,2,63,49,18,5,Two-Year,1,0
3419,46,Female,Bangalore,Postpaid,57,31.98,516,119,302,617.85,7,1,1,1,57,28,40,2,Monthly,1,1
3420,43,Male,Bangalore,Prepaid,57,57.84,375,71,371,162.68,0,5,1,0,16,9,31,9,Two-Year,1,0
3421,42,Female,Kolkata,Prepaid,54,50.57,700,80,427,621.76,1,1,2,4,69,41,42,2,Monthly,0,0
3422,29,Male,Kolkata,Prepaid,45,49.47,646,44,424,230.51,1,4,9,1,78,41,20,5,Annual,1,0
3423,22,Male,Kolkata,Postpaid,37,46.15,406,45,386,128.25,5,5,7,4,85,49,36,4,Monthly,0,0
3424,51,Female,Bangalore,Prepaid,48,21.36,834,124,238,204.87,2,4,7,0,40,15,42,1,Two-Year,0,1
3425,65,Female,Mumbai,Postpaid,54,75.82,832,85,491,797.6,3,5,2,1,97,22,10,10,Monthly,0,0
3426,54,Male,Bangalore,Postpaid,48,45.68,859,42,345,780.09,2,0,0,3,4,29,59,9,Monthly,1,0
3427,32,Female,Chennai,Postpaid,6,95.89,884,104,110,643.89,4,5,6,2,22,5,3,3,Two-Year,0,0
3428,61,Female,Bangalore,Postpaid,34,26.82,933,61,89,288.4,0,0,3,1,68,43,21,10,Annual,1,0
3429,53,Male,Bangalore,Postpaid,63,68.59,879,70,384,765.07,5,5,2,1,9,35,36,8,Monthly,0,1
3430,32,Female,Delhi,Prepaid,48,94.13,754,34,462,467.24,5,0,4,0,67,19,55,4,Two-Year,1,1
3431,60,Male,Delhi,Prepaid,23,66.68,949,14,138,559.68,5,4,5,3,11,15,10,9,Monthly,1,1
3432,65,Male,Delhi,Postpaid,13,87.26,668,65,484,907.88,2,5,0,1,9,27,7,5,Annual,1,0
3433,40,Female,Bangalore,Prepaid,47,82.92,951,40,134,512.07,7,3,8,3,59,25,22,2,Annual,0,1
3434,23,Male,Mumbai,Postpaid,44,36.65,120,58,11,663.73,2,5,5,4,29,21,23,8,Annual,1,0
3435,63,Male,Chennai,Prepaid,32,60.41,884,101,243,965.58,4,0,2,1,23,10,12,4,Monthly,1,0
3436,67,Female,Chennai,Prepaid,26,16.47,367,8,421,506.25,1,2,0,3,68,0,39,2,Two-Year,0,0
3437,61,Female,Mumbai,Prepaid,53,54.02,247,58,181,604.66,1,4,8,2,12,4,13,6,Annual,1,1
3438,60,Female,Mumbai,Prepaid,14,23.81,12,115,194,625.97,6,3,1,0,99,48,40,1,Two-Year,1,0
3439,62,Male,Chennai,Prepaid,52,74.63,732,95,361,316.64,4,2,9,5,8,42,59,8,Annual,1,0
3440,38,Male,Kolkata,Prepaid,36,53.28,413,93,121,763.23,7,2,5,3,17,45,13,9,Monthly,0,0
3441,40,Female,Delhi,Prepaid,8,41.71,34,68,52,753.97,5,4,5,0,34,40,33,7,Monthly,1,0
3442,60,Male,Delhi,Prepaid,40,27.61,852,123,473,292.2,1,5,2,5,94,41,31,9,Annual,1,1
3443,33,Female,Chennai,Prepaid,22,99.87,518,96,477,112.0,4,1,5,1,87,35,48,2,Two-Year,1,0
3444,64,Female,Mumbai,Prepaid,16,8.1,705,85,415,999.05,1,3,1,1,3,1,51,1,Two-Year,0,0
3445,32,Male,Kolkata,Prepaid,60,5.31,474,63,355,623.43,7,5,7,4,40,5,28,7,Annual,1,1
3446,42,Female,Chennai,Prepaid,60,22.51,70,48,172,262.93,6,4,0,0,25,26,19,4,Monthly,1,0
3447,53,Male,Delhi,Prepaid,10,97.14,517,80,178,355.21,4,1,5,2,43,25,21,10,Two-Year,0,0
3448,28,Male,Bangalore,Postpaid,25,97.94,132,148,292,656.01,1,4,0,2,41,34,32,8,Two-Year,1,0
3449,68,Female,Mumbai,Prepaid,31,65.84,506,105,374,223.85,5,4,8,3,9,12,26,3,Monthly,1,0
3450,32,Male,Bangalore,Prepaid,21,88.13,64,129,58,133.55,7,2,8,2,72,11,13,7,Two-Year,1,0
3451,21,Female,Chennai,Prepaid,33,22.18,172,20,53,818.63,2,5,5,5,0,17,29,7,Annual,0,0
3452,38,Male,Delhi,Prepaid,31,97.23,983,59,401,744.26,7,4,5,0,53,37,7,10,Monthly,1,0
3453,30,Male,Kolkata,Prepaid,21,15.14,708,99,256,378.64,2,5,8,1,15,41,47,9,Annual,0,1
3454,39,Male,Bangalore,Prepaid,36,11.01,48,83,244,152.64,7,1,4,0,45,5,26,4,Monthly,1,1
3455,36,Female,Kolkata,Postpaid,65,12.11,706,81,148,537.64,6,2,8,0,12,27,6,10,Annual,1,1
3456,51,Male,Delhi,Postpaid,4,57.74,92,44,283,348.57,5,1,4,1,63,27,32,1,Annual,0,0
3457,31,Female,Bangalore,Postpaid,68,78.32,716,25,367,458.0,1,1,3,5,77,24,36,7,Annual,1,0
3458,21,Male,Kolkata,Prepaid,4,37.3,555,70,15,346.57,5,2,1,0,86,4,54,10,Two-Year,1,0
3459,65,Male,Kolkata,Prepaid,9,97.81,122,140,175,257.74,4,5,1,2,54,14,23,6,Two-Year,0,0
3460,69,Female,Bangalore,Prepaid,30,44.01,434,14,27,448.29,2,1,0,3,62,46,52,1,Annual,0,0
3461,63,Female,Delhi,Postpaid,45,15.89,927,136,405,968.4,0,0,9,3,17,43,11,9,Annual,0,0
3462,44,Female,Kolkata,Prepaid,4,47.13,239,47,466,339.61,6,5,2,0,60,8,56,10,Monthly,1,0
3463,46,Female,Chennai,Prepaid,69,68.22,292,109,367,402.37,1,4,0,5,91,44,21,8,Two-Year,0,1
3464,64,Female,Bangalore,Postpaid,23,83.39,926,67,128,396.32,0,2,5,1,19,47,19,10,Annual,1,0
3465,45,Male,Mumbai,Postpaid,16,46.42,946,86,222,532.26,0,2,6,4,64,1,34,4,Two-Year,0,1
3466,52,Male,Mumbai,Prepaid,22,59.77,296,55,371,859.15,7,5,8,5,63,48,49,5,Monthly,0,0
3467,25,Female,Delhi,Prepaid,72,27.47,164,60,243,461.91,6,0,6,0,75,8,47,8,Annual,0,1
3468,33,Male,Chennai,Prepaid,48,64.95,174,38,425,825.53,3,0,3,0,90,25,52,2,Two-Year,1,0
3469,59,Male,Kolkata,Prepaid,62,98.61,971,63,353,203.51,0,0,3,4,63,22,50,6,Monthly,1,0
3470,53,Male,Mumbai,Postpaid,60,5.86,191,134,237,905.42,0,0,7,3,12,27,44,10,Annual,1,0
3471,47,Female,Delhi,Prepaid,5,88.77,248,134,231,266.77,5,3,3,5,67,5,35,2,Two-Year,0,0
3472,35,Male,Chennai,Prepaid,7,56.67,658,142,325,135.28,3,2,0,3,88,3,49,8,Monthly,1,0
3473,19,Male,Chennai,Postpaid,51,25.96,348,147,91,242.52,3,1,8,4,69,29,31,5,Monthly,1,0
3474,66,Male,Delhi,Prepaid,65,95.53,947,122,2,271.67,3,2,2,1,56,46,46,10,Two-Year,0,0
3475,30,Female,Delhi,Prepaid,9,48.85,521,132,478,557.65,6,2,0,0,44,17,29,3,Annual,1,0
3476,21,Male,Kolkata,Postpaid,45,33.84,941,21,463,504.94,4,2,8,2,85,29,6,2,Two-Year,0,0
3477,43,Male,Delhi,Postpaid,47,18.97,275,86,80,744.29,3,0,9,3,37,26,36,4,Monthly,0,0
3478,42,Female,Kolkata,Prepaid,67,25.2,196,18,43,145.86,5,0,9,3,53,43,53,8,Monthly,1,1
3479,47,Female,Kolkata,Postpaid,24,83.45,49,85,154,547.94,4,3,4,5,35,30,31,1,Annual,0,0
3480,28,Male,Bangalore,Postpaid,10,61.83,831,127,434,399.22,1,5,8,3,66,43,32,10,Two-Year,1,1
3481,24,Male,Chennai,Prepaid,48,91.41,502,20,23,667.64,4,2,2,1,78,48,40,3,Annual,0,0
3482,48,Female,Chennai,Postpaid,35,23.96,688,36,403,139.33,1,4,5,4,10,38,59,1,Annual,1,0
3483,61,Female,Chennai,Prepaid,54,12.99,400,27,415,131.44,3,5,6,1,97,29,20,2,Monthly,1,0
3484,27,Female,Bangalore,Prepaid,71,1.6,269,106,98,484.53,3,3,4,3,26,36,22,10,Two-Year,1,1
3485,56,Female,Kolkata,Prepaid,16,51.28,664,102,396,830.21,1,0,7,5,86,11,3,7,Two-Year,0,0
3486,30,Female,Kolkata,Prepaid,53,99.83,725,148,367,703.98,2,2,9,0,16,16,8,1,Monthly,1,1
3487,48,Female,Delhi,Postpaid,40,69.8,185,108,170,115.04,5,0,5,3,86,33,45,9,Monthly,0,0
3488,24,Female,Bangalore,Prepaid,20,31.53,783,130,147,260.62,4,5,5,0,97,27,19,8,Two-Year,1,0
3489,66,Male,Delhi,Prepaid,69,87.81,773,72,122,304.06,5,1,6,5,84,3,31,1,Annual,1,0
3490,59,Female,Bangalore,Prepaid,45,78.39,338,68,111,480.75,5,0,7,0,32,33,32,10,Annual,0,1
3491,59,Female,Delhi,Prepaid,6,2.53,940,75,499,628.04,0,0,1,3,4,45,15,1,Two-Year,1,0
3492,53,Male,Mumbai,Postpaid,69,81.87,209,22,129,294.81,3,3,6,3,80,13,55,2,Annual,1,0
3493,37,Female,Chennai,Postpaid,49,30.75,720,117,67,444.26,4,1,8,0,61,12,39,2,Annual,0,0
3494,21,Female,Chennai,Postpaid,39,15.82,205,129,346,625.55,5,5,0,1,64,48,31,6,Monthly,1,0
3495,24,Male,Kolkata,Prepaid,2,23.41,835,131,315,445.09,4,4,0,1,70,48,3,1,Annual,1,0
3496,18,Female,Mumbai,Postpaid,39,47.39,598,65,216,228.85,5,4,6,5,66,49,51,4,Monthly,0,0
3497,61,Male,Chennai,Postpaid,21,43.06,540,79,387,542.5,3,4,4,1,89,2,58,7,Annual,1,0
3498,62,Male,Kolkata,Prepaid,40,29.6,71,111,379,391.59,5,2,0,2,79,20,32,9,Two-Year,1,0
3499,59,Male,Mumbai,Postpaid,54,18.05,336,143,95,877.77,1,4,0,0,79,15,10,10,Monthly,0,0
3500,64,Male,Chennai,Prepaid,12,76.46,915,85,144,798.06,3,2,1,2,43,37,28,3,Two-Year,0,0
3501,30,Female,Delhi,Postpaid,37,99.02,290,110,384,271.25,4,5,9,2,13,25,27,4,Monthly,1,0
3502,39,Male,Bangalore,Postpaid,38,78.0,949,32,32,237.37,6,5,8,0,89,5,48,5,Annual,0,0
3503,38,Male,Mumbai,Postpaid,15,30.3,771,12,285,412.91,2,0,2,2,90,17,46,5,Two-Year,1,0
3504,39,Female,Kolkata,Postpaid,7,25.24,236,95,4,470.96,5,4,8,5,56,40,40,2,Monthly,0,0
3505,45,Male,Mumbai,Prepaid,50,22.55,648,125,117,938.82,1,3,5,5,47,49,43,5,Two-Year,1,0
3506,26,Male,Kolkata,Prepaid,65,14.53,67,70,139,371.46,3,5,9,0,16,5,31,10,Two-Year,0,0
3507,43,Male,Mumbai,Postpaid,67,55.58,930,99,229,880.83,0,1,5,4,43,40,51,1,Annual,1,0
3508,26,Male,Kolkata,Prepaid,44,60.93,486,68,159,554.78,6,1,6,4,3,49,34,7,Monthly,1,0
3509,32,Female,Chennai,Postpaid,31,70.84,385,69,293,897.06,6,5,9,0,80,24,5,5,Annual,1,0
3510,27,Male,Delhi,Postpaid,43,68.34,725,129,248,731.76,3,0,7,0,96,47,11,6,Two-Year,0,1
3511,41,Female,Chennai,Postpaid,48,29.94,252,18,272,737.55,7,1,2,0,29,23,7,9,Monthly,0,0
3512,59,Female,Delhi,Postpaid,61,33.7,376,29,185,566.92,6,1,7,1,84,29,8,3,Two-Year,1,0
3513,25,Male,Chennai,Postpaid,10,68.47,945,104,364,856.27,4,0,5,0,80,22,17,1,Two-Year,0,0
3514,41,Male,Chennai,Postpaid,29,35.6,853,109,39,328.98,4,0,5,5,74,44,44,8,Monthly,0,0
3515,33,Male,Mumbai,Prepaid,48,22.05,509,135,223,916.62,0,0,2,5,54,42,50,2,Two-Year,0,0
3516,66,Male,Bangalore,Prepaid,62,38.06,847,137,151,673.1,1,3,5,3,29,7,39,2,Monthly,0,1
3517,43,Female,Kolkata,Postpaid,13,27.94,261,69,139,494.84,4,0,7,4,17,48,41,10,Monthly,0,0
3518,44,Female,Kolkata,Prepaid,44,9.74,915,23,366,983.97,1,0,6,4,83,8,51,4,Monthly,0,0
3519,54,Female,Kolkata,Postpaid,47,83.18,331,110,127,875.81,1,0,9,0,97,5,14,5,Two-Year,1,0
3520,21,Male,Delhi,Prepaid,64,85.46,385,58,350,794.82,3,5,9,4,91,32,24,1,Annual,1,1
3521,67,Female,Kolkata,Prepaid,53,22.76,418,142,146,346.51,1,4,6,0,72,32,30,3,Two-Year,0,0
3522,41,Male,Kolkata,Prepaid,44,7.41,720,148,284,976.37,5,5,2,0,43,44,58,8,Two-Year,0,0
3523,36,Male,Mumbai,Postpaid,28,74.14,497,108,468,768.69,7,4,9,4,61,6,51,6,Monthly,0,0
3524,53,Male,Chennai,Prepaid,2,21.94,352,19,217,644.7,4,3,2,4,30,41,52,3,Annual,1,0
3525,56,Male,Kolkata,Postpaid,57,39.95,249,52,435,929.62,4,3,4,3,15,17,50,7,Monthly,1,0
3526,27,Male,Bangalore,Postpaid,57,7.35,148,143,219,245.96,2,1,4,2,94,5,57,6,Two-Year,0,0
3527,42,Female,Kolkata,Postpaid,34,23.4,131,38,144,225.11,6,5,8,3,92,44,15,5,Annual,1,1
3528,35,Female,Delhi,Prepaid,58,79.5,429,103,328,607.34,1,4,8,3,76,36,53,8,Monthly,1,0
3529,36,Male,Delhi,Prepaid,52,80.64,570,23,276,151.04,2,3,9,4,22,20,53,8,Two-Year,1,1
3530,53,Female,Delhi,Prepaid,29,21.5,313,74,241,697.59,3,3,4,5,13,25,4,3,Two-Year,1,0
3531,27,Male,Kolkata,Postpaid,35,34.26,124,119,59,316.67,2,5,4,3,1,14,13,8,Annual,1,0
3532,50,Male,Mumbai,Postpaid,48,14.29,352,100,97,207.12,6,1,5,5,11,43,5,10,Two-Year,1,0
3533,67,Male,Bangalore,Prepaid,33,8.34,260,79,330,468.55,1,0,7,4,57,29,31,9,Two-Year,0,0
3534,22,Female,Kolkata,Postpaid,9,99.22,16,40,374,519.35,7,2,5,1,91,10,12,10,Two-Year,1,0
3535,64,Male,Mumbai,Prepaid,48,65.9,740,67,403,253.44,6,1,5,0,95,7,30,3,Two-Year,0,0
3536,66,Male,Mumbai,Prepaid,67,54.67,598,97,368,137.38,4,2,8,2,55,4,49,8,Annual,0,1
3537,52,Female,Kolkata,Prepaid,36,76.78,188,9,180,472.65,7,1,0,5,23,7,10,8,Two-Year,1,0
3538,61,Female,Kolkata,Prepaid,71,84.17,154,29,113,783.57,3,1,3,1,36,4,30,7,Two-Year,1,0
3539,51,Female,Mumbai,Postpaid,44,80.86,425,102,494,886.78,1,0,9,5,28,9,26,8,Two-Year,0,0
3540,50,Male,Mumbai,Prepaid,60,2.64,675,16,102,187.79,7,3,9,0,41,14,44,1,Annual,1,0
3541,38,Male,Mumbai,Prepaid,63,19.49,130,141,335,572.21,7,4,1,0,17,37,6,3,Annual,0,0
3542,34,Female,Kolkata,Prepaid,5,65.84,133,88,318,337.06,7,1,8,2,2,49,27,6,Monthly,0,0
3543,39,Male,Mumbai,Prepaid,40,38.2,159,33,56,437.17,7,0,2,3,76,2,20,7,Annual,1,1
3544,65,Female,Delhi,Prepaid,19,98.27,406,113,284,940.1,7,2,9,0,12,40,28,7,Two-Year,1,0
3545,54,Female,Kolkata,Prepaid,47,66.88,390,31,128,416.87,7,5,1,2,28,9,20,6,Annual,1,1
3546,32,Male,Delhi,Prepaid,65,95.7,789,59,379,428.81,3,5,7,5,65,6,12,4,Annual,0,0
3547,52,Male,Chennai,Postpaid,67,20.94,848,137,465,288.46,0,3,3,5,58,23,45,5,Annual,0,0
3548,45,Female,Kolkata,Postpaid,18,86.53,10,56,314,964.02,7,5,1,5,91,25,21,9,Two-Year,1,0
3549,24,Female,Chennai,Postpaid,50,32.81,682,17,447,510.84,1,1,3,5,47,33,30,1,Monthly,1,0
3550,49,Female,Mumbai,Postpaid,30,98.97,253,46,85,613.35,0,2,6,5,3,7,49,2,Monthly,1,0
3551,28,Female,Mumbai,Prepaid,66,16.61,896,147,199,507.85,7,1,6,4,50,38,52,5,Monthly,1,0
3552,27,Male,Bangalore,Postpaid,5,52.12,407,83,70,327.63,2,5,0,0,4,4,10,5,Monthly,0,1
3553,26,Female,Mumbai,Postpaid,42,79.49,260,22,344,829.37,1,4,0,0,38,35,51,7,Annual,1,0
3554,31,Female,Chennai,Postpaid,5,43.83,888,54,477,125.62,0,5,2,3,40,42,5,8,Monthly,0,0
3555,30,Female,Mumbai,Prepaid,50,47.34,585,6,97,721.22,5,4,1,3,4,25,58,10,Annual,1,0
3556,42,Male,Kolkata,Postpaid,58,98.65,308,91,299,634.85,4,5,2,4,7,9,37,6,Annual,0,0
3557,19,Male,Mumbai,Postpaid,8,43.11,769,111,175,229.85,2,3,3,0,97,32,8,6,Monthly,0,1
3558,52,Female,Bangalore,Prepaid,31,60.8,963,145,232,249.31,1,2,6,3,55,35,30,5,Two-Year,0,0
3559,24,Male,Mumbai,Postpaid,12,6.4,306,51,371,693.3,1,4,1,2,24,30,17,5,Monthly,1,0
3560,38,Male,Chennai,Prepaid,21,84.38,986,93,74,380.92,4,0,6,5,90,37,3,8,Monthly,1,0
3561,35,Male,Chennai,Postpaid,62,65.17,973,16,142,339.16,4,3,4,5,51,49,21,5,Annual,1,0
3562,20,Female,Mumbai,Prepaid,33,41.0,509,17,418,153.24,6,1,7,0,51,24,16,6,Annual,0,0
3563,59,Female,Chennai,Postpaid,26,2.6,124,141,22,789.83,7,5,7,5,6,44,32,3,Monthly,1,0
3564,56,Male,Chennai,Postpaid,40,59.58,816,63,180,894.4,0,2,4,5,60,12,27,5,Monthly,1,0
3565,58,Female,Bangalore,Postpaid,65,2.25,10,47,44,837.86,0,2,9,2,99,0,51,9,Two-Year,1,0
3566,66,Female,Kolkata,Prepaid,59,1.12,562,78,468,519.43,0,5,7,1,95,35,6,3,Two-Year,0,1
3567,28,Male,Bangalore,Postpaid,15,61.99,694,27,91,580.56,6,0,8,4,84,35,42,8,Two-Year,1,0
3568,56,Male,Delhi,Prepaid,1,19.71,609,83,268,318.05,7,4,6,3,46,49,16,7,Annual,0,0
3569,41,Female,Bangalore,Prepaid,11,20.0,491,27,33,255.57,3,5,5,1,81,23,45,4,Two-Year,0,0
3570,63,Male,Mumbai,Prepaid,55,65.67,619,105,165,840.7,2,2,6,3,65,26,3,5,Annual,1,0
3571,36,Female,Kolkata,Prepaid,2,6.32,609,148,69,818.51,7,0,6,1,58,17,54,8,Annual,1,0
3572,21,Female,Mumbai,Postpaid,65,32.03,772,113,363,799.62,1,0,2,5,4,49,40,10,Monthly,0,0
3573,43,Male,Delhi,Postpaid,44,15.79,519,115,195,517.02,2,1,5,3,43,46,20,7,Two-Year,1,0
3574,55,Female,Kolkata,Postpaid,16,58.44,344,21,132,878.06,4,0,5,4,41,49,40,10,Monthly,0,0
3575,59,Female,Chennai,Prepaid,22,66.51,474,90,246,933.61,7,3,8,0,60,14,7,10,Monthly,0,0
3576,49,Male,Bangalore,Postpaid,18,72.39,150,43,381,395.51,5,2,0,2,62,16,59,2,Annual,0,0
3577,56,Male,Mumbai,Prepaid,47,26.27,592,45,167,302.23,2,3,6,1,49,28,11,8,Two-Year,1,0
3578,62,Male,Delhi,Prepaid,30,9.84,146,52,453,517.84,2,0,0,2,37,4,29,8,Monthly,0,0
3579,63,Female,Chennai,Prepaid,10,8.79,968,81,276,261.39,0,0,9,2,91,10,52,9,Annual,0,0
3580,53,Male,Bangalore,Postpaid,58,43.19,620,5,155,895.6,4,3,3,3,94,15,3,2,Monthly,1,1
3581,57,Male,Chennai,Postpaid,62,94.64,672,121,386,404.19,2,1,6,0,53,33,21,4,Two-Year,0,0
3582,54,Male,Bangalore,Prepaid,6,22.56,959,23,22,618.55,1,0,5,3,43,16,53,2,Annual,0,1
3583,50,Male,Kolkata,Postpaid,67,26.42,696,63,199,635.25,0,3,5,2,23,32,32,4,Two-Year,1,0
3584,53,Female,Chennai,Postpaid,41,10.99,176,111,274,563.49,6,3,4,5,62,49,30,3,Monthly,0,0
3585,20,Female,Chennai,Prepaid,43,60.95,352,142,458,240.87,2,2,6,4,96,48,39,7,Annual,1,0
3586,26,Male,Chennai,Prepaid,18,68.31,419,32,49,991.9,4,1,8,0,38,30,11,5,Monthly,1,0
3587,25,Female,Kolkata,Postpaid,58,64.65,778,38,457,255.34,7,4,5,0,11,17,17,7,Monthly,0,0
3588,50,Male,Delhi,Prepaid,60,86.25,919,43,185,776.36,5,3,9,5,62,24,25,2,Two-Year,1,1
3589,23,Male,Bangalore,Prepaid,27,49.16,745,130,475,812.23,7,2,6,2,8,4,50,4,Annual,0,0
3590,58,Female,Chennai,Postpaid,68,14.31,889,87,19,230.65,7,4,8,3,78,29,25,6,Monthly,1,0
3591,56,Female,Kolkata,Postpaid,22,29.65,851,110,491,939.85,1,2,6,5,86,44,9,5,Two-Year,0,0
3592,21,Male,Delhi,Prepaid,24,66.58,74,114,115,538.98,5,2,5,4,21,22,45,2,Two-Year,1,0
3593,30,Male,Bangalore,Postpaid,40,61.7,590,125,91,665.99,4,5,2,1,35,37,29,7,Annual,0,0
3594,66,Female,Kolkata,Prepaid,66,53.57,76,111,348,677.97,4,1,0,3,73,44,15,2,Monthly,0,1
3595,19,Male,Bangalore,Prepaid,40,68.61,442,135,455,554.46,4,0,9,0,27,17,19,9,Annual,1,1
3596,22,Female,Chennai,Postpaid,6,64.1,59,27,338,227.82,5,1,8,5,55,31,15,7,Annual,0,0
3597,61,Male,Delhi,Prepaid,18,88.25,323,149,52,776.58,3,4,6,3,98,29,39,3,Monthly,0,0
3598,44,Male,Kolkata,Prepaid,30,59.02,318,75,495,623.61,1,5,2,1,28,28,35,6,Annual,1,0
3599,49,Female,Delhi,Prepaid,21,78.08,612,111,122,206.81,4,1,9,4,4,35,56,5,Annual,1,0
3600,38,Female,Chennai,Postpaid,62,25.62,124,50,340,730.29,3,0,8,5,3,8,40,9,Annual,1,0
3601,25,Female,Delhi,Postpaid,10,68.14,895,74,337,732.49,0,1,2,4,50,22,13,3,Two-Year,0,0
3602,55,Female,Delhi,Postpaid,13,90.32,578,35,264,593.64,3,1,2,1,14,2,16,2,Monthly,0,1
3603,25,Female,Mumbai,Prepaid,9,39.19,351,97,3,181.49,0,1,6,1,93,21,3,2,Annual,0,0
3604,67,Female,Delhi,Prepaid,68,78.13,539,141,168,417.38,5,3,1,2,59,39,53,4,Two-Year,1,0
3605,20,Female,Bangalore,Postpaid,39,72.75,793,122,280,145.83,6,3,9,0,25,44,31,1,Two-Year,0,1
3606,61,Male,Kolkata,Postpaid,24,6.89,651,85,289,529.84,6,1,6,2,22,30,55,9,Annual,0,0
3607,20,Male,Mumbai,Postpaid,34,58.57,504,64,72,915.8,3,0,6,3,28,21,1,3,Monthly,0,0
3608,39,Male,Kolkata,Prepaid,61,13.89,278,80,136,102.03,5,0,0,1,85,10,35,5,Two-Year,1,0
3609,23,Female,Kolkata,Postpaid,41,96.76,950,67,337,339.97,4,0,9,2,98,41,16,2,Annual,1,0
3610,19,Female,Chennai,Prepaid,5,81.33,89,104,255,819.87,3,0,1,0,56,42,1,8,Monthly,0,0
3611,40,Female,Chennai,Postpaid,50,11.86,465,52,458,108.87,3,5,4,0,61,2,50,3,Monthly,1,1
3612,61,Male,Mumbai,Prepaid,4,13.05,308,78,140,109.16,4,5,3,1,58,13,14,5,Annual,1,0
3613,19,Female,Chennai,Prepaid,51,59.85,977,62,485,649.74,0,2,2,5,47,45,7,7,Two-Year,0,0
3614,55,Female,Chennai,Postpaid,52,35.14,831,34,392,810.28,4,1,9,2,81,18,23,2,Monthly,1,0
3615,34,Male,Chennai,Prepaid,39,4.46,211,14,207,798.85,1,1,7,4,34,30,35,3,Monthly,1,0
3616,52,Female,Kolkata,Postpaid,8,54.62,512,43,259,801.62,6,2,6,1,45,35,29,8,Monthly,1,0
3617,51,Male,Mumbai,Prepaid,45,39.4,746,59,417,424.91,7,0,8,3,32,31,22,10,Monthly,0,0
3618,40,Male,Kolkata,Prepaid,28,11.01,680,32,262,894.45,7,4,2,2,70,25,16,8,Two-Year,1,0
3619,47,Female,Bangalore,Postpaid,27,80.39,725,122,270,111.55,6,4,9,2,97,0,29,3,Two-Year,1,0
3620,69,Female,Kolkata,Prepaid,65,91.59,658,118,37,380.97,3,2,0,1,9,1,6,10,Annual,0,1
3621,25,Female,Bangalore,Postpaid,34,75.9,494,79,202,403.47,1,4,8,5,87,5,18,7,Annual,0,0
3622,39,Male,Delhi,Postpaid,62,82.42,594,69,223,249.01,4,3,8,2,88,44,29,2,Two-Year,0,0
3623,61,Male,Delhi,Postpaid,62,22.43,569,85,346,402.6,6,1,0,2,47,13,25,9,Annual,0,0
3624,53,Male,Bangalore,Prepaid,38,27.09,27,104,477,627.3,5,4,7,3,43,27,45,8,Monthly,0,0
3625,22,Female,Bangalore,Prepaid,26,21.64,487,104,51,568.25,4,5,9,5,90,32,56,9,Two-Year,1,0
3626,30,Female,Kolkata,Prepaid,24,76.74,497,50,80,387.48,2,5,0,3,69,24,2,9,Monthly,0,0
3627,46,Female,Bangalore,Postpaid,39,94.84,992,64,355,774.39,1,3,5,4,62,39,44,7,Two-Year,1,0
3628,48,Female,Mumbai,Postpaid,21,71.97,788,141,210,743.31,6,1,8,3,48,17,32,4,Two-Year,0,0
3629,64,Male,Delhi,Prepaid,47,88.27,455,101,6,352.63,2,3,2,4,71,45,36,5,Annual,1,0
3630,33,Male,Delhi,Prepaid,48,64.23,349,7,362,390.91,1,1,5,3,84,33,32,7,Two-Year,0,0
3631,59,Male,Bangalore,Postpaid,13,39.38,540,140,44,358.77,7,1,2,4,40,11,41,5,Annual,1,1
3632,47,Male,Chennai,Prepaid,3,43.15,621,118,314,215.97,5,4,4,5,82,26,20,10,Two-Year,0,1
3633,33,Female,Chennai,Postpaid,32,8.46,125,120,377,777.5,2,5,6,3,97,23,55,8,Monthly,1,0
3634,29,Female,Bangalore,Prepaid,35,4.11,867,62,276,141.65,2,2,9,3,38,32,37,5,Monthly,1,0
3635,34,Female,Mumbai,Postpaid,19,69.85,83,74,411,235.52,1,4,3,1,22,14,42,5,Monthly,0,1
3636,33,Male,Chennai,Prepaid,14,44.4,801,97,258,194.77,4,0,3,3,12,42,38,5,Monthly,1,0
3637,29,Male,Bangalore,Prepaid,48,55.67,278,144,141,842.81,0,3,6,4,52,31,33,4,Monthly,1,1
3638,25,Female,Mumbai,Postpaid,68,56.21,646,141,257,139.61,4,0,4,1,91,49,52,7,Monthly,0,1
3639,37,Female,Mumbai,Postpaid,45,28.46,125,109,284,698.16,0,1,0,4,69,16,5,2,Two-Year,1,0
3640,20,Male,Kolkata,Postpaid,19,48.11,695,53,401,140.03,1,4,9,3,56,34,6,10,Annual,1,0
3641,33,Female,Mumbai,Prepaid,64,47.61,702,87,36,807.8,3,0,1,3,75,46,22,4,Two-Year,0,1
3642,47,Male,Chennai,Postpaid,66,39.45,747,21,428,921.44,4,0,5,4,66,44,21,3,Monthly,1,0
3643,62,Male,Chennai,Postpaid,66,82.25,678,58,44,538.16,2,5,8,5,47,34,19,10,Monthly,0,0
3644,40,Male,Bangalore,Prepaid,45,45.67,173,116,407,824.09,4,0,6,5,19,12,43,8,Two-Year,1,0
3645,45,Female,Bangalore,Postpaid,67,60.76,592,53,119,735.77,7,5,3,5,61,8,15,7,Annual,1,0
3646,68,Female,Mumbai,Postpaid,69,89.66,231,148,45,816.07,1,5,1,2,44,9,34,3,Annual,1,1
3647,57,Male,Delhi,Postpaid,3,86.76,135,89,139,790.1,7,1,3,1,62,0,47,4,Annual,1,0
3648,22,Female,Kolkata,Prepaid,38,89.15,666,16,52,284.83,3,5,4,1,7,33,7,4,Annual,0,0
3649,37,Male,Delhi,Prepaid,42,27.73,185,130,300,549.6,3,1,1,5,25,45,17,10,Monthly,0,1
3650,57,Male,Mumbai,Prepaid,40,4.46,982,102,287,964.37,4,5,0,3,37,36,44,7,Monthly,1,1
3651,61,Male,Mumbai,Postpaid,50,26.85,673,140,273,409.18,4,5,3,1,91,24,44,8,Annual,1,1
3652,18,Male,Delhi,Prepaid,35,28.59,703,52,268,973.44,7,1,5,4,98,21,5,4,Two-Year,0,0
3653,47,Female,Kolkata,Postpaid,24,91.03,384,140,387,624.85,5,0,0,3,40,9,52,8,Two-Year,0,1
3654,38,Male,Delhi,Postpaid,17,65.28,868,32,278,515.45,4,3,0,1,1,25,39,1,Monthly,0,0
3655,37,Male,Bangalore,Postpaid,40,9.09,507,84,61,691.98,1,4,8,0,6,18,2,9,Two-Year,1,1
3656,23,Female,Chennai,Prepaid,66,14.4,94,14,53,834.26,0,4,4,1,24,39,27,7,Monthly,1,0
3657,39,Male,Bangalore,Prepaid,44,16.41,885,56,457,454.79,5,1,1,5,50,44,45,4,Monthly,1,1
3658,35,Male,Chennai,Postpaid,23,63.41,392,147,438,129.66,0,0,1,4,49,40,24,8,Annual,0,0
3659,25,Female,Mumbai,Postpaid,6,73.81,642,136,68,737.93,7,3,3,1,95,49,41,10,Annual,1,0
3660,56,Female,Kolkata,Prepaid,66,86.1,650,94,241,960.55,2,2,1,2,63,3,47,2,Annual,0,0
3661,49,Female,Delhi,Prepaid,21,94.12,472,66,423,662.49,6,1,3,5,11,39,28,8,Annual,0,1
3662,50,Male,Kolkata,Prepaid,35,20.97,460,111,269,269.57,1,2,5,2,52,4,58,10,Annual,1,1
3663,33,Female,Delhi,Postpaid,29,31.67,527,136,251,323.42,5,4,6,3,74,28,47,6,Annual,0,0
3664,29,Female,Bangalore,Prepaid,7,24.79,855,45,353,918.78,7,4,5,2,9,37,1,7,Two-Year,1,0
3665,55,Male,Bangalore,Prepaid,53,36.52,704,103,283,112.21,3,3,3,4,60,4,53,7,Annual,0,1
3666,69,Male,Delhi,Prepaid,37,91.55,559,59,455,593.87,5,3,9,0,54,0,52,2,Annual,1,0
3667,51,Male,Kolkata,Postpaid,23,57.94,938,32,463,242.81,2,2,2,0,98,27,21,2,Monthly,1,0
3668,31,Male,Delhi,Prepaid,8,74.08,125,105,350,354.49,3,4,3,3,67,18,57,4,Monthly,0,0
3669,53,Male,Mumbai,Postpaid,48,49.52,623,51,70,376.28,5,3,4,3,41,35,28,6,Annual,0,0
3670,50,Female,Bangalore,Postpaid,10,3.86,17,141,322,297.35,7,3,3,2,65,0,3,4,Monthly,1,0
3671,40,Female,Mumbai,Postpaid,24,7.36,227,134,412,813.12,3,4,2,4,43,28,30,6,Two-Year,1,0
3672,67,Female,Bangalore,Prepaid,47,54.25,728,121,99,398.99,4,4,0,2,27,35,1,5,Two-Year,0,1
3673,62,Male,Bangalore,Prepaid,53,72.16,599,112,60,410.94,3,0,2,4,77,31,59,6,Two-Year,1,0
3674,19,Male,Chennai,Prepaid,39,22.32,889,73,102,507.71,5,5,4,4,57,13,51,9,Two-Year,1,0
3675,58,Male,Mumbai,Postpaid,67,72.47,413,32,451,912.07,3,3,5,0,92,31,52,6,Annual,0,0
3676,38,Female,Mumbai,Prepaid,66,81.26,576,83,392,719.36,1,2,3,4,1,45,45,6,Two-Year,0,0
3677,19,Female,Chennai,Postpaid,6,41.78,313,18,118,155.57,4,1,0,1,54,8,47,8,Two-Year,0,0
3678,44,Male,Kolkata,Prepaid,21,74.9,476,50,16,135.34,4,1,9,4,33,18,45,5,Two-Year,1,0
3679,26,Female,Mumbai,Prepaid,36,41.0,961,145,304,609.75,2,4,6,0,96,10,18,5,Two-Year,1,0
3680,18,Male,Delhi,Prepaid,3,68.16,749,20,190,898.35,4,5,8,5,19,47,49,10,Monthly,0,0
3681,28,Female,Chennai,Prepaid,42,76.64,97,85,211,390.93,0,2,5,2,46,3,33,1,Two-Year,0,0
3682,20,Female,Mumbai,Postpaid,45,99.2,19,62,77,322.99,1,0,5,4,93,40,15,6,Two-Year,0,0
3683,69,Female,Kolkata,Postpaid,44,35.19,317,52,45,773.37,2,3,8,1,25,24,24,1,Monthly,1,1
3684,40,Male,Mumbai,Postpaid,33,41.69,443,53,92,641.88,0,0,3,3,83,16,36,8,Monthly,1,0
3685,43,Female,Bangalore,Postpaid,60,17.4,811,93,376,608.52,3,2,4,2,0,46,34,10,Annual,1,0
3686,21,Female,Delhi,Prepaid,70,21.2,173,134,12,234.37,6,0,4,3,64,7,26,9,Monthly,0,1
3687,35,Male,Chennai,Postpaid,26,69.65,248,18,227,258.37,0,4,4,1,88,44,51,6,Monthly,0,0
3688,23,Female,Bangalore,Postpaid,21,91.79,326,107,300,353.61,2,1,7,0,96,0,40,9,Monthly,1,0
3689,52,Male,Kolkata,Postpaid,2,40.07,665,125,436,286.16,4,4,0,5,86,1,22,2,Two-Year,0,0
3690,39,Male,Bangalore,Prepaid,47,18.8,344,149,16,974.3,1,3,9,0,74,9,16,9,Annual,0,0
3691,60,Male,Bangalore,Postpaid,30,29.22,27,127,302,116.75,6,4,9,5,14,26,40,4,Annual,0,0
3692,32,Male,Kolkata,Postpaid,27,46.05,80,142,61,663.45,2,2,2,2,13,26,42,3,Two-Year,1,0
3693,39,Male,Bangalore,Prepaid,71,29.77,184,74,433,565.84,0,2,7,4,54,12,16,1,Annual,0,1
3694,54,Female,Chennai,Prepaid,20,24.12,863,107,42,390.93,6,3,8,4,0,10,5,1,Two-Year,0,1
3695,69,Male,Mumbai,Postpaid,50,73.86,809,106,67,898.83,0,3,1,3,32,13,51,8,Monthly,0,0
3696,59,Male,Bangalore,Postpaid,23,1.78,820,68,379,703.15,7,1,3,0,69,31,6,2,Two-Year,0,0
3697,29,Male,Chennai,Prepaid,13,54.38,348,22,211,998.52,2,0,7,4,55,15,42,1,Two-Year,1,0
3698,64,Male,Mumbai,Postpaid,4,79.58,945,67,202,251.79,6,1,4,5,22,28,24,2,Monthly,1,0
3699,66,Female,Mumbai,Prepaid,14,27.36,257,53,489,179.08,5,4,0,4,53,37,30,3,Monthly,1,0
3700,59,Male,Bangalore,Postpaid,20,60.73,202,60,213,225.46,5,0,5,0,89,33,37,4,Annual,1,0
3701,55,Female,Chennai,Postpaid,13,67.22,428,95,108,342.36,2,3,8,0,2,25,32,9,Two-Year,0,1
3702,35,Male,Bangalore,Postpaid,3,65.85,334,62,455,475.11,5,2,8,1,45,4,53,7,Monthly,1,0
3703,62,Female,Kolkata,Postpaid,47,45.14,315,59,283,876.34,2,4,0,3,5,18,19,5,Annual,0,0
3704,52,Male,Mumbai,Postpaid,3,35.31,789,89,428,355.23,4,1,3,0,24,38,51,5,Two-Year,0,1
3705,47,Male,Bangalore,Prepaid,1,83.76,213,23,424,923.72,6,5,0,1,16,27,45,6,Monthly,0,0
3706,41,Female,Mumbai,Prepaid,24,76.09,862,107,93,516.62,2,5,6,0,27,27,28,1,Monthly,0,0
3707,59,Male,Chennai,Postpaid,35,32.8,132,116,224,682.36,3,3,2,2,31,16,47,6,Two-Year,1,0
3708,47,Female,Delhi,Postpaid,14,11.2,579,112,224,337.97,1,0,1,5,92,36,8,6,Monthly,1,0
3709,31,Male,Bangalore,Postpaid,67,8.11,860,51,238,240.41,1,5,7,5,22,43,43,5,Two-Year,0,1
3710,23,Female,Bangalore,Prepaid,13,10.33,456,111,117,882.51,3,0,8,2,15,18,1,10,Two-Year,1,0
3711,20,Male,Mumbai,Prepaid,47,58.7,722,88,419,198.56,0,2,6,2,95,26,4,9,Two-Year,1,0
3712,33,Male,Chennai,Prepaid,50,6.11,500,132,90,796.62,0,3,5,0,25,49,57,10,Monthly,0,0
3713,24,Female,Kolkata,Prepaid,26,34.36,442,62,339,622.89,0,3,9,4,32,11,22,10,Monthly,1,1
3714,69,Male,Chennai,Prepaid,3,75.57,633,147,288,875.02,7,4,5,4,57,2,22,5,Two-Year,0,0
3715,31,Male,Bangalore,Prepaid,51,30.14,137,148,280,746.04,6,4,8,2,47,3,30,9,Annual,0,1
3716,26,Male,Kolkata,Prepaid,40,76.57,557,101,491,353.5,0,0,4,3,82,46,58,10,Two-Year,0,0
3717,32,Male,Chennai,Prepaid,68,74.8,755,51,490,616.98,4,5,4,5,54,46,27,7,Two-Year,1,0
3718,38,Male,Delhi,Postpaid,36,25.34,831,144,18,111.77,3,5,1,1,40,10,27,3,Two-Year,0,0
3719,52,Male,Mumbai,Prepaid,51,73.15,56,107,174,527.7,1,1,5,2,61,33,13,9,Annual,0,1
3720,19,Female,Chennai,Prepaid,1,75.03,514,88,468,177.41,3,0,5,5,16,17,39,10,Monthly,0,0
3721,44,Female,Chennai,Prepaid,33,40.35,124,53,105,486.05,1,5,5,1,58,34,27,7,Monthly,1,0
3722,19,Female,Delhi,Prepaid,7,21.83,425,135,288,198.65,0,4,3,1,13,17,39,4,Two-Year,0,0
3723,52,Male,Bangalore,Postpaid,52,52.61,776,116,247,959.93,4,4,6,2,81,45,38,9,Two-Year,0,0
3724,35,Female,Mumbai,Prepaid,11,92.22,232,64,322,570.76,2,4,8,4,20,5,57,6,Monthly,0,0
3725,31,Male,Chennai,Postpaid,27,64.32,645,70,141,921.9,2,0,0,3,62,33,8,9,Two-Year,0,0
3726,37,Male,Kolkata,Postpaid,14,18.12,958,91,462,120.13,5,3,2,5,45,32,12,4,Monthly,1,0
3727,35,Male,Chennai,Postpaid,46,68.59,512,130,416,673.89,0,1,9,2,54,7,24,10,Annual,0,0
3728,27,Male,Mumbai,Prepaid,10,43.29,681,30,297,376.26,0,1,8,1,61,41,18,2,Two-Year,1,1
3729,42,Female,Chennai,Prepaid,24,59.56,967,75,469,488.65,3,4,4,5,38,19,55,9,Monthly,0,1
3730,19,Male,Delhi,Prepaid,61,73.67,942,78,192,885.78,4,2,5,0,41,49,15,10,Monthly,1,0
3731,42,Female,Chennai,Postpaid,18,51.98,105,51,350,982.02,4,0,7,0,47,19,16,4,Annual,0,0
3732,50,Male,Chennai,Postpaid,9,81.58,116,80,302,321.84,7,5,8,5,27,42,33,2,Two-Year,1,0
3733,53,Female,Kolkata,Postpaid,17,72.49,641,100,290,953.43,3,5,7,5,83,17,10,7,Annual,1,0
3734,48,Female,Delhi,Postpaid,58,61.89,622,35,372,719.85,4,3,2,1,5,26,47,7,Monthly,0,1
3735,31,Female,Delhi,Prepaid,13,15.93,624,26,467,956.27,6,4,9,2,58,47,24,5,Monthly,0,0
3736,18,Female,Chennai,Prepaid,50,83.76,687,21,415,606.13,6,2,0,4,89,4,45,5,Annual,0,1
3737,63,Female,Kolkata,Prepaid,6,93.65,935,140,438,964.68,4,4,4,2,69,6,19,8,Annual,1,0
3738,33,Female,Chennai,Postpaid,51,14.56,707,102,437,903.21,6,2,6,3,38,21,27,6,Annual,1,0
3739,63,Male,Chennai,Postpaid,36,49.34,41,53,331,215.73,7,1,1,5,56,33,45,1,Two-Year,1,0
3740,69,Female,Mumbai,Prepaid,71,26.63,502,91,434,379.71,2,2,0,0,53,42,41,4,Monthly,1,0
3741,20,Male,Mumbai,Prepaid,25,75.7,75,42,207,318.76,4,1,3,1,59,12,31,1,Two-Year,0,1
3742,52,Female,Kolkata,Postpaid,11,72.44,188,57,442,614.89,6,1,2,4,89,31,21,5,Two-Year,1,1
3743,58,Male,Bangalore,Prepaid,44,14.95,788,32,455,822.52,0,0,3,2,16,23,16,5,Annual,0,0
3744,23,Female,Mumbai,Prepaid,14,87.83,452,81,247,783.47,2,2,0,3,39,15,23,4,Two-Year,1,0
3745,42,Female,Bangalore,Postpaid,29,18.92,925,143,141,754.07,0,3,1,2,65,13,14,9,Two-Year,0,0
3746,30,Male,Delhi,Postpaid,50,79.93,558,22,401,437.74,0,3,0,3,84,38,23,8,Annual,1,0
3747,51,Female,Mumbai,Postpaid,5,46.24,210,54,383,225.67,6,2,2,2,53,6,41,10,Annual,1,0
3748,25,Female,Mumbai,Prepaid,72,33.5,879,93,310,289.53,6,0,3,4,70,43,18,3,Annual,0,0
3749,38,Female,Kolkata,Postpaid,69,16.67,58,49,221,767.51,3,3,0,4,43,11,36,5,Monthly,1,0
3750,51,Male,Bangalore,Prepaid,57,17.59,796,131,224,232.78,5,4,5,1,83,19,12,6,Monthly,1,1
3751,21,Female,Mumbai,Prepaid,26,66.53,960,97,353,300.65,4,3,1,4,66,32,56,5,Two-Year,1,0
3752,42,Male,Mumbai,Postpaid,6,55.49,689,25,183,482.1,4,0,9,3,56,5,37,8,Two-Year,0,0
3753,32,Female,Kolkata,Prepaid,16,13.09,272,80,363,164.9,4,1,4,1,35,39,11,5,Monthly,1,0
3754,21,Female,Kolkata,Postpaid,60,12.16,142,95,304,291.42,4,1,7,4,56,26,5,8,Two-Year,0,1
3755,62,Male,Bangalore,Postpaid,12,8.16,819,100,481,234.79,6,1,3,0,42,12,51,10,Annual,1,0
3756,29,Female,Delhi,Prepaid,3,74.63,353,100,187,956.19,2,0,4,3,43,4,21,10,Monthly,1,0
3757,49,Female,Delhi,Prepaid,63,71.48,185,79,112,272.37,1,1,8,1,61,23,32,3,Two-Year,0,0
3758,49,Male,Chennai,Postpaid,64,6.78,400,114,180,875.59,0,1,1,3,82,9,29,5,Two-Year,0,1
3759,45,Female,Mumbai,Postpaid,62,56.47,20,86,198,203.32,5,0,1,1,60,45,7,4,Two-Year,0,0
3760,30,Male,Bangalore,Postpaid,6,9.38,210,132,389,882.71,7,4,5,3,93,31,36,6,Monthly,1,0
3761,48,Male,Mumbai,Postpaid,19,90.47,954,107,69,639.49,5,3,5,0,10,8,40,3,Monthly,0,1
3762,31,Male,Bangalore,Postpaid,18,90.8,935,137,85,864.74,1,0,2,4,76,48,27,10,Monthly,1,1
3763,37,Female,Bangalore,Postpaid,43,70.13,818,148,391,880.61,7,0,8,2,32,34,6,4,Annual,1,0
3764,35,Male,Bangalore,Prepaid,3,92.69,12,143,484,636.74,7,2,0,2,65,43,38,4,Two-Year,0,0
3765,46,Male,Mumbai,Prepaid,72,81.33,223,39,398,925.92,1,1,2,2,22,11,54,5,Two-Year,1,0
3766,23,Female,Kolkata,Prepaid,38,83.03,817,116,409,626.9,7,5,7,1,48,10,4,6,Annual,1,0
3767,49,Male,Mumbai,Prepaid,68,57.4,316,91,38,741.31,1,4,7,4,19,35,46,2,Monthly,1,0
3768,46,Female,Bangalore,Postpaid,44,31.3,989,123,130,474.47,6,5,3,5,93,7,35,10,Monthly,1,0
3769,60,Female,Chennai,Prepaid,63,22.56,553,102,440,922.66,2,2,7,1,14,9,10,8,Monthly,0,1
3770,19,Female,Delhi,Prepaid,42,33.39,569,85,9,841.75,1,4,9,1,65,13,54,4,Annual,1,0
3771,40,Female,Bangalore,Postpaid,64,63.22,336,142,2,250.04,7,1,7,1,29,29,38,7,Two-Year,1,1
3772,36,Male,Chennai,Prepaid,54,18.09,773,86,477,618.75,7,5,0,5,88,0,50,7,Annual,0,1
3773,48,Male,Kolkata,Postpaid,71,26.61,208,140,301,907.14,2,1,2,1,3,11,30,10,Two-Year,0,0
3774,68,Male,Bangalore,Postpaid,37,47.34,925,30,149,813.76,6,1,0,4,63,4,42,2,Two-Year,1,0
3775,22,Male,Chennai,Postpaid,4,24.07,610,7,66,966.3,3,3,1,2,64,13,9,7,Two-Year,0,0
3776,36,Male,Bangalore,Postpaid,2,59.28,118,63,192,308.17,7,4,3,3,7,35,16,1,Annual,0,0
3777,51,Female,Mumbai,Postpaid,44,92.39,300,120,96,430.71,7,4,2,1,51,16,52,2,Monthly,1,1
3778,27,Male,Chennai,Prepaid,67,75.06,117,135,18,556.47,3,2,5,4,13,21,4,5,Monthly,0,0
3779,42,Male,Mumbai,Prepaid,68,66.98,417,134,483,309.4,5,0,4,0,57,30,26,8,Annual,1,0
3780,19,Male,Mumbai,Prepaid,62,58.69,561,149,317,454.64,3,1,4,3,10,25,29,7,Two-Year,1,1
3781,28,Female,Chennai,Postpaid,1,49.31,982,40,97,583.79,2,1,9,1,58,12,28,3,Annual,1,0
3782,67,Female,Delhi,Prepaid,17,19.47,61,90,56,272.21,2,5,6,1,23,2,11,10,Monthly,0,0
3783,48,Male,Chennai,Prepaid,16,89.58,121,102,350,331.02,0,2,6,3,87,42,28,9,Annual,1,0
3784,32,Female,Delhi,Prepaid,9,25.61,304,128,106,212.36,7,4,8,3,31,10,44,5,Two-Year,1,1
3785,26,Male,Bangalore,Prepaid,53,10.04,589,77,87,742.04,1,3,7,1,88,4,32,3,Monthly,1,1
3786,40,Male,Bangalore,Postpaid,59,75.25,198,114,459,425.4,4,4,2,4,45,37,24,7,Two-Year,0,0
3787,36,Female,Chennai,Prepaid,9,18.39,853,126,140,298.24,4,3,1,0,27,3,51,4,Annual,0,0
3788,26,Female,Bangalore,Postpaid,12,37.82,730,134,143,556.59,1,3,0,4,15,31,42,1,Two-Year,1,1
3789,52,Male,Kolkata,Postpaid,41,3.8,74,31,399,161.42,4,4,9,5,41,9,39,5,Annual,1,1
3790,38,Male,Mumbai,Prepaid,15,14.57,583,72,370,931.07,4,5,5,2,15,9,7,8,Monthly,0,0
3791,26,Female,Mumbai,Postpaid,66,18.15,474,18,374,365.02,6,1,3,2,99,43,18,4,Monthly,1,0
3792,45,Male,Delhi,Postpaid,11,6.39,267,102,51,897.82,4,3,2,2,11,17,3,7,Monthly,0,0
3793,63,Female,Bangalore,Postpaid,8,66.01,655,27,211,547.86,5,5,1,1,75,46,44,8,Two-Year,1,1
3794,68,Male,Delhi,Postpaid,55,83.86,643,119,40,865.14,7,2,1,0,61,22,46,9,Annual,0,0
3795,24,Female,Mumbai,Postpaid,6,37.96,340,116,303,322.36,7,2,3,0,33,17,20,9,Annual,1,0
3796,33,Male,Mumbai,Postpaid,53,87.58,510,100,90,257.74,7,3,0,5,37,34,34,5,Annual,1,0
3797,33,Male,Bangalore,Postpaid,20,22.12,692,82,38,864.47,2,1,5,1,83,2,30,6,Two-Year,0,0
3798,50,Female,Kolkata,Prepaid,39,33.21,219,65,12,291.63,2,3,9,1,46,0,9,7,Annual,0,0
3799,21,Male,Kolkata,Prepaid,72,15.92,817,89,387,771.58,2,2,4,1,78,16,10,10,Monthly,0,0
3800,21,Male,Bangalore,Postpaid,34,62.44,98,75,95,410.13,1,2,9,0,21,41,59,2,Annual,1,0
3801,56,Female,Bangalore,Postpaid,57,42.57,688,89,108,773.37,3,4,8,1,79,5,6,9,Two-Year,0,0
3802,57,Male,Delhi,Prepaid,19,61.72,37,54,103,916.88,5,1,1,3,87,10,17,1,Monthly,0,0
3803,34,Male,Bangalore,Prepaid,71,76.41,247,144,353,983.47,5,4,8,3,2,13,15,6,Monthly,0,0
3804,54,Male,Kolkata,Prepaid,31,55.02,345,19,230,423.83,4,5,8,3,0,48,33,6,Two-Year,0,0
3805,56,Female,Bangalore,Prepaid,40,63.14,72,149,42,430.77,7,5,9,1,52,27,56,7,Monthly,0,1
3806,69,Female,Delhi,Postpaid,14,93.59,969,38,208,983.25,0,5,8,3,63,38,59,2,Annual,0,0
3807,46,Female,Delhi,Postpaid,37,30.61,776,39,87,875.38,2,0,9,5,43,35,54,6,Two-Year,1,0
3808,69,Male,Delhi,Prepaid,44,36.56,917,43,92,140.58,6,5,9,1,46,10,13,6,Annual,0,0
3809,53,Male,Delhi,Prepaid,9,72.05,562,137,173,616.1,5,3,3,5,37,40,42,9,Two-Year,0,0
3810,55,Male,Chennai,Prepaid,58,61.52,509,34,475,263.12,5,4,4,3,62,39,44,8,Two-Year,0,0
3811,56,Male,Bangalore,Prepaid,20,18.67,550,136,125,994.61,0,5,7,1,80,3,55,5,Two-Year,1,0
3812,67,Female,Mumbai,Postpaid,50,38.24,800,147,108,225.03,4,1,7,4,40,47,22,7,Annual,0,0
3813,54,Male,Bangalore,Prepaid,20,47.32,478,107,46,603.41,5,5,0,2,20,5,16,7,Two-Year,1,0
3814,69,Male,Chennai,Prepaid,36,42.52,601,78,213,698.68,7,3,9,4,44,37,34,5,Monthly,0,0
3815,52,Male,Delhi,Prepaid,27,18.65,60,59,91,943.36,5,3,0,2,12,18,3,7,Annual,1,0
3816,24,Female,Chennai,Postpaid,72,92.52,121,64,180,862.53,3,3,9,2,65,30,8,3,Two-Year,0,0
3817,44,Male,Kolkata,Postpaid,32,76.47,882,28,408,321.18,0,3,5,3,65,1,20,7,Two-Year,1,0
3818,45,Male,Kolkata,Postpaid,1,48.65,310,26,40,615.36,6,3,6,2,42,42,47,6,Annual,1,1
3819,39,Male,Bangalore,Prepaid,17,68.33,99,36,258,958.22,6,1,1,2,61,24,24,6,Monthly,0,0
3820,31,Male,Bangalore,Prepaid,9,89.83,238,99,120,762.15,4,0,1,4,88,49,51,2,Monthly,1,1
3821,24,Male,Mumbai,Prepaid,45,14.48,159,87,76,719.5,4,2,4,2,91,40,18,2,Two-Year,0,0
3822,54,Female,Mumbai,Postpaid,66,25.79,764,7,94,779.41,2,0,8,1,47,47,23,7,Two-Year,1,0
3823,39,Male,Kolkata,Postpaid,32,54.73,147,74,268,390.26,3,2,4,5,25,10,1,1,Monthly,1,0
3824,22,Male,Delhi,Prepaid,45,80.1,144,134,360,756.33,4,4,7,5,98,45,59,9,Two-Year,1,0
3825,19,Male,Chennai,Prepaid,9,4.59,466,92,17,309.57,7,3,7,1,91,39,51,3,Monthly,1,0
3826,44,Male,Mumbai,Postpaid,30,98.42,610,113,292,485.29,3,4,4,3,60,44,2,6,Monthly,0,0
3827,38,Male,Mumbai,Prepaid,38,46.04,503,63,170,900.94,2,4,7,4,61,41,5,3,Monthly,0,0
3828,55,Male,Delhi,Prepaid,60,36.56,536,81,161,117.07,7,2,7,0,96,43,18,9,Monthly,0,0
3829,32,Male,Delhi,Prepaid,1,29.98,342,18,464,472.89,6,1,4,5,81,20,16,10,Two-Year,1,0
3830,38,Male,Bangalore,Postpaid,5,18.26,371,55,310,340.14,0,3,4,4,13,2,10,7,Annual,1,1
3831,27,Male,Chennai,Prepaid,63,79.37,183,143,51,278.73,5,5,3,5,53,1,53,1,Annual,0,0
3832,40,Male,Delhi,Prepaid,36,95.59,611,82,468,854.72,5,4,0,0,40,10,29,4,Monthly,0,0
3833,56,Female,Mumbai,Prepaid,65,41.95,222,84,35,726.85,1,0,8,2,59,23,35,5,Two-Year,0,0
3834,22,Female,Mumbai,Prepaid,24,95.29,352,14,437,201.37,1,3,1,0,8,49,25,7,Annual,1,0
3835,18,Female,Kolkata,Postpaid,4,82.56,70,84,186,545.02,1,1,0,2,43,23,42,7,Annual,1,0
3836,30,Female,Delhi,Postpaid,68,48.62,885,128,369,520.22,5,3,5,5,55,20,57,5,Monthly,0,0
3837,38,Male,Bangalore,Postpaid,25,67.73,741,38,247,228.28,3,5,4,4,93,24,24,1,Monthly,0,0
3838,43,Female,Chennai,Prepaid,7,44.06,70,125,51,819.79,7,5,0,4,2,3,13,5,Two-Year,0,1
3839,67,Female,Bangalore,Postpaid,13,56.31,828,84,487,430.01,1,4,6,3,97,39,21,5,Annual,1,1
3840,62,Male,Mumbai,Prepaid,68,6.75,687,57,18,785.74,0,0,6,5,96,42,42,4,Monthly,1,1
3841,38,Female,Bangalore,Postpaid,43,69.93,533,22,395,272.86,4,4,2,3,90,46,43,6,Monthly,0,1
3842,35,Female,Mumbai,Prepaid,57,6.23,225,106,91,383.57,7,1,7,5,58,22,39,8,Two-Year,0,0
3843,54,Male,Mumbai,Postpaid,36,81.89,598,139,138,185.65,3,2,5,2,72,23,34,10,Monthly,1,0
3844,62,Male,Mumbai,Postpaid,14,82.67,753,102,303,229.13,5,5,3,5,12,20,19,5,Monthly,0,0
3845,49,Male,Mumbai,Postpaid,72,24.47,633,49,356,894.87,0,0,9,5,29,1,28,8,Monthly,0,0
3846,53,Female,Mumbai,Prepaid,27,33.04,587,39,219,198.2,6,5,9,2,52,22,27,5,Monthly,0,0
3847,34,Female,Kolkata,Prepaid,37,48.65,703,118,98,186.16,5,1,9,1,79,14,50,3,Monthly,1,0
3848,52,Male,Bangalore,Prepaid,71,60.07,432,25,235,946.34,3,1,2,1,50,25,26,8,Two-Year,0,0
3849,66,Male,Kolkata,Postpaid,25,29.45,725,100,206,681.31,3,5,0,5,41,25,11,4,Monthly,1,0
3850,28,Female,Kolkata,Prepaid,67,59.66,432,48,143,190.82,3,4,1,1,25,27,49,3,Annual,0,0
3851,38,Male,Delhi,Prepaid,4,30.48,380,84,492,974.55,2,5,1,4,58,25,35,3,Monthly,1,0
3852,69,Female,Delhi,Prepaid,16,6.49,215,60,198,232.39,4,4,4,5,68,44,20,6,Monthly,1,0
3853,43,Male,Delhi,Prepaid,19,1.25,295,142,302,789.71,7,5,3,0,90,1,12,8,Annual,0,0
3854,21,Male,Chennai,Prepaid,29,11.01,114,147,322,131.37,1,4,1,2,78,34,57,10,Annual,1,1
3855,51,Female,Delhi,Prepaid,51,79.43,763,59,286,662.09,2,2,8,3,91,31,28,5,Monthly,1,0
3856,69,Male,Bangalore,Postpaid,18,96.18,756,47,331,592.03,4,3,6,2,2,29,2,1,Two-Year,0,1
3857,65,Male,Kolkata,Postpaid,58,43.27,697,54,263,287.2,5,3,7,5,40,45,57,1,Annual,0,0
3858,35,Male,Bangalore,Prepaid,44,51.76,732,10,216,678.83,1,4,7,0,0,19,1,3,Two-Year,1,0
3859,57,Female,Delhi,Postpaid,16,15.54,552,66,188,655.35,6,4,1,2,64,12,9,6,Monthly,0,1
3860,52,Male,Chennai,Postpaid,65,55.55,756,59,43,818.52,2,2,4,3,69,26,22,2,Monthly,0,0
3861,58,Male,Chennai,Prepaid,2,15.32,251,144,433,888.29,2,3,2,3,74,22,56,1,Annual,0,1
3862,46,Male,Kolkata,Prepaid,56,61.51,500,120,290,559.09,7,2,9,0,49,15,51,7,Annual,0,0
3863,69,Male,Bangalore,Postpaid,28,93.39,674,35,459,541.27,0,1,8,3,79,30,40,2,Two-Year,0,1
3864,46,Male,Mumbai,Prepaid,65,20.37,717,78,188,659.44,7,5,8,4,96,11,27,8,Monthly,0,1
3865,55,Male,Bangalore,Postpaid,5,76.69,507,38,468,756.29,6,3,5,3,87,32,9,2,Annual,0,0
3866,59,Female,Delhi,Postpaid,22,3.33,444,14,473,420.55,6,4,3,0,58,37,7,1,Annual,1,1
3867,38,Female,Mumbai,Postpaid,13,38.17,790,56,438,554.18,2,0,7,0,95,44,36,10,Annual,0,0
3868,59,Male,Chennai,Prepaid,65,11.96,493,82,193,626.59,3,1,4,2,73,31,54,2,Two-Year,0,0
3869,30,Female,Kolkata,Postpaid,16,35.9,456,7,269,989.54,5,5,2,3,62,1,48,2,Monthly,0,1
3870,66,Female,Kolkata,Prepaid,64,18.18,393,139,365,628.94,6,0,7,3,24,49,38,7,Annual,0,1
3871,58,Male,Chennai,Prepaid,32,37.96,519,8,259,301.77,7,2,5,5,9,48,50,1,Annual,0,0
3872,34,Female,Delhi,Prepaid,51,42.33,179,52,400,629.19,2,5,4,5,76,22,2,3,Annual,0,1
3873,26,Female,Chennai,Prepaid,58,30.76,959,78,238,837.55,3,2,0,0,0,31,43,5,Monthly,1,0
3874,58,Female,Delhi,Prepaid,46,66.01,878,83,111,871.66,4,2,2,5,98,14,5,7,Two-Year,0,0
3875,18,Female,Mumbai,Postpaid,52,91.97,332,148,68,820.23,4,4,6,2,13,39,17,6,Two-Year,1,0
3876,19,Female,Chennai,Prepaid,63,40.66,857,8,407,899.39,7,2,2,2,20,40,37,8,Monthly,1,1
3877,65,Female,Delhi,Prepaid,60,20.04,483,8,48,401.29,6,0,0,4,57,39,58,1,Two-Year,1,0
3878,46,Female,Mumbai,Prepaid,65,27.8,241,124,310,556.81,3,1,7,4,37,7,35,7,Two-Year,1,0
3879,50,Female,Chennai,Prepaid,55,85.55,705,123,454,801.63,0,4,6,0,0,42,51,9,Annual,0,1
3880,27,Male,Kolkata,Prepaid,57,57.59,368,21,150,338.0,7,1,4,2,83,49,8,7,Two-Year,0,1
3881,67,Male,Chennai,Postpaid,71,46.05,284,100,238,434.42,0,2,9,2,4,48,43,6,Annual,0,0
3882,57,Female,Bangalore,Prepaid,26,15.81,951,74,336,848.04,4,3,4,4,43,21,3,9,Two-Year,1,0
3883,38,Female,Chennai,Prepaid,12,45.52,920,101,395,793.08,5,5,5,5,95,37,3,4,Annual,0,0
3884,45,Male,Bangalore,Postpaid,71,28.57,41,12,394,974.08,2,4,6,4,64,33,1,10,Monthly,1,0
3885,28,Female,Mumbai,Prepaid,46,94.37,186,118,114,996.38,7,2,2,0,56,0,24,6,Monthly,1,1
3886,51,Female,Chennai,Postpaid,47,88.52,926,9,74,316.67,6,4,3,2,44,9,45,6,Two-Year,0,0
3887,25,Male,Mumbai,Postpaid,38,9.31,74,51,97,910.4,6,3,0,0,59,39,30,10,Annual,1,0
3888,39,Male,Mumbai,Postpaid,21,52.15,719,44,382,185.06,4,0,6,4,65,15,42,3,Monthly,0,1
3889,25,Male,Delhi,Postpaid,14,23.28,36,126,110,738.82,4,0,9,3,94,23,26,7,Monthly,1,0
3890,66,Female,Mumbai,Prepaid,2,41.67,672,139,356,298.09,7,5,1,4,46,45,38,1,Two-Year,1,0
3891,32,Female,Mumbai,Prepaid,72,87.81,824,144,369,370.28,7,0,6,2,25,23,43,8,Annual,0,0
3892,34,Male,Chennai,Postpaid,70,53.22,488,98,284,951.69,3,3,5,0,8,47,40,8,Annual,1,1
3893,40,Male,Chennai,Postpaid,33,34.09,277,32,255,336.84,0,1,3,5,50,13,51,8,Monthly,0,0
3894,41,Female,Kolkata,Prepaid,6,21.58,606,81,317,705.86,5,3,1,5,93,25,43,9,Two-Year,0,0
3895,62,Male,Delhi,Postpaid,37,80.23,75,53,308,260.32,3,3,6,2,7,38,38,4,Monthly,0,0
3896,36,Female,Mumbai,Postpaid,14,62.83,142,90,116,184.05,4,2,6,4,4,17,44,6,Monthly,1,0
3897,22,Female,Delhi,Postpaid,37,47.34,914,58,175,405.39,1,0,4,4,38,19,50,7,Two-Year,0,0
3898,49,Male,Bangalore,Prepaid,8,22.53,925,22,227,661.78,2,4,8,1,67,40,3,2,Two-Year,0,0
3899,61,Male,Mumbai,Postpaid,13,34.09,375,31,346,323.15,4,5,2,4,39,35,13,6,Two-Year,0,0
3900,18,Female,Delhi,Prepaid,40,96.02,91,76,105,370.15,7,1,8,2,35,23,36,8,Annual,0,1
3901,40,Male,Kolkata,Prepaid,58,52.49,902,138,341,737.86,3,4,4,0,20,25,41,4,Two-Year,1,1
3902,54,Male,Kolkata,Prepaid,18,40.67,840,126,383,192.52,1,2,1,0,96,28,48,5,Two-Year,0,0
3903,25,Male,Mumbai,Postpaid,57,52.62,991,109,449,502.21,1,2,8,1,25,47,12,8,Monthly,0,0
3904,30,Male,Bangalore,Postpaid,38,78.12,337,73,238,947.56,4,1,0,5,74,21,20,3,Two-Year,0,0
3905,25,Female,Kolkata,Prepaid,32,34.67,107,75,99,457.27,5,4,0,2,84,10,39,6,Two-Year,0,0
3906,40,Female,Kolkata,Prepaid,66,18.69,594,121,175,490.78,0,1,6,4,85,40,44,1,Monthly,0,1
3907,60,Female,Bangalore,Prepaid,25,58.91,336,36,349,764.38,1,1,2,3,55,48,8,4,Annual,1,0
3908,18,Female,Delhi,Postpaid,58,66.86,551,113,442,801.11,6,0,7,0,56,10,53,6,Two-Year,0,0
3909,62,Male,Kolkata,Postpaid,33,71.56,134,101,454,792.65,7,4,6,2,58,2,47,3,Monthly,1,0
3910,68,Male,Chennai,Prepaid,66,88.32,219,5,440,998.08,7,0,6,1,6,20,2,1,Annual,0,0
3911,41,Female,Kolkata,Prepaid,30,37.75,996,112,248,164.31,2,0,0,3,41,10,11,6,Annual,1,0
3912,52,Female,Delhi,Postpaid,34,8.46,793,118,75,984.03,7,5,0,5,12,7,56,3,Two-Year,0,0
3913,41,Male,Delhi,Prepaid,69,95.88,734,45,2,955.17,3,0,1,2,83,30,21,8,Annual,1,0
3914,34,Female,Mumbai,Postpaid,48,44.07,142,12,80,866.93,3,3,1,4,78,9,37,7,Two-Year,1,0
3915,22,Female,Chennai,Postpaid,40,62.7,512,34,360,508.71,3,2,4,5,33,5,55,7,Annual,0,1
3916,37,Male,Delhi,Prepaid,51,66.96,166,50,287,883.81,6,2,8,0,99,16,6,8,Annual,1,1
3917,38,Female,Bangalore,Prepaid,13,55.1,568,109,7,298.75,4,3,6,4,52,37,19,7,Annual,0,0
3918,57,Male,Chennai,Postpaid,31,21.32,878,100,86,812.49,3,1,1,1,45,6,30,5,Two-Year,0,0
3919,48,Male,Chennai,Postpaid,39,75.76,884,65,485,266.71,6,4,4,0,56,31,46,10,Annual,1,0
3920,63,Female,Bangalore,Postpaid,63,80.57,391,145,285,833.83,3,4,4,3,60,12,39,8,Monthly,1,0
3921,53,Male,Kolkata,Postpaid,48,55.74,31,93,398,653.08,2,4,7,0,88,5,44,8,Monthly,1,0
3922,28,Female,Bangalore,Postpaid,48,49.37,983,130,73,188.23,6,0,8,4,55,2,49,8,Annual,0,0
3923,69,Male,Bangalore,Prepaid,61,12.28,962,65,438,905.79,0,4,7,5,28,26,36,10,Two-Year,1,0
3924,32,Female,Kolkata,Postpaid,12,9.31,604,124,122,620.16,5,4,1,2,91,44,20,6,Monthly,1,0
3925,36,Female,Kolkata,Postpaid,56,34.62,428,125,376,690.62,4,4,3,2,13,41,54,2,Annual,1,1
3926,24,Female,Kolkata,Postpaid,18,31.77,481,52,293,355.16,4,2,1,2,67,25,54,8,Monthly,0,0
3927,68,Male,Kolkata,Prepaid,27,95.41,243,63,142,884.47,3,3,5,1,70,3,10,10,Monthly,0,0
3928,45,Male,Kolkata,Prepaid,28,78.58,581,15,157,590.68,2,5,3,1,12,36,24,1,Monthly,1,0
3929,68,Female,Bangalore,Postpaid,52,66.33,463,29,429,479.01,1,1,6,2,16,20,33,9,Monthly,1,0
3930,60,Male,Mumbai,Postpaid,16,52.25,709,50,447,580.85,6,3,1,3,28,27,29,9,Monthly,1,1
3931,22,Female,Mumbai,Prepaid,58,17.57,579,58,409,732.98,3,4,8,4,80,17,55,6,Annual,0,0
3932,22,Female,Delhi,Prepaid,9,97.87,780,38,370,725.54,6,1,4,3,99,31,30,10,Monthly,1,0
3933,47,Male,Mumbai,Prepaid,26,38.13,171,88,108,421.82,3,1,0,2,82,38,36,6,Annual,1,0
3934,49,Female,Mumbai,Prepaid,28,11.59,310,139,333,446.73,4,3,2,4,89,32,45,6,Monthly,0,1
3935,25,Male,Bangalore,Postpaid,36,49.89,315,66,194,606.01,4,3,3,1,72,25,6,4,Two-Year,0,0
3936,27,Female,Kolkata,Prepaid,9,87.53,11,61,35,931.97,3,3,2,0,1,16,58,1,Annual,1,1
3937,55,Male,Kolkata,Postpaid,47,88.84,280,97,89,770.89,4,5,5,0,61,28,47,1,Two-Year,1,0
3938,64,Female,Bangalore,Postpaid,51,2.09,430,120,461,451.37,2,3,5,4,19,19,14,1,Two-Year,0,1
3939,49,Female,Mumbai,Prepaid,57,88.74,152,80,414,403.33,1,5,9,3,86,29,57,5,Monthly,1,0
3940,65,Male,Bangalore,Prepaid,32,27.88,709,137,461,571.27,1,0,6,4,81,49,3,7,Monthly,0,0
3941,45,Female,Delhi,Prepaid,67,4.86,873,80,295,882.99,6,2,8,3,55,4,24,1,Monthly,1,0
3942,34,Female,Kolkata,Prepaid,57,84.93,862,41,329,107.81,1,5,9,5,89,5,19,1,Monthly,1,0
3943,48,Male,Chennai,Postpaid,54,86.52,969,148,200,739.44,6,2,8,3,51,41,38,6,Monthly,1,0
3944,25,Female,Delhi,Postpaid,16,60.03,986,34,45,365.06,3,4,6,0,24,9,34,2,Two-Year,0,0
3945,57,Male,Delhi,Postpaid,62,57.87,745,46,487,287.56,5,0,0,1,61,5,9,2,Two-Year,1,0
3946,42,Female,Bangalore,Prepaid,56,81.5,888,65,106,110.92,3,1,2,2,16,9,30,7,Monthly,0,0
3947,26,Male,Mumbai,Postpaid,23,78.84,701,52,169,906.93,3,3,4,1,38,41,32,9,Monthly,1,0
3948,19,Female,Kolkata,Prepaid,17,89.12,544,88,145,921.02,2,4,9,2,9,20,13,8,Annual,0,0
3949,32,Female,Chennai,Postpaid,38,55.72,876,97,355,155.28,1,1,5,5,58,43,18,2,Annual,1,1
3950,67,Female,Delhi,Prepaid,72,96.8,46,72,419,569.63,4,2,5,0,24,3,44,7,Two-Year,0,1
3951,20,Male,Chennai,Postpaid,30,99.62,116,50,459,237.32,4,1,4,2,27,12,53,5,Two-Year,0,0
3952,66,Male,Mumbai,Postpaid,58,12.54,306,117,177,782.82,0,3,5,5,89,9,22,10,Two-Year,1,1
3953,53,Male,Mumbai,Prepaid,22,85.1,750,32,60,698.85,0,3,8,3,75,15,4,4,Monthly,0,0
3954,21,Male,Chennai,Postpaid,17,50.48,834,81,423,367.42,6,5,0,4,60,18,23,10,Two-Year,1,0
3955,31,Female,Kolkata,Postpaid,15,39.37,106,125,2,205.26,7,5,0,2,57,5,7,4,Two-Year,1,1
3956,58,Female,Mumbai,Prepaid,48,61.69,290,7,81,848.1,5,2,8,1,43,25,44,4,Two-Year,1,0
3957,58,Male,Chennai,Prepaid,32,6.54,119,41,262,706.83,6,3,7,0,82,8,55,9,Annual,0,1
3958,42,Male,Delhi,Prepaid,40,51.14,558,96,286,106.14,4,0,8,0,22,45,11,7,Two-Year,1,1
3959,67,Male,Chennai,Prepaid,57,87.22,561,87,320,665.08,1,4,6,5,77,9,39,7,Two-Year,1,1
3960,27,Female,Chennai,Prepaid,58,22.13,606,21,94,829.27,6,2,9,4,16,39,58,4,Annual,1,0
3961,38,Male,Bangalore,Postpaid,16,43.21,823,125,63,631.69,3,2,5,3,78,2,59,9,Two-Year,0,1
3962,53,Male,Mumbai,Prepaid,28,94.01,197,91,245,482.24,4,1,8,3,84,48,42,8,Monthly,1,0
3963,29,Female,Kolkata,Postpaid,1,43.43,761,44,76,625.53,5,2,1,0,37,18,41,10,Annual,1,0
3964,44,Female,Kolkata,Postpaid,41,36.48,879,77,476,657.74,5,4,3,3,29,34,34,4,Two-Year,1,1
3965,57,Male,Bangalore,Prepaid,48,44.61,497,33,258,676.03,4,0,1,5,18,45,5,6,Annual,1,1
3966,19,Female,Kolkata,Postpaid,31,52.43,363,46,92,970.34,7,1,5,4,31,5,42,4,Two-Year,0,0
3967,30,Male,Chennai,Postpaid,36,63.57,28,33,290,260.78,0,4,0,0,92,28,25,1,Two-Year,1,1
3968,49,Female,Bangalore,Prepaid,33,80.27,868,70,270,660.78,7,5,6,3,85,18,28,5,Annual,1,1
3969,48,Male,Delhi,Postpaid,33,45.76,402,128,20,269.19,1,2,6,2,19,49,14,10,Monthly,1,1
3970,33,Male,Mumbai,Prepaid,23,81.93,846,149,61,288.96,4,3,6,2,63,43,27,3,Annual,0,0
3971,49,Male,Mumbai,Prepaid,60,53.84,270,124,338,702.33,3,5,3,5,35,14,16,1,Monthly,1,1
3972,49,Male,Mumbai,Prepaid,30,34.51,994,113,411,924.36,3,3,7,3,64,37,27,2,Monthly,1,0
3973,51,Female,Chennai,Postpaid,45,66.14,419,96,259,243.14,2,4,4,2,82,20,2,2,Annual,1,0
3974,28,Female,Delhi,Postpaid,39,72.05,412,116,236,966.22,3,0,1,4,42,43,19,8,Two-Year,1,1
3975,27,Female,Bangalore,Postpaid,45,56.25,679,56,140,387.44,4,3,4,1,25,38,23,4,Monthly,1,0
3976,32,Female,Bangalore,Postpaid,12,6.6,493,64,462,452.18,4,4,9,4,6,22,41,3,Annual,1,0
3977,34,Male,Mumbai,Prepaid,32,17.82,313,98,434,238.31,3,1,8,5,33,19,14,4,Two-Year,0,0
3978,57,Male,Delhi,Postpaid,56,29.24,633,148,431,654.25,0,2,9,4,35,41,47,10,Two-Year,0,0
3979,35,Female,Delhi,Prepaid,24,28.98,665,102,166,636.78,1,0,0,3,5,49,51,1,Two-Year,1,0
3980,26,Female,Delhi,Postpaid,13,67.67,777,18,479,498.04,5,0,1,4,36,1,26,1,Annual,0,1
3981,42,Female,Kolkata,Postpaid,20,2.82,976,55,66,528.48,4,1,9,3,61,44,8,5,Annual,0,1
3982,57,Female,Kolkata,Postpaid,56,75.81,27,28,349,660.68,3,0,7,0,85,31,27,7,Two-Year,0,0
3983,31,Female,Mumbai,Postpaid,53,27.27,193,111,57,625.15,5,4,4,3,72,46,47,9,Two-Year,1,0
3984,42,Male,Delhi,Postpaid,68,31.69,414,77,211,436.84,3,0,8,5,59,27,40,7,Two-Year,1,0
3985,67,Male,Delhi,Prepaid,54,53.26,808,88,129,895.7,4,0,5,3,92,3,28,5,Two-Year,0,0
3986,39,Male,Bangalore,Postpaid,34,22.38,906,65,497,700.89,2,0,7,0,63,6,4,3,Annual,1,1
3987,69,Female,Bangalore,Postpaid,28,88.56,140,110,24,284.87,1,4,0,1,49,2,59,8,Two-Year,0,0
3988,47,Female,Mumbai,Postpaid,50,9.45,488,98,10,387.91,4,5,8,5,51,24,38,7,Monthly,1,0
3989,37,Female,Delhi,Postpaid,2,44.99,802,67,256,809.09,5,2,8,0,16,47,11,4,Monthly,0,1
3990,38,Female,Mumbai,Prepaid,26,85.09,766,99,303,194.07,3,3,2,3,59,8,44,1,Annual,1,0
3991,61,Male,Bangalore,Postpaid,51,61.97,17,39,368,775.21,2,5,0,5,76,22,24,3,Monthly,1,0
3992,49,Male,Bangalore,Prepaid,47,29.94,714,71,431,422.96,6,0,7,2,80,22,28,8,Monthly,0,1
3993,68,Female,Kolkata,Postpaid,26,42.66,327,60,393,596.52,4,1,7,3,53,48,41,2,Monthly,1,0
3994,63,Male,Mumbai,Prepaid,61,70.96,400,44,80,352.5,1,1,8,0,9,25,18,9,Annual,1,1
3995,66,Male,Mumbai,Prepaid,23,97.35,528,138,285,987.81,2,4,5,3,24,39,49,4,Monthly,0,0
3996,38,Female,Delhi,Prepaid,37,89.42,145,133,418,915.26,5,2,8,0,17,17,21,7,Two-Year,1,0
3997,52,Female,Delhi,Prepaid,41,34.9,540,28,369,935.6,7,0,9,4,63,23,26,10,Monthly,0,0
3998,49,Female,Kolkata,Prepaid,52,99.82,922,106,18,266.3,3,4,8,1,78,26,3,7,Monthly,0,0
3999,47,Female,Chennai,Postpaid,49,1.35,660,119,109,857.52,0,3,3,1,58,44,59,8,Monthly,0,0
4000,56,Female,Chennai,Prepaid,27,3.74,376,139,436,581.86,6,2,4,5,26,1,13,7,Two-Year,0,0
